transaction_id,amount,hour_of_day,distance_from_home_km,time_since_last_txn_min,num_txns_last_hour,merchant_risk_score,is_foreign_transaction,card_present,is_fraud
TXN100000,33.04,17,7.88,55.69,0,0.484,0,0,0
TXN100001,143.44,2,3.53,9.1,0,0.277,0,1,0
TXN100002,52.14,12,10.6,101.48,0,0.175,0,1,0
TXN100003,26.19,9,14.17,95.26,1,0.313,0,1,0
TXN100004,103.63,14,14.78,82.78,0,0.079,0,1,0
TXN100005,36.26,4,4.72,501.89,0,0.236,0,1,0
TXN100006,38.72,23,1.4,36.46,0,0.26,0,1,0
TXN100007,121.26,9,9.8,34.61,0,0.349,0,1,0
TXN100008,481.33,15,457.18,2.45,6,0.581,1,0,1
TXN100009,77.94,7,9.74,8.57,0,0.389,0,0,0
TXN100010,122.89,1,26.8,33.99,1,0.275,0,1,0
TXN100011,115.81,12,4.1,63.15,0,0.086,0,1,0
TXN100012,5.62,11,2.85,41.66,0,0.205,0,1,0
TXN100013,21.25,6,1.42,199.52,0,0.521,0,1,0
TXN100014,48.14,21,4.88,118.5,0,0.012,0,1,0
TXN100015,101.39,2,13.06,198.62,0,0.175,1,0,0
TXN100016,65.9,2,8.79,74.7,0,0.281,0,1,0
TXN100017,59.42,18,12.86,138.07,0,0.262,0,1,0
TXN100018,96.28,9,6.88,243.52,0,0.467,0,1,0
TXN100019,101.3,21,12.48,54.96,0,0.051,0,1,0
TXN100020,31.1,11,4.33,2.88,1,0.454,0,1,0
TXN100021,33.62,2,3.88,131.03,0,0.104,0,1,0
TXN100022,44.86,16,7.96,7.04,1,0.067,0,1,0
TXN100023,66.09,21,6.76,2.54,0,0.032,0,0,0
TXN100024,27.82,16,7.24,20.82,0,0.208,0,1,0
TXN100025,135.02,14,8.87,391.53,1,0.102,0,1,0
TXN100026,54.38,1,2.0,242.55,0,0.086,0,1,0
TXN100027,34.91,9,10.35,34.03,1,0.03,0,0,0
TXN100028,58.18,11,8.44,182.08,0,0.317,0,1,0
TXN100029,229.26,10,12.79,302.29,0,0.664,0,0,0
TXN100030,35.68,20,13.14,32.09,0,0.221,0,1,0
TXN100031,109.65,9,10.47,44.09,0,0.167,0,1,0
TXN100032,233.75054507401157,12,25.657315053443575,111.64,1,0.6781623560250585,0,1,0
TXN100033,27.49,20,8.33,68.36,0,0.485,0,0,0
TXN100034,64.5,8,12.71,104.93,0,0.203,0,1,0
TXN100035,51.31,15,6.36,2.58,0,0.117,0,1,0
TXN100036,5.18,22,12.82,76.62,0,0.198,0,0,0
TXN100037,49.0,8,2.3,50.17,0,0.132,0,1,0
TXN100038,125.16,21,15.45,142.33,0,0.175,0,1,0
TXN100039,182.16,18,4.81,267.93,0,0.306,0,1,0
TXN100040,73.01,16,16.59,344.19,0,0.23,0,1,0
TXN100041,182.12,15,7.8,125.28,0,0.207,0,1,0
TXN100042,99.13,15,1.15,128.77,0,0.639,0,1,0
TXN100043,40.75,23,5.11,39.73,0,0.62,0,0,0
TXN100044,53.85,12,5.01,178.39,1,0.235,0,1,0
TXN100045,79.4,0,340.18,3.73,5,0.927,1,0,1
TXN100046,65.38,1,7.05,101.16,0,0.511,0,1,0
TXN100047,30.89,4,10.39,95.01,1,0.311,0,1,0
TXN100048,331.24,17,3.28,382.99,0,0.34,0,0,0
TXN100049,18.17,8,1.95,162.95,1,0.418,1,0,0
TXN100050,59.45,11,6.28,72.53,0,0.454,0,1,0
TXN100051,100.47,21,8.58,66.82,1,0.659,0,1,0
TXN100052,100.89,13,5.98,200.84,0,0.451,0,1,0
TXN100053,130.52,2,12.95,153.83,1,0.248,0,1,0
TXN100054,22.87,15,6.01,35.41,0,0.026,0,1,0
TXN100055,117.15,18,9.41,608.17,0,0.332,0,0,0
TXN100056,105.79,19,6.94,77.1,0,0.464,0,1,0
TXN100057,112.71,21,0.97,10.91,0,0.345,0,1,0
TXN100058,66.68434392379238,15,87.65217779986887,122.49,0,0.5097896886082708,0,1,0
TXN100059,40.59,2,7.42,235.85,0,0.681,0,1,0
TXN100060,12.76,20,8.18,7.42,0,0.356,0,1,0
TXN100061,178.47,10,1.64,308.78,0,0.466,0,0,0
TXN100062,111.89,21,21.68,77.39,0,0.337,0,1,0
TXN100063,243.7,15,0.26,91.22,0,0.217,0,1,0
TXN100064,32.51,9,12.41,19.43,1,0.346,0,1,0
TXN100065,76.64,16,8.49,176.23,0,0.11,0,0,0
TXN100066,42.14,3,3.41,18.67,1,0.056,0,0,0
TXN100067,24.9,12,5.19,322.98,0,0.477,0,1,0
TXN100068,89.72,18,2.75,35.01,2,0.241,0,0,0
TXN100069,122.21,11,3.29,90.37,0,0.095,0,1,0
TXN100070,84.12,14,7.61,4.22,1,0.132,0,1,0
TXN100071,382.34,11,7.39,28.48,0,0.152,0,1,0
TXN100072,63.14,1,4.5,139.42,0,0.342,0,1,0
TXN100073,163.23,3,23.34,53.3,0,0.256,0,1,0
TXN100074,20.61,12,5.61,11.22,0,0.166,0,1,0
TXN100075,19.07,10,16.2,36.82,0,0.101,0,0,0
TXN100076,139.73,0,6.81,142.59,0,0.598,0,1,0
TXN100077,78.53,0,2.53,85.04,0,0.366,0,0,0
TXN100078,42.03,18,8.51,196.18,0,0.29,0,1,0
TXN100079,42.52,11,1.6,17.89,2,0.36,0,1,0
TXN100080,164.24,10,3.53,30.83,1,0.361,0,1,0
TXN100081,71.54,19,2.25,69.4,0,0.091,0,0,0
TXN100082,32.61,11,10.77,100.2,0,0.138,0,1,0
TXN100083,15.69,19,11.49,224.82,1,0.264,0,1,0
TXN100084,58.62,16,27.69,81.14,0,0.446,0,1,0
TXN100085,52.22,17,5.03,31.35,0,0.187,0,1,0
TXN100086,76.13,9,16.61,268.94,0,0.182,0,1,0
TXN100087,165.35,11,5.85,74.53,0,0.36,0,1,0
TXN100088,33.58,14,12.58,35.52,0,0.264,0,1,0
TXN100089,34.88,18,25.84,107.96,0,0.368,0,1,0
TXN100090,201.76,21,6.02,90.59,0,0.415,0,0,0
TXN100091,91.08,13,4.99,371.76,0,0.128,0,1,0
TXN100092,37.5,10,5.52,5.22,1,0.25,0,0,0
TXN100093,75.38,13,6.8,483.19,0,0.298,0,1,0
TXN100094,32.66,16,1.94,85.38,0,0.422,0,1,0
TXN100095,29.29,18,2.59,461.62,1,0.198,0,0,0
TXN100096,84.86,8,9.51,138.27,0,0.441,0,0,0
TXN100097,80.85,17,3.53,358.27,2,0.342,0,0,0
TXN100098,234.9246302838657,6,62.695078281108636,322.33,0,0.7781447039231488,0,1,0
TXN100099,146.12,13,1.27,74.38,0,0.141,0,0,0
TXN100100,39.07,8,5.13,107.38,0,0.257,0,1,0
TXN100101,70.93,9,12.76,12.65,0,0.168,0,1,0
TXN100102,145.53,1,19.03,29.14,1,0.361,0,1,0
TXN100103,40.6,15,3.22,303.45,0,0.307,0,0,0
TXN100104,131.51,13,4.06,63.75,1,0.162,0,1,0
TXN100105,111.75,2,1.03,106.06,3,0.307,0,1,0
TXN100106,162.75,18,3.05,5.74,1,0.293,0,1,0
TXN100107,74.32,12,1.98,48.33,0,0.126,0,1,0
TXN100108,30.08,13,15.16,79.03,1,0.664,0,1,0
TXN100109,202.20625596259288,0,104.99511691910246,92.83,0,0.645445373346478,0,1,0
TXN100110,61.3,12,0.27,1.89,0,0.034,0,1,0
TXN100111,153.99,0,2.74,154.46,1,0.174,0,0,0
TXN100112,99.28,12,0.25,254.79,1,0.395,0,1,0
TXN100113,235.31,10,64.55,15.56,2,0.875,1,0,1
TXN100114,45.87,11,8.01,13.03,0,0.294,0,1,0
TXN100115,101.69,16,5.61,167.4,0,0.28,1,1,0
TXN100116,134.26,14,9.76,96.45,0,0.616,0,1,0
TXN100117,96.18,18,0.18,254.02,0,0.568,0,1,0
TXN100118,201.91,11,18.98,54.87,1,0.661,0,0,0
TXN100119,44.49,22,3.24,8.79,0,0.219,0,1,0
TXN100120,111.65,19,35.31,18.27,0,0.145,0,0,0
TXN100121,103.48,16,5.33,105.14,0,0.221,0,1,0
TXN100122,22.39,19,4.5,29.15,1,0.36,0,1,0
TXN100123,12.63,8,0.28,26.11,0,0.421,0,1,0
TXN100124,15.71,3,2.0,49.36,0,0.208,0,1,0
TXN100125,64.53,10,8.98,103.81,0,0.442,0,0,0
TXN100126,177.83,20,6.78,43.16,1,0.208,0,1,0
TXN100127,54.34,8,6.05,93.08,1,0.351,0,0,0
TXN100128,7.78,17,16.38,51.29,1,0.121,1,1,0
TXN100129,132.1,19,3.16,103.48,0,0.284,0,0,0
TXN100130,56.85,8,7.42,149.83,0,0.223,1,1,0
TXN100131,7.84,20,26.11,333.39,0,0.179,0,0,0
TXN100132,96.07,14,6.22,5.01,1,0.38,0,1,0
TXN100133,138.42,23,4.05,33.15,0,0.18,0,1,0
TXN100134,155.13,11,10.39,166.87,0,0.428,0,1,0
TXN100135,42.82,21,5.83,36.86,0,0.152,0,1,0
TXN100136,85.42,13,12.54,252.0,0,0.282,0,1,0
TXN100137,77.83,3,6.67,3.14,0,0.127,0,0,0
TXN100138,74.16,11,4.36,95.71,1,0.334,0,1,0
TXN100139,11.9,0,15.35,67.12,0,0.13,0,1,0
TXN100140,60.15,6,2.22,186.38,0,0.106,0,1,0
TXN100141,165.15,17,14.48,164.56,0,0.337,0,1,0
TXN100142,123.74,14,3.11,41.47,0,0.2,0,1,0
TXN100143,96.6,20,3.1,235.38,0,0.417,0,1,0
TXN100144,53.25,5,7.72,27.27,0,0.326,1,1,0
TXN100145,52.78,2,23.79,14.16,0,0.397,0,1,0
TXN100146,150.27,14,17.09,65.86,0,0.216,0,1,0
TXN100147,21.81,13,8.62,75.87,2,0.182,0,0,0
TXN100148,158.32,14,4.85,246.84,0,0.212,0,1,0
TXN100149,14.13,18,2.22,96.22,1,0.315,0,1,0
TXN100150,82.39,21,9.54,77.48,0,0.461,0,1,0
TXN100151,33.61,0,5.05,15.22,0,0.471,0,1,0
TXN100152,59.49,20,5.69,179.71,0,0.282,0,1,0
TXN100153,304.85,23,5.06,40.71,0,0.253,0,0,0
TXN100154,111.92,12,10.88,400.87,0,0.096,0,0,0
TXN100155,46.81,12,4.9,58.62,0,0.358,0,1,0
TXN100156,24.26,8,9.23,15.74,1,0.248,0,1,0
TXN100157,114.30847232672667,16,43.4956477229034,51.47,0,0.7230899562505502,0,0,0
TXN100158,145.86,20,1.36,16.25,0,0.16,0,1,0
TXN100159,26.31,13,4.98,93.15,1,0.347,0,1,0
TXN100160,69.98,6,9.2,66.3,0,0.243,0,0,0
TXN100161,110.23,18,14.45,27.25,0,0.315,0,1,0
TXN100162,67.2,15,0.61,10.1,0,0.145,0,1,0
TXN100163,43.48,11,1.32,22.07,0,0.278,0,0,0
TXN100164,172.07,2,9.8,10.26,0,0.33,0,1,0
TXN100165,65.77,21,16.45,434.68,2,0.44,0,0,0
TXN100166,43.41,5,0.17,114.99,0,0.406,0,0,0
TXN100167,324.86456444959975,9,152.81916870427247,182.54,0,0.6443448079984215,0,1,0
TXN100168,79.4,18,3.41,93.08,0,0.434,0,1,0
TXN100169,18.88,17,2.78,388.8,0,0.16,0,1,0
TXN100170,145.98,1,32.55,67.48,0,0.116,0,1,0
TXN100171,18.86,2,3.25,135.43,1,0.094,0,1,0
TXN100172,52.55,10,2.13,4.24,0,0.365,0,1,0
TXN100173,85.51,18,7.38,59.31,0,0.501,0,0,0
TXN100174,51.24,19,1.84,15.9,0,0.108,0,1,0
TXN100175,77.36,13,14.21,2.08,0,0.148,0,1,0
TXN100176,15.45,16,6.85,93.84,1,0.117,0,0,0
TXN100177,347.74,14,215.29,1.18,4,0.447,0,0,1
TXN100178,23.13,14,1.94,66.49,1,0.482,0,1,0
TXN100179,22.36,22,4.29,76.67,0,0.375,0,1,0
TXN100180,20.45,11,3.1,1.27,0,0.147,0,0,0
TXN100181,22.81,7,9.06,22.7,1,0.217,0,0,0
TXN100182,42.18,17,2.79,53.61,0,0.132,0,1,0
TXN100183,89.65,9,6.23,43.48,0,0.447,0,1,0
TXN100184,177.08,11,3.06,12.89,0,0.25,0,1,0
TXN100185,15.17,17,6.99,31.85,1,0.392,0,1,0
TXN100186,35.35,15,2.1,114.31,1,0.164,0,0,0
TXN100187,10.9,12,6.26,201.93,0,0.469,0,1,0
TXN100188,139.82,17,4.42,177.68,0,0.237,0,1,0
TXN100189,105.09,16,8.08,184.89,0,0.218,0,1,0
TXN100190,120.68,12,3.78,20.81,1,0.364,0,1,0
TXN100191,63.47,1,3.35,146.46,1,0.304,0,1,0
TXN100192,63.24,14,16.05,143.01,1,0.409,1,1,0
TXN100193,49.46,5,3.98,796.37,0,0.484,0,1,0
TXN100194,81.41,20,3.65,100.03,1,0.428,0,1,0
TXN100195,26.34,5,14.52,22.04,1,0.301,0,1,0
TXN100196,14.47,18,8.99,81.77,0,0.265,0,1,0
TXN100197,125.28,10,5.57,21.49,2,0.517,0,1,0
TXN100198,86.4,14,22.96,86.5,1,0.323,0,1,0
TXN100199,70.33,17,18.53,172.49,0,0.349,0,1,0
TXN100200,129.58,16,6.88,104.72,0,0.316,0,0,0
TXN100201,97.33,20,9.36,56.93,1,0.736,0,1,0
TXN100202,245.8,16,10.22,591.84,0,0.183,0,1,0
TXN100203,34.95,7,0.57,67.15,0,0.044,0,1,0
TXN100204,64.35,13,13.18,6.48,0,0.402,0,1,0
TXN100205,30.59,0,3.54,17.7,0,0.228,0,0,0
TXN100206,82.51,8,2.73,33.39,0,0.343,0,1,0
TXN100207,402.7570647833453,6,25.844764270445527,14.37,0,0.6504407253389106,0,1,0
TXN100208,114.34,6,12.79,187.48,1,0.252,0,1,0
TXN100209,59.65,12,6.48,41.96,1,0.437,0,1,0
TXN100210,122.42,5,3.46,11.63,0,0.187,0,0,0
TXN100211,83.08,16,8.21,118.57,1,0.412,0,1,0
TXN100212,143.12,16,1.68,207.96,0,0.203,0,0,0
TXN100213,31.85,20,22.63,31.99,1,0.345,1,1,0
TXN100214,45.78,15,2.55,164.51,1,0.201,0,1,0
TXN100215,60.31,17,5.99,16.02,3,0.517,0,1,0
TXN100216,27.14,20,5.53,24.78,0,0.403,0,1,0
TXN100217,206.02,13,6.87,14.43,0,0.457,0,1,0
TXN100218,32.44,19,8.14,53.03,0,0.276,0,1,0
TXN100219,212.04,8,4.07,99.83,0,0.378,0,1,0
TXN100220,29.99,15,4.02,76.4,1,0.453,0,1,0
TXN100221,113.02,10,21.79,131.37,0,0.231,0,1,0
TXN100222,40.98,16,2.28,39.04,0,0.11,0,1,0
TXN100223,50.43,19,12.23,82.63,1,0.142,0,0,0
TXN100224,60.12,19,8.09,145.72,0,0.197,0,1,0
TXN100225,35.48,12,6.89,117.27,0,0.332,0,1,0
TXN100226,214.03,21,13.57,183.69,1,0.631,0,1,0
TXN100227,52.41,1,4.94,39.99,0,0.026,0,1,0
TXN100228,122.71,17,8.37,55.96,1,0.262,0,1,0
TXN100229,122.42,20,2.88,60.39,1,0.339,0,1,0
TXN100230,201.99,11,3.02,81.23,0,0.424,0,1,0
TXN100231,12.66,13,6.01,48.64,0,0.305,0,1,0
TXN100232,15.05,14,1.96,67.03,1,0.364,0,1,0
TXN100233,44.98,22,10.91,134.38,1,0.149,0,1,0
TXN100234,76.95,14,9.92,235.88,2,0.204,0,0,0
TXN100235,8.02,13,14.07,58.51,0,0.374,0,1,0
TXN100236,20.29,9,15.9,45.13,0,0.356,0,1,0
TXN100237,16.42,16,14.57,30.38,0,0.582,0,0,0
TXN100238,17.75,22,13.33,169.97,0,0.508,0,1,0
TXN100239,37.61,20,1.46,56.66,0,0.064,0,1,0
TXN100240,458.43,3,243.85,3.19,1,0.803,0,0,1
TXN100241,74.83,14,13.84,92.6,0,0.429,0,1,0
TXN100242,44.9,13,31.23,170.92,0,0.472,0,1,0
TXN100243,61.52,18,1.28,22.47,0,0.043,0,1,0
TXN100244,135.74,12,3.04,35.03,1,0.361,0,1,0
TXN100245,591.82,0,301.91,0.12,5,0.459,1,1,1
TXN100246,52.4,8,2.91,146.65,0,0.535,0,0,0
TXN100247,38.43,9,9.49,19.67,0,0.075,0,1,0
TXN100248,11.8,10,3.09,27.26,1,0.311,0,1,0
TXN100249,38.07,9,31.52,7.25,0,0.01,0,1,0
TXN100250,134.16,11,6.68,96.25,1,0.442,0,0,0
TXN100251,40.58,16,6.17,18.58,0,0.27,0,1,0
TXN100252,50.51,8,3.42,173.13,0,0.462,0,1,0
TXN100253,102.75,6,6.23,219.64,1,0.437,0,1,0
TXN100254,24.88,16,6.46,164.91,0,0.452,0,1,0
TXN100255,187.89,7,13.79,81.0,1,0.135,0,1,0
TXN100256,125.72,12,19.44,169.01,0,0.106,0,1,0
TXN100257,27.53,15,7.11,27.38,0,0.166,0,1,0
TXN100258,185.52,19,11.16,161.54,0,0.427,0,1,0
TXN100259,59.04,12,0.84,42.47,0,0.177,0,1,0
TXN100260,79.8,4,0.55,100.06,0,0.258,1,0,0
TXN100261,12.79,14,1.54,48.38,1,0.23,0,1,0
TXN100262,236.76917666118712,18,224.31854284037885,83.1,0,0.7723256377469678,1,1,0
TXN100263,39.18,15,4.34,116.22,1,0.039,0,1,0
TXN100264,299.01,2,106.44,12.44,4,0.614,0,1,1
TXN100265,40.53,12,3.49,47.8,1,0.229,0,0,0
TXN100266,28.41,19,1.87,126.83,0,0.431,0,1,0
TXN100267,68.17,10,0.21,43.77,0,0.065,0,0,0
TXN100268,168.59,1,15.28,24.99,1,0.397,0,1,0
TXN100269,33.21,18,8.9,8.12,0,0.565,0,1,0
TXN100270,26.93,16,0.82,180.82,0,0.234,0,1,0
TXN100271,43.98,15,14.76,65.25,0,0.05,0,1,0
TXN100272,28.41,15,1.08,133.49,0,0.124,0,1,0
TXN100273,572.0288254316333,8,23.276633168617103,167.92,0,0.7310496714619319,0,1,0
TXN100274,57.95,12,2.1,512.15,2,0.069,0,1,0
TXN100275,175.76,19,0.37,15.75,0,0.117,0,1,0
TXN100276,127.38,8,10.3,404.93,0,0.451,1,1,0
TXN100277,75.99,8,6.77,78.63,0,0.315,0,1,0
TXN100278,28.87,20,5.05,120.48,0,0.201,0,1,0
TXN100279,373.51,1,448.88,10.96,7,0.701,0,0,1
TXN100280,316.65,17,26.11,53.23,1,0.033,0,1,0
TXN100281,50.2,17,2.46,64.4,1,0.169,0,1,0
TXN100282,134.63,20,2.19,227.86,1,0.063,0,0,0
TXN100283,39.23,8,2.33,48.89,1,0.518,0,1,0
TXN100284,53.44,17,1.54,80.03,0,0.193,0,0,0
TXN100285,135.64,13,18.97,1.81,0,0.316,0,1,0
TXN100286,50.89,21,0.43,49.24,0,0.067,0,1,0
TXN100287,47.64,13,0.57,112.22,0,0.244,0,1,0
TXN100288,10.21,17,7.5,113.59,0,0.221,0,1,0
TXN100289,56.33,17,5.85,117.92,0,0.678,0,1,0
TXN100290,160.23,16,8.33,211.31,0,0.314,0,1,0
TXN100291,80.54,13,2.48,298.4,0,0.117,0,1,0
TXN100292,49.99,15,4.32,45.25,0,0.076,0,0,0
TXN100293,71.72,12,7.01,220.64,0,0.328,0,1,0
TXN100294,23.63,18,4.91,43.29,0,0.355,0,0,0
TXN100295,32.24,14,13.01,437.37,0,0.262,0,0,0
TXN100296,52.34,2,3.93,52.69,0,0.407,0,1,0
TXN100297,68.12,0,7.9,117.55,1,0.394,0,1,0
TXN100298,45.88,13,1.91,67.47,0,0.309,0,1,0
TXN100299,47.96,20,7.97,86.24,0,0.303,0,1,0
TXN100300,512.9445697517588,12,146.66123530559855,60.28,1,0.5865215168973366,0,1,0
TXN100301,190.39,11,4.45,100.31,0,0.19,0,1,0
TXN100302,169.33,9,2.73,230.3,0,0.261,0,1,0
TXN100303,61.03,18,1.23,9.3,0,0.406,0,1,0
TXN100304,72.78,17,5.6,241.0,1,0.348,0,1,0
TXN100305,129.85,8,10.84,240.14,0,0.025,0,1,0
TXN100306,289.36,12,325.6,2.68,1,0.594,1,0,1
TXN100307,84.39,7,6.9,180.77,0,0.449,0,0,0
TXN100308,17.96,17,3.28,204.07,0,0.488,0,0,0
TXN100309,252.98,5,66.98,6.99,1,0.778,1,0,1
TXN100310,97.45,14,2.59,131.94,1,0.163,0,1,0
TXN100311,19.52,11,8.3,343.42,0,0.153,0,1,0
TXN100312,12.17,15,9.7,49.7,0,0.159,0,1,0
TXN100313,108.02,3,6.67,121.1,0,0.119,0,1,0
TXN100314,98.88,12,5.89,71.63,0,0.262,0,1,0
TXN100315,145.09,1,14.58,1.71,0,0.284,1,1,0
TXN100316,64.27,14,6.15,217.98,0,0.411,0,1,0
TXN100317,111.55,14,7.69,0.52,0,0.176,0,0,0
TXN100318,93.99938636331184,20,25.8227529381796,57.64,0,0.5576666808179476,0,1,0
TXN100319,54.28,14,10.26,66.59,0,0.196,1,1,0
TXN100320,32.38,17,5.52,38.55,0,0.116,0,0,0
TXN100321,159.86,8,9.92,16.44,0,0.268,0,1,0
TXN100322,19.68,1,6.57,185.82,0,0.087,0,1,0
TXN100323,53.828348726281384,18,48.44512103963617,13.98,0,0.6955006786830362,0,0,0
TXN100324,63.22529012157382,17,71.03586795186584,194.14,0,0.6381813228757038,0,1,0
TXN100325,73.63,20,12.78,46.07,0,0.528,0,1,0
TXN100326,82.13,1,19.96,206.25,0,0.295,0,1,0
TXN100327,52.44,9,6.14,249.38,0,0.471,0,1,0
TXN100328,147.18,5,0.44,117.22,0,0.541,0,0,0
TXN100329,40.72,10,7.87,54.78,1,0.472,0,1,0
TXN100330,99.95,0,6.37,52.2,0,0.311,0,1,0
TXN100331,40.59,8,13.04,299.17,0,0.343,0,1,0
TXN100332,57.74,20,4.44,169.75,1,0.14,0,1,0
TXN100333,44.47,12,5.34,98.38,0,0.137,0,1,0
TXN100334,39.38,16,8.39,25.53,2,0.236,0,1,0
TXN100335,72.15,18,8.03,6.17,0,0.38,0,1,0
TXN100336,75.33,5,3.28,148.77,1,0.498,0,1,0
TXN100337,37.04,21,1.81,669.17,0,0.383,0,0,0
TXN100338,37.18,7,5.43,16.31,1,0.282,0,1,0
TXN100339,28.85,5,6.26,62.72,0,0.28,0,0,0
TXN100340,39.86,13,12.11,6.63,1,0.31,0,1,0
TXN100341,38.31,13,0.95,128.22,0,0.424,0,1,0
TXN100342,62.14,15,9.01,5.56,0,0.259,0,1,0
TXN100343,40.56,12,2.47,156.49,0,0.026,0,0,0
TXN100344,96.26,18,19.29,65.27,0,0.27,0,1,0
TXN100345,54.03,8,3.1,488.56,0,0.274,0,1,0
TXN100346,49.74,14,2.75,96.68,0,0.251,0,1,0
TXN100347,40.53,16,4.02,0.15,0,0.282,1,1,0
TXN100348,149.45,16,4.74,66.26,0,0.185,0,1,0
TXN100349,111.45,17,18.1,198.49,0,0.11,0,1,0
TXN100350,100.19,8,2.33,165.65,1,0.024,0,1,0
TXN100351,18.29,1,23.3,222.69,0,0.458,0,1,0
TXN100352,25.48,16,20.94,97.17,0,0.493,0,1,0
TXN100353,194.06,16,6.44,65.95,0,0.225,0,1,0
TXN100354,44.41,9,5.66,57.4,1,0.18,0,1,0
TXN100355,56.83,14,12.1,208.36,2,0.503,0,1,0
TXN100356,117.34,13,19.28,247.74,0,0.269,0,0,0
TXN100357,26.64,9,4.86,10.48,0,0.112,0,0,0
TXN100358,206.66,3,5.26,483.23,2,0.081,0,1,0
TXN100359,57.63,20,3.52,24.23,0,0.07,0,1,0
TXN100360,74.82,5,16.83,117.8,0,0.114,0,0,0
TXN100361,52.62,17,15.15,101.5,1,0.272,0,1,0
TXN100362,109.47,21,9.28,59.52,0,0.403,0,1,0
TXN100363,13.71,0,1.23,24.4,1,0.1,0,1,0
TXN100364,201.71,13,1.2,32.92,0,0.178,0,1,0
TXN100365,111.55,10,1.88,35.88,0,0.273,0,1,0
TXN100366,109.46,3,2.26,401.55,1,0.169,0,1,0
TXN100367,115.21,16,4.49,40.46,0,0.415,0,1,0
TXN100368,634.69,11,140.22,14.98,8,0.681,1,0,1
TXN100369,88.49,20,3.49,37.91,0,0.098,0,1,0
TXN100370,4.87,10,18.32,99.6,0,0.366,0,1,0
TXN100371,214.76431778984625,12,102.30170710570688,370.27,2,0.6435939244728965,0,1,0
TXN100372,68.31,15,0.21,38.01,0,0.356,0,1,0
TXN100373,44.25,17,8.0,123.7,1,0.211,0,1,0
TXN100374,199.69,8,2.72,6.21,0,0.2,0,1,0
TXN100375,80.56,5,4.11,53.67,1,0.095,0,1,0
TXN100376,94.35,4,5.56,215.3,0,0.214,0,1,0
TXN100377,150.12,15,15.34,19.47,0,0.325,0,1,0
TXN100378,89.38,20,2.48,189.04,0,0.218,0,1,0
TXN100379,103.8,0,4.61,86.22,2,0.22,0,1,0
TXN100380,52.08,9,13.65,121.79,1,0.281,0,1,0
TXN100381,61.9,12,5.25,244.64,0,0.453,0,1,0
TXN100382,10.57,8,8.56,11.93,1,0.449,0,1,0
TXN100383,82.75,17,13.99,190.58,1,0.452,0,0,0
TXN100384,47.11,9,14.84,281.19,0,0.346,0,1,0
TXN100385,54.3,7,3.62,91.16,2,0.287,0,1,0
TXN100386,37.6,20,9.03,19.41,1,0.242,0,0,0
TXN100387,0.7,20,9.04,20.95,0,0.571,0,0,0
TXN100388,104.72,17,6.76,176.33,0,0.47,0,1,0
TXN100389,152.39,19,24.34,133.46,0,0.288,0,1,0
TXN100390,62.02,22,7.28,440.9,0,0.453,0,1,0
TXN100391,129.08,15,4.23,103.16,0,0.337,0,0,0
TXN100392,64.84,17,7.66,223.56,0,0.141,0,0,0
TXN100393,37.53,19,7.81,6.55,0,0.274,0,1,0
TXN100394,475.95,15,488.8,0.31,5,0.496,0,0,1
TXN100395,52.97072496718365,20,79.2689953640374,172.78,0,0.5279293308699303,1,0,0
TXN100396,100.82,22,1.93,1.57,0,0.309,0,1,0
TXN100397,36.56,20,18.33,12.09,0,0.068,0,0,0
TXN100398,91.2,8,3.78,26.51,1,0.506,0,0,0
TXN100399,17.83,11,5.02,11.73,0,0.517,0,1,0
TXN100400,111.09,4,2.62,183.95,0,0.331,0,1,0
TXN100401,16.0,22,7.17,157.39,0,0.592,0,1,0
TXN100402,46.73518301126962,10,137.2289245770202,111.61,0,0.6002278876718025,0,0,0
TXN100403,26.29,10,8.41,5.72,0,0.421,0,1,0
TXN100404,610.2524217399069,2,28.641796991945668,77.7,1,0.7413213800233018,0,0,0
TXN100405,17.4,1,3.4,20.48,1,0.317,0,1,0
TXN100406,136.4,21,3.82,242.74,2,0.361,0,1,0
TXN100407,57.31,8,0.7,10.43,0,0.043,0,1,0
TXN100408,189.03,8,7.96,279.26,2,0.272,0,1,0
TXN100409,191.72,17,1.68,9.57,0,0.06,0,1,0
TXN100410,45.22,10,9.74,346.86,0,0.066,0,1,0
TXN100411,120.59,11,4.11,198.59,0,0.155,0,1,0
TXN100412,53.81,7,0.07,68.57,0,0.381,0,0,0
TXN100413,47.47,19,11.49,62.89,0,0.532,0,1,0
TXN100414,23.9,13,1.2,142.79,0,0.341,0,1,0
TXN100415,58.36,11,0.31,213.02,2,0.463,0,0,0
TXN100416,102.24,16,2.16,294.93,0,0.167,0,0,0
TXN100417,72.5,16,17.81,21.8,1,0.215,0,1,0
TXN100418,90.98,3,2.77,207.27,0,0.199,0,1,0
TXN100419,23.91,23,0.26,250.73,0,0.265,0,1,0
TXN100420,40.54,11,8.07,62.66,0,0.459,0,1,0
TXN100421,98.76,12,5.56,3.53,1,0.047,0,1,0
TXN100422,190.31,5,3.22,298.31,0,0.251,0,1,0
TXN100423,151.2,1,3.12,45.79,0,0.174,1,1,0
TXN100424,63.56,9,1.58,112.15,0,0.479,1,1,0
TXN100425,121.89,12,9.03,93.47,0,0.329,0,1,0
TXN100426,29.48,18,5.53,144.82,0,0.38,0,1,0
TXN100427,78.52,9,0.74,120.69,0,0.253,0,1,0
TXN100428,117.71,18,7.29,141.25,0,0.512,0,1,0
TXN100429,37.64,19,14.1,102.74,0,0.158,0,1,0
TXN100430,59.68,13,2.14,0.01,1,0.217,0,0,0
TXN100431,74.89,18,0.95,159.72,0,0.058,0,1,0
TXN100432,16.05,7,11.14,194.59,0,0.526,0,1,0
TXN100433,55.3,10,7.12,254.48,0,0.146,0,1,0
TXN100434,8.74,16,3.01,73.71,0,0.158,0,1,0
TXN100435,27.5,12,7.8,85.03,0,0.497,0,1,0
TXN100436,73.45,14,22.82,330.73,1,0.523,0,0,0
TXN100437,103.31407950236147,11,33.22511807883342,137.5,0,0.6253650757552115,0,1,0
TXN100438,45.4,20,6.12,45.26,0,0.566,0,1,0
TXN100439,54.63,19,6.75,34.56,0,0.227,0,1,0
TXN100440,97.21,8,4.68,2.22,0,0.103,0,1,0
TXN100441,11.59,10,8.79,82.9,0,0.126,0,1,0
TXN100442,185.68,1,3.58,225.12,1,0.133,0,1,0
TXN100443,24.17,14,8.8,440.73,2,0.1,0,1,0
TXN100444,24.28,11,4.14,191.55,1,0.111,0,1,0
TXN100445,72.52484051696251,20,58.46264845107152,204.71,0,0.5799116900275041,0,1,0
TXN100446,88.78,10,7.23,104.95,0,0.261,0,1,0
TXN100447,10.56,3,1.03,22.57,0,0.401,0,1,0
TXN100448,49.84,15,7.04,34.21,0,0.427,0,1,0
TXN100449,8.54,17,13.15,118.58,0,0.032,0,1,0
TXN100450,132.21,9,5.01,39.61,0,0.427,0,1,0
TXN100451,107.99,0,41.83,27.86,1,0.036,0,1,0
TXN100452,62.79,10,1.05,169.98,0,0.044,0,1,0
TXN100453,119.81,16,9.88,82.28,0,0.338,0,1,0
TXN100454,78.91,9,1.33,24.59,1,0.356,0,1,0
TXN100455,49.69,12,21.42,40.56,0,0.063,0,1,0
TXN100456,123.73,16,1.9,94.5,0,0.556,0,0,0
TXN100457,114.55,7,2.54,0.65,0,0.505,0,0,0
TXN100458,80.23,12,9.86,274.81,0,0.581,0,0,0
TXN100459,46.4,14,3.3,261.68,0,0.699,0,1,0
TXN100460,177.8,6,6.66,113.71,0,0.607,0,1,0
TXN100461,76.78,12,1.86,111.08,1,0.167,1,1,0
TXN100462,89.43,16,0.54,18.62,1,0.41,0,1,0
TXN100463,18.97,16,3.16,163.2,0,0.085,0,1,0
TXN100464,85.0,9,10.94,61.98,0,0.241,0,1,0
TXN100465,77.24,3,13.58,235.59,0,0.344,0,1,0
TXN100466,82.38,13,4.41,12.82,1,0.127,0,1,0
TXN100467,35.43,17,4.52,33.99,0,0.042,0,1,0
TXN100468,180.85,18,4.5,27.24,1,0.236,0,1,0
TXN100469,109.38,9,5.59,8.72,0,0.628,0,0,0
TXN100470,56.77,17,8.08,140.01,0,0.261,0,1,0
TXN100471,52.21,11,3.57,5.74,0,0.139,0,1,0
TXN100472,110.86,11,1.94,108.62,0,0.076,0,1,0
TXN100473,38.03,15,4.38,208.99,0,0.296,0,0,0
TXN100474,99.36,20,8.82,28.51,0,0.256,0,1,0
TXN100475,201.26,5,10.82,21.62,0,0.357,0,1,0
TXN100476,86.17,19,3.71,167.4,0,0.616,0,1,0
TXN100477,77.01,20,14.74,167.52,0,0.019,0,0,0
TXN100478,116.49,12,10.12,107.52,1,0.246,0,1,0
TXN100479,33.53,18,12.84,221.58,1,0.269,0,1,0
TXN100480,41.24,22,9.24,91.69,0,0.303,0,1,0
TXN100481,34.48,1,3.05,2.57,0,0.278,0,1,0
TXN100482,63.46,22,1.41,98.05,0,0.074,0,1,0
TXN100483,28.98,10,8.85,314.43,0,0.375,0,1,0
TXN100484,17.72,11,5.18,32.64,0,0.16,0,1,0
TXN100485,43.38,18,3.52,75.8,0,0.349,0,1,0
TXN100486,45.12,22,5.68,60.15,0,0.55,0,1,0
TXN100487,19.32,5,8.95,60.82,0,0.548,0,1,0
TXN100488,28.18,9,5.49,105.18,0,0.025,0,1,0
TXN100489,172.9732411475109,11,51.52328708774052,57.48,0,0.617893273620949,0,1,0
TXN100490,123.81,13,3.76,431.91,0,0.333,0,1,0
TXN100491,110.56,20,7.13,40.53,1,0.067,0,1,0
TXN100492,93.96,18,18.46,223.86,0,0.178,0,1,0
TXN100493,94.58,3,2.75,232.87,1,0.073,0,1,0
TXN100494,129.64,10,0.95,41.75,0,0.33,0,1,0
TXN100495,61.44,1,3.5,62.32,0,0.075,0,1,0
TXN100496,15.09,20,12.07,408.75,0,0.41,0,1,0
TXN100497,103.56,12,1.93,675.87,0,0.631,0,1,0
TXN100498,120.91,4,1.81,622.52,1,0.141,0,1,0
TXN100499,51.81,19,5.12,98.7,0,0.314,0,1,0
TXN100500,247.01,7,6.38,75.65,0,0.377,0,0,0
TXN100501,88.96,20,6.29,16.31,0,0.254,0,1,0
TXN100502,124.93,10,14.83,66.7,0,0.026,0,1,0
TXN100503,22.76,4,14.38,34.81,0,0.277,0,1,0
TXN100504,77.36,20,6.18,159.71,0,0.261,0,1,0
TXN100505,81.25,10,21.05,30.63,1,0.254,0,1,0
TXN100506,111.63,18,9.27,43.13,1,0.343,0,1,0
TXN100507,19.0,20,2.43,4.71,0,0.204,0,1,0
TXN100508,23.84,20,17.0,314.5,0,0.261,0,0,0
TXN100509,183.44538516283978,4,49.150852762553086,278.51,0,0.7731275802994382,0,1,0
TXN100510,66.63,18,21.07,318.87,1,0.035,0,1,0
TXN100511,37.84,2,13.33,343.86,0,0.398,0,1,0
TXN100512,77.18,12,2.88,94.38,0,0.479,0,1,0
TXN100513,47.61,2,15.15,35.93,0,0.213,0,0,0
TXN100514,12.73,10,4.66,1.75,0,0.217,0,1,0
TXN100515,11.6,17,6.27,0.51,0,0.395,0,1,0
TXN100516,1252.62,0,102.09,7.99,2,0.726,1,0,1
TXN100517,16.8,8,4.74,62.73,1,0.245,0,1,0
TXN100518,104.98,17,2.98,62.11,1,0.178,0,1,0
TXN100519,54.15,20,2.51,6.88,1,0.032,0,1,0
TXN100520,186.24,14,7.73,58.78,0,0.11,0,1,0
TXN100521,100.97,11,3.46,6.11,0,0.442,0,1,0
TXN100522,30.25,14,1.05,61.2,0,0.538,0,0,0
TXN100523,33.78,11,4.45,37.27,0,0.23,0,1,0
TXN100524,52.9,22,0.32,101.29,0,0.047,1,1,0
TXN100525,200.96,8,125.89,5.33,0,0.396,1,0,1
TXN100526,94.06,8,0.01,71.26,2,0.335,0,0,0
TXN100527,27.45,10,9.79,32.9,0,0.43,0,1,0
TXN100528,56.19,19,8.64,125.79,0,0.356,0,1,0
TXN100529,188.29,11,6.06,146.36,0,0.374,0,1,0
TXN100530,59.93847089533458,16,52.92554769164818,34.11,0,0.5678575168146108,0,0,0
TXN100531,9.76,5,0.15,203.42,0,0.135,0,1,0
TXN100532,136.9,16,12.97,87.08,0,0.436,0,0,0
TXN100533,53.76,7,8.27,33.67,1,0.379,0,1,0
TXN100534,77.32,1,23.63,22.77,0,0.199,0,0,0
TXN100535,13.44,14,17.97,2.2,1,0.266,0,1,0
TXN100536,32.97,16,10.23,102.54,0,0.174,0,1,0
TXN100537,79.67,21,7.23,159.29,0,0.429,0,1,0
TXN100538,250.45563680664904,8,16.277775607019343,133.13,0,0.7775404476459135,0,1,0
TXN100539,118.55,20,5.97,50.93,1,0.137,0,1,0
TXN100540,103.75,16,16.42,6.69,0,0.162,0,0,0
TXN100541,84.63,21,0.99,83.68,0,0.048,0,1,0
TXN100542,47.84,14,5.86,117.84,0,0.188,0,1,0
TXN100543,114.83,1,7.63,125.21,0,0.457,0,0,0
TXN100544,120.47,9,7.49,3.51,1,0.286,0,1,0
TXN100545,32.98,16,17.29,288.26,0,0.228,0,0,0
TXN100546,42.48,8,7.91,169.29,0,0.088,0,0,0
TXN100547,63.88,23,4.12,87.13,0,0.715,0,1,0
TXN100548,189.96,0,335.37,2.34,4,0.879,1,0,1
TXN100549,303.16,15,4.84,82.7,1,0.392,0,1,0
TXN100550,31.33,6,13.27,98.03,1,0.497,0,1,0
TXN100551,86.27,20,1.12,108.86,0,0.331,0,1,0
TXN100552,120.81,12,15.54,726.12,0,0.055,0,1,0
TXN100553,255.92,3,158.57,3.06,3,0.549,0,0,1
TXN100554,229.74,10,1.32,296.89,1,0.308,0,1,0
TXN100555,636.51,2,191.65,2.49,3,0.484,1,1,1
TXN100556,113.23,11,10.69,36.02,1,0.264,0,1,0
TXN100557,33.82,9,2.95,34.27,1,0.372,0,0,0
TXN100558,66.45,10,4.1,96.24,0,0.449,0,0,0
TXN100559,70.57,13,6.36,18.78,0,0.2,0,1,0
TXN100560,55.97,18,13.85,147.46,1,0.113,0,0,0
TXN100561,8.45,17,8.41,331.07,0,0.335,0,1,0
TXN100562,482.03,3,325.43,6.22,8,0.827,1,0,1
TXN100563,215.22,15,7.27,78.6,1,0.136,0,1,0
TXN100564,38.39,1,11.27,171.59,0,0.018,0,0,0
TXN100565,60.03,0,9.38,17.89,0,0.62,0,1,0
TXN100566,14.93,13,15.06,0.76,1,0.435,0,1,0
TXN100567,266.94,16,31.14,316.86,0,0.141,0,1,0
TXN100568,80.28,17,8.18,118.41,0,0.027,0,1,0
TXN100569,53.81,14,3.75,115.74,0,0.295,0,1,0
TXN100570,79.82,18,3.58,81.69,0,0.18,0,1,0
TXN100571,62.14,10,14.82,82.82,0,0.108,0,0,0
TXN100572,123.95,7,3.98,301.47,1,0.11,0,1,0
TXN100573,50.04,16,5.88,106.0,0,0.592,0,1,0
TXN100574,79.26,18,7.31,406.81,1,0.145,0,1,0
TXN100575,26.98,16,1.11,119.72,0,0.289,0,0,0
TXN100576,100.09,19,2.37,21.1,0,0.209,0,1,0
TXN100577,62.37,21,8.43,28.77,1,0.401,0,1,0
TXN100578,3.26,15,4.51,167.64,0,0.192,0,1,0
TXN100579,132.44,9,6.15,117.72,1,0.436,0,1,0
TXN100580,65.89,12,4.57,80.13,0,0.236,0,1,0
TXN100581,130.91,17,3.04,55.4,1,0.305,0,1,0
TXN100582,29.12,12,0.76,193.28,0,0.008,0,1,0
TXN100583,181.98155451017155,18,16.42646381212372,209.92,1,0.7832476958282366,0,1,0
TXN100584,116.33,17,3.0,164.67,0,0.385,0,1,0
TXN100585,99.90159897593351,1,13.888777910580611,151.13,0,0.7216866114584073,0,0,0
TXN100586,33.78,8,1.14,97.83,0,0.471,0,1,0
TXN100587,141.94,8,3.29,235.61,1,0.554,0,1,0
TXN100588,25.86,14,6.41,119.95,0,0.448,0,1,0
TXN100589,142.91,23,2.93,113.22,1,0.11,0,1,0
TXN100590,34.52,12,1.18,82.27,2,0.326,0,1,0
TXN100591,39.81,15,7.59,6.55,1,0.483,0,1,0
TXN100592,52.07,7,4.91,9.42,0,0.08,0,0,0
TXN100593,34.11,3,9.26,50.14,1,0.258,0,1,0
TXN100594,145.81,18,9.56,110.17,0,0.508,0,0,0
TXN100595,296.18,10,10.64,4.51,1,0.472,0,1,0
TXN100596,42.1,20,2.26,19.52,0,0.182,0,1,0
TXN100597,71.4,18,5.57,39.04,1,0.476,0,1,0
TXN100598,166.54,20,5.94,46.85,0,0.105,0,1,0
TXN100599,129.63,17,18.35,276.39,0,0.258,0,1,0
TXN100600,234.8148941466327,14,15.200134721548777,243.13,1,0.612791067198912,0,1,0
TXN100601,623.06,1,193.24,16.47,3,0.425,1,0,1
TXN100602,17.59,19,4.07,81.46,0,0.169,0,1,0
TXN100603,63.12,10,4.43,164.35,1,0.313,0,1,0
TXN100604,25.61,19,2.69,571.56,0,0.206,0,1,0
TXN100605,120.59,18,4.19,55.76,0,0.088,0,1,0
TXN100606,41.99,11,0.75,40.69,1,0.273,0,1,0
TXN100607,87.54,13,2.41,163.5,0,0.462,0,1,0
TXN100608,163.32,17,5.48,118.11,1,0.335,0,1,0
TXN100609,46.13,11,1.77,22.85,0,0.334,0,1,0
TXN100610,105.77,13,2.77,9.13,2,0.202,0,0,0
TXN100611,79.35,10,2.74,135.85,0,0.415,0,1,0
TXN100612,80.16,20,13.02,168.89,0,0.252,0,1,0
TXN100613,139.85,2,4.26,49.54,0,0.516,0,1,0
TXN100614,243.98,9,25.55,201.39,0,0.385,0,0,0
TXN100615,13.35,10,1.7,97.43,0,0.325,0,1,0
TXN100616,249.34,17,5.58,185.5,1,0.13,0,0,0
TXN100617,8.34,20,38.32,249.83,1,0.313,0,1,0
TXN100618,143.88,15,23.73,147.22,2,0.153,0,1,0
TXN100619,97.28,9,2.23,349.54,0,0.1,0,0,0
TXN100620,124.06,17,12.76,34.01,1,0.179,0,1,0
TXN100621,21.01,1,8.46,5.53,1,0.193,0,1,0
TXN100622,190.66,2,12.76,34.03,1,0.124,0,1,0
TXN100623,17.46,12,13.75,40.28,1,0.366,0,0,0
TXN100624,134.68,6,11.13,44.03,0,0.319,0,1,0
TXN100625,462.18,1,234.14,10.22,2,0.804,0,0,1
TXN100626,141.06,18,11.88,100.14,0,0.746,0,1,0
TXN100627,96.03,9,1.81,109.01,0,0.392,0,1,0
TXN100628,19.6,16,7.3,152.75,0,0.347,0,1,0
TXN100629,46.66,19,7.8,1.91,0,0.402,0,0,0
TXN100630,50.79,18,1.39,15.64,0,0.351,0,1,0
TXN100631,83.37,11,2.41,64.06,1,0.183,0,1,0
TXN100632,37.74,15,11.94,225.65,0,0.172,0,1,0
TXN100633,109.71,20,8.7,155.9,0,0.332,0,0,0
TXN100634,78.64,14,1.19,98.75,1,0.34,0,1,0
TXN100635,3.24,10,3.79,71.36,0,0.387,0,1,0
TXN100636,68.84,11,11.75,62.57,0,0.224,0,1,0
TXN100637,8.81,8,8.03,271.03,0,0.378,0,0,0
TXN100638,85.01,14,1.75,36.16,0,0.446,0,1,0
TXN100639,97.05,6,22.0,9.33,0,0.504,0,1,0
TXN100640,39.53,19,10.6,92.72,0,0.352,0,0,0
TXN100641,54.01,15,2.86,106.59,1,0.272,0,0,0
TXN100642,83.33,8,15.85,110.15,0,0.22,0,0,0
TXN100643,84.65,15,12.95,76.85,3,0.089,0,0,0
TXN100644,112.08,18,5.79,128.2,0,0.192,1,0,0
TXN100645,20.57,8,3.71,168.5,0,0.039,0,1,0
TXN100646,155.18,15,8.38,213.16,0,0.369,0,1,0
TXN100647,131.77,20,9.25,334.82,0,0.595,0,1,0
TXN100648,121.35,16,3.16,64.29,0,0.385,0,1,0
TXN100649,524.26,15,21.96,1.89,1,0.787,0,0,1
TXN100650,18.52,14,2.42,32.43,1,0.186,0,1,0
TXN100651,36.01447433099184,8,3.5176260890612503,68.12,1,0.5929391357591228,0,1,0
TXN100652,91.96,23,10.68,432.85,0,0.033,0,0,0
TXN100653,81.76,8,0.76,267.17,1,0.651,0,1,0
TXN100654,277.05,12,9.26,35.58,0,0.153,0,1,0
TXN100655,675.29,7,290.02,0.84,4,0.553,1,0,1
TXN100656,134.58,11,10.94,23.65,0,0.606,0,0,0
TXN100657,60.41,19,0.99,219.47,1,0.174,0,1,0
TXN100658,150.13,12,20.13,72.33,0,0.383,0,0,0
TXN100659,90.76,17,14.61,59.75,0,0.084,0,1,0
TXN100660,6.94,20,17.61,148.31,1,0.46,0,1,0
TXN100661,126.74,10,5.69,160.16,0,0.194,0,1,0
TXN100662,37.62,18,14.47,14.64,0,0.544,0,1,0
TXN100663,89.7,5,4.71,282.47,1,0.799,0,1,0
TXN100664,63.46,9,2.65,38.52,0,0.688,1,0,0
TXN100665,99.08,15,18.22,6.41,0,0.387,0,1,0
TXN100666,22.3,10,2.27,23.61,0,0.13,0,1,0
TXN100667,135.25,9,3.04,130.78,1,0.294,0,1,0
TXN100668,221.37,4,2.17,127.01,0,0.324,1,1,0
TXN100669,38.69,14,4.27,2.2,0,0.434,0,1,0
TXN100670,829.5,23,372.51,2.06,3,0.783,1,0,1
TXN100671,58.65,16,4.49,162.57,1,0.3,0,1,0
TXN100672,55.92,23,8.66,41.96,1,0.15,0,1,0
TXN100673,206.6,18,11.87,77.68,0,0.311,0,0,0
TXN100674,68.22,16,5.5,14.34,0,0.32,1,1,0
TXN100675,111.35,11,1.86,54.25,0,0.513,1,1,0
TXN100676,39.3,20,8.48,103.73,1,0.257,0,1,0
TXN100677,93.55,13,3.67,80.45,0,0.423,0,1,0
TXN100678,127.31,17,13.99,44.19,0,0.05,0,1,0
TXN100679,49.97,18,6.87,347.92,0,0.568,0,1,0
TXN100680,112.74,22,2.48,52.35,0,0.193,0,1,0
TXN100681,43.47,10,10.54,204.13,0,0.084,0,1,0
TXN100682,85.99,2,17.03,200.2,1,0.174,0,1,0
TXN100683,193.9488597294604,17,45.744199570568234,66.17,0,0.5189820171616335,0,1,0
TXN100684,26.38,4,1.87,181.18,0,0.342,0,1,0
TXN100685,32.75,16,6.08,12.17,0,0.321,0,1,0
TXN100686,60.3,23,3.01,3.63,0,0.247,1,1,0
TXN100687,65.7,19,7.77,127.37,0,0.158,0,1,0
TXN100688,130.77,13,6.72,109.21,1,0.078,0,0,0
TXN100689,55.17,20,17.6,176.47,0,0.586,0,1,0
TXN100690,48.69,15,2.09,125.78,0,0.408,0,1,0
TXN100691,53.64,11,8.36,84.83,0,0.339,0,0,0
TXN100692,52.75,11,6.16,94.85,0,0.259,0,1,0
TXN100693,69.55,14,10.63,587.73,0,0.121,0,0,0
TXN100694,126.22,14,2.94,326.09,0,0.319,1,1,0
TXN100695,45.29,20,10.29,22.86,0,0.339,0,1,0
TXN100696,121.87,20,3.36,30.01,0,0.454,0,1,0
TXN100697,51.78,10,23.95,27.19,0,0.179,0,0,0
TXN100698,61.733732656933576,14,63.9736590072406,164.5,0,0.6498996117856507,0,1,0
TXN100699,64.51,14,1.37,2.56,0,0.048,0,0,0
TXN100700,50.83,20,3.72,165.28,0,0.272,0,1,0
TXN100701,70.46,21,2.51,92.12,2,0.399,0,1,0
TXN100702,354.64,11,5.56,288.7,1,0.535,0,1,0
TXN100703,28.81,5,9.71,18.09,1,0.345,1,1,0
TXN100704,19.12,16,23.97,12.6,0,0.175,0,1,0
TXN100705,15.17,18,18.01,19.18,0,0.219,0,1,0
TXN100706,132.57,20,1.62,26.12,1,0.268,0,1,0
TXN100707,24.87,9,3.86,65.61,1,0.311,0,0,0
TXN100708,90.28,16,11.73,166.48,0,0.243,0,1,0
TXN100709,74.11,22,18.33,49.99,1,0.323,0,0,0
TXN100710,192.23,3,2.52,49.2,0,0.243,0,1,0
TXN100711,97.67,13,2.01,197.58,0,0.11,0,1,0
TXN100712,75.99,12,6.08,2.75,0,0.045,0,1,0
TXN100713,113.99340382550538,8,56.007817415477156,68.55,0,0.6825490003848924,0,1,0
TXN100714,33.0,1,10.14,21.8,0,0.355,0,0,0
TXN100715,228.43,19,6.59,291.63,0,0.042,0,1,0
TXN100716,17.7,8,11.95,312.14,0,0.294,0,1,0
TXN100717,11.12,13,10.61,79.7,0,0.065,0,1,0
TXN100718,91.1,0,18.75,78.55,0,0.281,0,1,0
TXN100719,97.28,2,247.64,3.97,4,0.667,1,0,1
TXN100720,57.51,2,22.85,352.27,0,0.118,0,1,0
TXN100721,27.9,5,6.75,116.93,0,0.372,0,0,0
TXN100722,102.82,12,11.62,20.95,0,0.374,0,0,0
TXN100723,52.66,13,7.24,15.5,0,0.049,0,1,0
TXN100724,21.25,19,3.02,319.66,0,0.134,0,1,0
TXN100725,28.08,8,2.62,53.35,0,0.021,0,1,0
TXN100726,14.13,16,10.86,98.32,0,0.241,0,1,0
TXN100727,41.98,4,14.92,207.6,0,0.101,0,0,0
TXN100728,30.23,1,1.03,206.19,0,0.016,0,0,0
TXN100729,201.54,15,10.08,35.11,0,0.252,0,0,0
TXN100730,26.64,22,11.86,572.26,1,0.283,0,1,0
TXN100731,18.46,14,1.98,73.59,0,0.471,0,1,0
TXN100732,135.30358106829982,15,89.32106704582843,139.14,0,0.7027609332912435,1,1,0
TXN100733,101.71,20,11.11,204.14,0,0.284,0,0,0
TXN100734,50.82,16,3.75,77.92,0,0.361,0,1,0
TXN100735,182.05,13,4.06,36.41,0,0.336,0,0,0
TXN100736,42.46,1,1.07,146.0,0,0.053,0,1,0
TXN100737,283.31,23,22.0,226.75,0,0.286,0,1,0
TXN100738,74.41,14,3.78,52.84,0,0.322,0,0,0
TXN100739,61.84,18,11.42,107.76,0,0.339,0,1,0
TXN100740,48.0,18,5.3,79.56,0,0.303,0,1,0
TXN100741,87.02,3,16.38,276.74,0,0.465,0,0,0
TXN100742,135.21462230345253,22,46.425762801320566,13.36,0,0.6036513524869405,0,1,0
TXN100743,24.98,1,6.38,23.85,1,0.038,0,1,0
TXN100744,125.15,12,10.76,31.58,3,0.339,0,1,0
TXN100745,115.43,19,3.81,88.38,0,0.199,0,0,0
TXN100746,15.13,18,4.31,35.73,0,0.252,0,0,0
TXN100747,186.69,12,2.65,420.86,0,0.449,0,1,0
TXN100748,43.04,12,2.81,13.18,1,0.261,0,0,0
TXN100749,212.31,16,4.31,316.54,2,0.18,1,1,0
TXN100750,58.91,16,2.77,131.75,0,0.375,0,1,0
TXN100751,130.89963361310748,11,13.30986132754495,91.67,0,0.6343394120679002,0,1,0
TXN100752,80.72,9,2.58,29.72,1,0.181,0,0,0
TXN100753,324.06738494124374,11,45.09817150772173,12.82,0,0.6880331592555032,0,1,0
TXN100754,128.29,8,9.27,177.94,0,0.253,0,1,0
TXN100755,24.43,9,8.33,108.0,0,0.274,0,1,0
TXN100756,55.68,14,3.85,101.78,0,0.575,1,1,0
TXN100757,258.88,19,20.8,92.73,0,0.549,0,1,0
TXN100758,34.3,19,2.31,107.67,0,0.234,0,0,0
TXN100759,558.9140705497737,0,78.35478743966507,6.71,0,0.6792354551707884,0,1,0
TXN100760,18.35,15,2.41,22.63,0,0.496,0,1,0
TXN100761,196.24201863098898,10,85.52672107199514,95.78,4,0.7731417647889092,0,1,0
TXN100762,27.56,8,14.31,26.75,0,0.116,0,1,0
TXN100763,64.78,1,0.42,278.73,0,0.123,0,1,0
TXN100764,113.8,16,8.95,155.71,0,0.487,0,1,0
TXN100765,125.24,15,7.72,74.47,0,0.382,1,1,0
TXN100766,77.95,15,4.42,81.4,0,0.57,0,1,0
TXN100767,81.62,19,11.78,18.25,2,0.327,0,0,0
TXN100768,79.16,8,1.56,138.23,1,0.532,0,1,0
TXN100769,64.7,11,4.81,58.26,0,0.141,0,1,0
TXN100770,155.3,15,6.65,88.25,0,0.068,0,0,0
TXN100771,146.32,15,5.41,34.01,1,0.62,0,1,0
TXN100772,91.37,9,7.05,34.63,0,0.323,0,0,0
TXN100773,13.74,16,8.05,57.28,0,0.235,0,1,0
TXN100774,34.968298164623704,5,16.18950300185832,193.34,0,0.649735773785592,0,1,0
TXN100775,93.64,15,6.47,76.6,1,0.379,0,1,0
TXN100776,220.44,10,1.57,91.84,0,0.265,0,0,0
TXN100777,265.58,18,0.58,13.48,0,0.102,0,1,0
TXN100778,35.09,13,10.55,37.85,1,0.366,0,0,0
TXN100779,55.38,14,3.84,76.38,1,0.134,0,1,0
TXN100780,95.55,22,3.74,95.97,0,0.267,0,1,0
TXN100781,26.55,20,5.8,50.7,0,0.264,0,0,0
TXN100782,53.31,8,1.24,18.6,1,0.708,0,0,0
TXN100783,12.09,6,5.9,14.99,0,0.286,0,1,0
TXN100784,71.95,19,8.55,119.58,0,0.23,0,1,0
TXN100785,35.86,18,23.72,35.73,0,0.482,0,1,0
TXN100786,60.13,2,12.68,667.99,0,0.292,0,1,0
TXN100787,465.0,0,239.48,1.45,4,0.524,1,0,1
TXN100788,32.5,20,4.2,15.84,0,0.792,0,0,0
TXN100789,33.59,9,3.89,186.62,0,0.224,0,1,0
TXN100790,164.53,8,5.16,641.34,1,0.422,0,1,0
TXN100791,30.47,12,24.01,124.52,0,0.362,0,1,0
TXN100792,30.65,7,1.68,172.51,0,0.132,0,1,0
TXN100793,18.92,17,0.92,7.26,1,0.246,0,1,0
TXN100794,1190.14,2,372.65,2.09,2,0.802,1,0,1
TXN100795,79.06,8,11.21,52.32,1,0.261,0,1,0
TXN100796,149.87,20,6.09,116.32,0,0.321,0,1,0
TXN100797,33.36,20,13.52,175.93,1,0.313,0,1,0
TXN100798,38.99,18,1.58,43.98,0,0.069,0,1,0
TXN100799,77.07159769378578,8,69.24445013514077,91.03,1,0.6517490295823792,0,1,0
TXN100800,18.26,16,7.58,4.04,1,0.436,1,1,0
TXN100801,7.45,19,2.35,7.2,0,0.623,0,1,0
TXN100802,113.45,10,5.76,109.07,0,0.197,1,1,0
TXN100803,122.43,18,2.78,144.57,2,0.434,1,1,0
TXN100804,36.15,11,6.24,431.0,1,0.116,0,1,0
TXN100805,156.0,15,6.95,113.2,0,0.068,0,0,0
TXN100806,131.74,16,8.72,74.07,1,0.03,0,1,0
TXN100807,92.24,11,4.21,6.8,0,0.293,0,1,0
TXN100808,20.62,13,4.61,301.79,0,0.167,0,1,0
TXN100809,60.77,15,4.52,25.35,0,0.446,0,1,0
TXN100810,228.44693682724306,13,41.08870001012437,21.0,1,0.7750835149062787,0,1,0
TXN100811,214.65638398434598,6,98.49863667179231,21.39,0,0.6972195459690282,1,1,0
TXN100812,40.96,15,13.04,26.47,1,0.083,0,1,0
TXN100813,109.9,1,12.32,73.09,0,0.514,0,1,0
TXN100814,34.35,15,2.02,14.73,0,0.144,0,1,0
TXN100815,32.66,17,2.43,377.35,0,0.391,0,0,0
TXN100816,223.25,9,3.32,204.41,0,0.307,1,0,0
TXN100817,89.76,16,6.61,35.11,2,0.112,0,1,0
TXN100818,5.78,9,18.31,0.36,1,0.227,0,1,0
TXN100819,87.85,13,2.01,63.52,0,0.121,0,0,0
TXN100820,34.4,17,11.56,15.57,0,0.575,0,0,0
TXN100821,194.1,19,11.51,14.38,0,0.635,0,1,0
TXN100822,118.43373962700375,0,16.221805593194002,201.71,1,0.7969488918872323,0,1,0
TXN100823,47.6,17,10.87,0.85,0,0.197,0,0,0
TXN100824,36.5,20,8.77,25.33,0,0.158,0,1,0
TXN100825,34.93,20,12.03,139.33,0,0.514,0,1,0
TXN100826,41.86,4,2.94,46.55,0,0.499,0,1,0
TXN100827,141.5,5,5.85,115.24,0,0.056,0,1,0
TXN100828,115.17,3,4.57,12.63,0,0.395,0,1,0
TXN100829,131.85,13,19.56,207.47,0,0.061,0,1,0
TXN100830,106.9,14,13.86,371.12,1,0.11,0,1,0
TXN100831,109.78,14,7.02,63.92,0,0.536,0,1,0
TXN100832,119.41,20,10.43,105.06,1,0.335,0,0,0
TXN100833,26.7,18,11.61,241.07,1,0.273,0,0,0
TXN100834,29.6,11,5.37,57.54,1,0.149,0,1,0
TXN100835,23.74,12,7.31,316.69,0,0.226,0,1,0
TXN100836,26.71,14,12.21,183.77,0,0.397,0,1,0
TXN100837,129.22,2,1.98,37.12,0,0.323,0,0,0
TXN100838,117.54,12,1.35,184.28,0,0.242,0,1,0
TXN100839,130.75,17,13.12,28.09,0,0.183,0,0,0
TXN100840,36.71,8,1.74,22.05,0,0.249,1,1,0
TXN100841,283.95,3,84.58,0.63,4,0.923,1,0,1
TXN100842,64.24,19,4.11,476.63,0,0.731,0,1,0
TXN100843,122.97,23,7.38,176.29,0,0.113,0,1,0
TXN100844,49.88,11,5.53,75.77,1,0.264,0,1,0
TXN100845,10.81,22,2.95,75.98,1,0.203,0,1,0
TXN100846,95.77,18,0.53,7.19,0,0.086,1,1,0
TXN100847,23.59,11,0.75,39.36,0,0.192,0,1,0
TXN100848,195.38,17,1.86,17.49,0,0.516,0,1,0
TXN100849,135.37,9,0.4,174.67,0,0.209,0,1,0
TXN100850,86.67,19,3.4,83.42,1,0.37,0,1,0
TXN100851,81.76,19,10.62,334.05,0,0.331,0,0,0
TXN100852,147.38,10,2.41,251.34,0,0.121,1,1,0
TXN100853,86.89,14,30.44,24.35,1,0.395,0,1,0
TXN100854,86.22,16,14.76,27.18,0,0.158,0,0,0
TXN100855,176.16,23,8.79,32.8,0,0.353,0,1,0
TXN100856,34.78,8,7.95,720.36,0,0.683,0,1,0
TXN100857,58.81,11,1.83,93.27,0,0.421,0,1,0
TXN100858,102.41,17,2.66,6.87,1,0.239,0,1,0
TXN100859,135.16,8,11.63,18.73,0,0.576,0,1,0
TXN100860,52.85,9,10.21,98.11,0,0.206,0,1,0
TXN100861,178.8,18,2.82,8.51,0,0.123,0,1,0
TXN100862,43.95,12,17.66,31.94,0,0.121,0,1,0
TXN100863,57.78,15,3.54,100.66,0,0.076,0,0,0
TXN100864,2.52,9,14.34,1.04,0,0.33,0,0,0
TXN100865,14.0,10,9.57,10.79,0,0.185,0,1,0
TXN100866,54.47,18,12.73,44.07,0,0.246,0,0,0
TXN100867,159.8,6,3.93,106.21,0,0.225,0,0,0
TXN100868,173.47,7,0.16,105.92,0,0.373,0,0,0
TXN100869,12.2,1,26.73,440.06,0,0.197,0,1,0
TXN100870,59.47,8,1.75,15.39,2,0.31,0,1,0
TXN100871,72.98,18,3.55,134.0,0,0.32,0,1,0
TXN100872,44.01,6,0.71,29.12,0,0.485,0,1,0
TXN100873,45.38,23,8.01,40.05,1,0.688,0,1,0
TXN100874,217.08,10,9.74,44.4,0,0.393,0,1,0
TXN100875,311.72,11,10.33,46.94,0,0.27,0,1,0
TXN100876,59.67,11,9.1,249.06,0,0.321,0,1,0
TXN100877,81.88,11,9.4,71.32,0,0.509,0,1,0
TXN100878,290.69,5,211.43,9.02,1,0.551,0,0,1
TXN100879,7.29,19,0.7,506.61,0,0.322,0,1,0
TXN100880,112.13,17,6.84,77.2,0,0.267,0,1,0
TXN100881,310.66,4,326.84,0.88,6,0.686,1,0,1
TXN100882,616.13,3,162.25,8.36,6,0.771,0,0,1
TXN100883,333.13,17,27.82,75.82,0,0.319,0,1,0
TXN100884,118.56,9,1.04,64.3,0,0.032,0,1,0
TXN100885,66.09801023470601,10,31.055525705557358,152.97,1,0.7874064654890158,0,1,0
TXN100886,66.11,23,0.52,91.44,0,0.337,0,0,0
TXN100887,11.72,4,6.02,68.24,1,0.292,0,1,0
TXN100888,101.94,8,8.9,1.01,0,0.192,0,0,0
TXN100889,24.81,10,6.98,96.65,1,0.128,0,1,0
TXN100890,274.4948247375561,9,16.639379993126916,9.69,0,0.5870563409219179,0,0,0
TXN100891,115.36,8,16.19,82.13,0,0.203,0,1,0
TXN100892,56.08,20,15.0,279.59,0,0.584,0,1,0
TXN100893,105.0,8,3.41,23.94,0,0.168,0,1,0
TXN100894,93.04,20,8.22,75.87,0,0.087,0,1,0
TXN100895,83.52,19,7.41,152.43,0,0.3,0,0,0
TXN100896,2.66,9,1.77,30.02,1,0.254,0,1,0
TXN100897,78.69,18,28.52,176.03,1,0.324,0,0,0
TXN100898,66.68,4,7.75,50.42,1,0.377,0,0,0
TXN100899,51.12,11,18.63,73.86,0,0.453,0,1,0
TXN100900,89.41,10,6.67,307.12,0,0.313,0,1,0
TXN100901,67.74,23,10.12,15.48,0,0.281,0,0,0
TXN100902,21.94,19,4.81,27.38,0,0.169,0,0,0
TXN100903,143.21,19,6.11,257.51,0,0.155,0,1,0
TXN100904,8.29,8,3.48,311.09,0,0.432,0,1,0
TXN100905,409.39,12,452.78,2.31,6,0.798,0,0,1
TXN100906,106.63,1,328.69,21.15,6,0.72,1,0,1
TXN100907,104.37,17,6.38,7.13,0,0.289,0,1,0
TXN100908,119.44,19,3.18,189.08,0,0.162,0,0,0
TXN100909,128.71,13,4.38,93.36,0,0.548,0,1,0
TXN100910,49.79,13,5.32,17.54,0,0.305,0,0,0
TXN100911,551.54,23,499.28,0.83,4,0.623,0,0,1
TXN100912,38.87,14,6.98,227.77,0,0.11,0,1,0
TXN100913,35.9,16,10.87,91.98,2,0.145,0,1,0
TXN100914,70.78,16,17.41,26.56,2,0.4,0,1,0
TXN100915,24.99,1,3.14,272.57,1,0.436,0,1,0
TXN100916,81.89,14,1.29,15.04,0,0.333,0,1,0
TXN100917,40.85,20,1.33,74.44,2,0.449,0,0,0
TXN100918,104.96,10,1.7,8.14,0,0.424,0,1,0
TXN100919,29.91,12,35.05,39.97,0,0.614,0,0,0
TXN100920,54.95,20,14.86,274.31,0,0.12,0,1,0
TXN100921,131.29,20,4.18,6.31,0,0.386,0,1,0
TXN100922,16.57,2,0.75,109.19,0,0.231,0,1,0
TXN100923,10.65,17,8.58,42.62,0,0.2,0,1,0
TXN100924,72.22,19,13.09,85.66,1,0.059,0,0,0
TXN100925,305.51,17,575.63,5.96,0,0.885,0,0,1
TXN100926,153.91,10,16.1,31.45,0,0.248,0,1,0
TXN100927,162.4,12,3.3,101.05,0,0.042,0,1,0
TXN100928,45.46,8,6.36,160.16,0,0.069,0,1,0
TXN100929,59.58,15,4.86,87.8,1,0.378,0,1,0
TXN100930,175.49,2,2.29,82.37,1,0.198,0,1,0
TXN100931,68.05,17,18.06,76.29,1,0.243,0,1,0
TXN100932,191.41,15,3.66,447.12,0,0.232,0,1,0
TXN100933,56.39,9,14.39,44.07,0,0.462,0,1,0
TXN100934,58.16,17,13.19,128.64,0,0.498,0,1,0
TXN100935,58.12,18,5.43,311.82,1,0.504,0,1,0
TXN100936,59.66,17,7.91,23.37,0,0.127,0,1,0
TXN100937,50.12,19,5.56,40.65,0,0.288,0,0,0
TXN100938,63.21,8,3.13,37.34,0,0.3,0,1,0
TXN100939,65.64,12,5.83,42.01,0,0.107,0,0,0
TXN100940,280.39,2,423.98,5.32,10,0.688,1,1,1
TXN100941,78.49,9,12.46,202.7,0,0.109,0,1,0
TXN100942,25.22,11,7.73,34.68,1,0.299,0,1,0
TXN100943,16.25,5,2.13,300.04,0,0.131,0,1,0
TXN100944,79.59,17,4.64,679.29,0,0.261,0,1,0
TXN100945,109.49,11,4.73,30.31,0,0.342,0,1,0
TXN100946,60.24,8,5.17,505.79,0,0.312,0,1,0
TXN100947,9.11,13,15.99,40.44,2,0.101,0,1,0
TXN100948,26.09,18,1.86,55.17,0,0.284,0,1,0
TXN100949,218.51,8,22.42,48.05,0,0.287,0,0,0
TXN100950,64.13,19,2.12,170.89,1,0.059,0,1,0
TXN100951,112.98,20,8.0,775.94,0,0.194,1,1,0
TXN100952,174.66,13,17.93,45.73,0,0.501,0,1,0
TXN100953,66.89,8,8.47,97.63,0,0.248,0,1,0
TXN100954,64.21,10,4.07,27.96,0,0.359,0,0,0
TXN100955,145.08,19,3.32,94.06,1,0.098,0,0,0
TXN100956,71.02,11,9.3,664.78,0,0.351,0,1,0
TXN100957,1072.26,7,192.36,0.4,7,0.784,1,0,1
TXN100958,59.89,16,1.99,55.09,0,0.382,0,1,0
TXN100959,62.54,21,5.28,15.79,1,0.047,0,1,0
TXN100960,72.61,14,1.3,72.01,0,0.072,0,1,0
TXN100961,25.32,13,7.66,84.09,0,0.197,0,1,0
TXN100962,40.0,16,9.55,183.38,0,0.182,0,1,0
TXN100963,27.02,16,8.37,465.14,1,0.293,0,1,0
TXN100964,185.02,8,11.67,49.37,0,0.252,0,1,0
TXN100965,35.69,19,16.29,12.54,0,0.34,0,0,0
TXN100966,356.31,19,8.9,244.78,0,0.378,0,1,0
TXN100967,382.7816891316944,12,12.421535382927127,53.55,1,0.7272151503748256,0,1,0
TXN100968,122.75,12,6.86,73.48,0,0.176,0,1,0
TXN100969,34.64,0,2.2,75.28,0,0.295,0,1,0
TXN100970,19.66,8,2.98,13.49,1,0.159,0,1,0
TXN100971,60.16,18,4.92,62.53,0,0.089,0,1,0
TXN100972,265.0,11,189.22,6.17,5,0.67,1,0,1
TXN100973,128.94,18,8.32,92.47,0,0.276,0,1,0
TXN100974,111.42,15,2.78,39.89,0,0.272,0,1,0
TXN100975,99.29,10,4.81,250.93,0,0.342,0,0,0
TXN100976,36.03435573517343,20,220.43887518359173,5.01,0,0.6307178721157929,0,1,0
TXN100977,75.32,10,2.55,74.69,2,0.207,1,0,0
TXN100978,38.83,13,11.96,30.3,0,0.394,0,1,0
TXN100979,49.3,17,8.22,201.31,0,0.118,0,1,0
TXN100980,72.85,13,5.65,35.19,0,0.316,0,1,0
TXN100981,46.59,8,2.93,259.75,0,0.276,0,1,0
TXN100982,81.86,2,10.2,150.12,0,0.393,0,1,0
TXN100983,77.98,18,9.85,23.24,0,0.389,0,1,0
TXN100984,152.94,13,0.83,1.09,2,0.273,0,1,0
TXN100985,29.23,13,4.26,83.94,1,0.199,0,1,0
TXN100986,37.25,12,0.47,57.02,0,0.041,0,1,0
TXN100987,50.35,8,2.75,381.68,1,0.061,0,1,0
TXN100988,57.4,23,20.82,0.21,0,0.588,0,1,0
TXN100989,41.32,21,5.61,44.81,0,0.103,0,1,0
TXN100990,48.01,14,1.24,213.72,0,0.346,0,1,0
TXN100991,44.71,8,12.24,19.71,0,0.368,0,1,0
TXN100992,109.72,23,7.96,36.78,1,0.307,0,1,0
TXN100993,176.48,3,8.98,141.88,0,0.107,0,0,0
TXN100994,82.05,18,16.41,82.46,0,0.055,0,0,0
TXN100995,91.91,20,3.15,130.17,0,0.305,0,1,0
TXN100996,166.36,12,21.36,38.72,0,0.248,0,1,0
TXN100997,74.96,6,11.21,48.6,1,0.335,0,1,0
TXN100998,155.95,1,1.32,308.32,0,0.088,0,1,0
TXN100999,60.73,0,3.2,5.66,0,0.097,0,1,0
TXN101000,9.22,14,10.36,229.8,0,0.093,0,1,0
TXN101001,8.25,16,3.03,403.62,0,0.44,0,1,0
TXN101002,76.42,18,3.76,48.44,0,0.544,0,1,0
TXN101003,173.93,18,4.29,120.73,0,0.351,0,1,0
TXN101004,43.09,18,5.9,50.69,1,0.397,0,1,0
TXN101005,44.24,14,8.91,86.25,2,0.202,0,1,0
TXN101006,67.54,12,1.48,582.36,0,0.438,0,0,0
TXN101007,219.4,18,5.52,54.2,1,0.177,0,0,0
TXN101008,110.45,20,3.53,150.54,1,0.16,0,1,0
TXN101009,82.44,16,2.53,12.41,1,0.317,0,1,0
TXN101010,191.70866659553226,18,43.52518419812021,33.33,1,0.6696446207900626,0,1,0
TXN101011,62.49,22,1.86,51.49,0,0.405,0,1,0
TXN101012,159.8366963561131,12,185.86834170042152,133.9,0,0.7032019361880937,0,1,0
TXN101013,24.3915243271212,19,13.08923861811395,124.24,0,0.7084374026546434,0,1,0
TXN101014,120.6,9,2.26,371.44,2,0.452,0,1,0
TXN101015,79.09,18,14.92,88.93,0,0.276,0,0,0
TXN101016,101.29,0,0.94,33.4,0,0.34,0,1,0
TXN101017,61.4,14,15.38,222.85,0,0.131,0,0,0
TXN101018,87.21,11,8.56,100.42,0,0.429,0,0,0
TXN101019,357.83,3,371.92,8.22,3,0.869,0,0,1
TXN101020,52.5,10,17.69,211.73,0,0.546,0,1,0
TXN101021,109.7,20,0.12,4.42,1,0.19,0,0,0
TXN101022,125.54,22,1.22,39.4,0,0.416,0,1,0
TXN101023,122.86,8,5.53,76.57,1,0.099,0,1,0
TXN101024,45.69,19,2.42,244.9,0,0.05,0,1,0
TXN101025,320.19,1,8.56,72.99,0,0.053,0,1,0
TXN101026,134.52,17,1.51,222.15,0,0.217,0,1,0
TXN101027,103.49,16,7.54,104.02,0,0.292,0,1,0
TXN101028,239.12,5,68.05,0.33,5,0.973,1,0,1
TXN101029,21.3,13,2.82,41.41,0,0.387,0,1,0
TXN101030,4.21,18,5.05,272.05,0,0.419,0,1,0
TXN101031,106.98,12,2.85,134.79,0,0.283,0,1,0
TXN101032,108.7,21,2.24,48.67,2,0.341,0,1,0
TXN101033,89.02,18,4.72,4.53,0,0.429,0,1,0
TXN101034,79.39,23,18.58,36.07,0,0.053,0,0,0
TXN101035,44.51,15,15.29,82.12,0,0.165,0,1,0
TXN101036,91.43,21,7.11,175.25,2,0.339,0,1,0
TXN101037,31.34,2,7.14,465.88,0,0.343,0,1,0
TXN101038,29.560370277226188,15,100.59540000887166,89.95,0,0.7247822024694278,0,1,0
TXN101039,77.55,22,2.1,88.78,1,0.452,0,1,0
TXN101040,72.42,11,9.2,354.22,1,0.251,0,1,0
TXN101041,38.04,8,0.63,96.5,0,0.293,0,1,0
TXN101042,41.98,14,4.79,31.88,0,0.671,0,1,0
TXN101043,174.15238245065893,17,60.75380757003535,46.81,0,0.7860538206548575,0,0,0
TXN101044,289.21,0,92.33,2.85,6,0.618,1,0,1
TXN101045,101.71,17,4.07,282.19,0,0.272,0,1,0
TXN101046,90.28,20,7.49,36.84,0,0.132,0,1,0
TXN101047,95.5,8,2.94,24.52,0,0.324,0,1,0
TXN101048,68.2,10,3.57,330.17,0,0.371,0,1,0
TXN101049,33.8839413683273,12,97.68973243120897,40.67,1,0.5683864493643171,0,1,0
TXN101050,47.03,12,10.1,315.86,0,0.296,0,1,0
TXN101051,40.72,18,0.45,19.89,0,0.132,0,1,0
TXN101052,24.36,19,38.48,178.9,0,0.095,0,1,0
TXN101053,722.22,1,21.3,2.95,3,0.839,1,0,1
TXN101054,126.42,19,0.93,152.49,1,0.121,1,1,0
TXN101055,53.65,1,7.96,108.58,0,0.159,0,1,0
TXN101056,166.46,5,3.47,54.99,0,0.6,0,1,0
TXN101057,22.27,10,1.15,60.86,0,0.178,0,1,0
TXN101058,66.2,13,4.73,15.05,0,0.271,0,0,0
TXN101059,97.75,17,4.76,112.43,0,0.289,0,1,0
TXN101060,114.99,5,1.25,41.07,1,0.092,0,0,0
TXN101061,197.37,9,10.16,47.78,0,0.172,0,0,0
TXN101062,107.4,20,13.8,256.11,0,0.227,0,1,0
TXN101063,118.16,18,1.85,168.9,1,0.603,1,1,0
TXN101064,1704.78,17,389.98,4.44,5,0.431,0,0,1
TXN101065,46.62,10,12.26,28.62,0,0.395,0,0,0
TXN101066,89.55,8,2.94,199.66,1,0.607,0,1,0
TXN101067,68.43,9,9.03,134.6,0,0.041,0,1,0
TXN101068,25.06,0,1.4,134.25,0,0.48,0,0,0
TXN101069,99.53,8,15.76,137.42,0,0.281,0,1,0
TXN101070,46.46,17,2.39,29.31,0,0.497,0,1,0
TXN101071,45.55,9,4.87,293.08,0,0.032,0,0,0
TXN101072,56.56,16,9.55,43.24,0,0.053,0,0,0
TXN101073,35.37,17,4.99,7.9,0,0.491,0,1,0
TXN101074,69.85,17,2.43,18.78,0,0.331,0,1,0
TXN101075,91.76,8,17.54,45.82,0,0.24,0,1,0
TXN101076,71.58,12,1.56,530.59,1,0.166,1,1,0
TXN101077,82.23,0,5.87,98.82,0,0.563,0,1,0
TXN101078,39.87,23,9.78,39.64,1,0.461,0,0,0
TXN101079,12.02,16,3.94,198.42,0,0.338,0,1,0
TXN101080,41.33,9,2.33,25.61,0,0.109,0,1,0
TXN101081,57.91,15,7.79,23.62,0,0.37,0,0,0
TXN101082,85.52,10,2.59,0.07,2,0.169,0,1,0
TXN101083,55.26,12,7.06,75.3,0,0.318,0,1,0
TXN101084,45.46,13,27.2,287.72,0,0.059,0,1,0
TXN101085,18.53,10,10.43,79.31,1,0.145,0,1,0
TXN101086,38.37,18,7.38,8.49,0,0.09,0,1,0
TXN101087,13.58,11,6.43,7.5,0,0.667,1,1,0
TXN101088,7.67,10,1.39,121.52,0,0.131,0,1,0
TXN101089,114.15,10,2.0,2.2,2,0.217,0,1,0
TXN101090,30.82,14,3.24,84.91,0,0.299,0,1,0
TXN101091,103.75,8,1.55,2.1,0,0.349,1,1,0
TXN101092,210.50942773351954,14,165.47914425805658,55.52,0,0.7529714638978904,0,0,0
TXN101093,25.55,16,7.31,178.44,0,0.044,0,1,0
TXN101094,174.85,10,8.73,351.38,0,0.123,0,1,0
TXN101095,40.73,15,15.83,69.78,0,0.179,0,0,0
TXN101096,29.8,17,6.48,56.15,0,0.144,0,1,0
TXN101097,100.96,20,4.46,214.86,0,0.043,0,1,0
TXN101098,122.53143909396266,6,70.60868811268331,45.4,1,0.6241018971882972,0,1,0
TXN101099,18.25,8,6.14,71.45,0,0.237,1,1,0
TXN101100,201.14,4,5.36,450.64,1,0.201,0,1,0
TXN101101,27.88,17,3.9,128.54,0,0.152,0,0,0
TXN101102,91.88,13,7.93,114.84,0,0.371,0,1,0
TXN101103,46.653864218260146,9,266.8092835063865,56.0,0,0.7895830928449101,0,0,0
TXN101104,138.76,17,11.99,95.81,0,0.138,0,1,0
TXN101105,46.39,23,1.83,62.58,0,0.235,0,1,0
TXN101106,40.34,12,3.12,0.18,0,0.014,0,0,0
TXN101107,51.91,13,10.69,2.24,0,0.241,0,1,0
TXN101108,343.93,14,6.62,283.87,1,0.172,0,1,0
TXN101109,25.76,18,24.56,106.81,0,0.515,0,1,0
TXN101110,113.59,20,3.77,131.83,0,0.151,0,1,0
TXN101111,77.21,12,4.09,7.03,0,0.075,0,1,0
TXN101112,288.02,9,4.03,162.36,0,0.262,1,1,0
TXN101113,79.42,12,6.65,271.88,1,0.57,0,0,0
TXN101114,19.13,19,8.54,31.26,0,0.107,0,1,0
TXN101115,103.53,12,1.95,92.43,0,0.17,0,1,0
TXN101116,67.59,0,9.74,204.52,1,0.06,1,1,0
TXN101117,14.43,20,5.39,216.52,0,0.289,0,1,0
TXN101118,141.59,10,10.08,214.81,0,0.48,0,1,0
TXN101119,126.98,11,12.67,5.07,0,0.27,0,1,0
TXN101120,773.0,8,121.45,5.33,4,0.671,1,0,1
TXN101121,70.89,13,1.63,84.26,0,0.373,0,1,0
TXN101122,95.41,14,3.42,8.04,0,0.351,0,1,0
TXN101123,154.85,21,5.58,58.12,0,0.379,0,1,0
TXN101124,32.71,18,5.13,217.61,0,0.521,0,0,0
TXN101125,109.16,6,8.04,218.26,0,0.437,0,1,0
TXN101126,125.69,11,7.8,590.7,0,0.076,0,1,0
TXN101127,89.61,16,14.16,192.34,1,0.384,0,1,0
TXN101128,30.84,23,6.33,31.56,0,0.275,0,1,0
TXN101129,282.85,10,7.49,298.84,0,0.453,0,1,0
TXN101130,73.7,10,4.16,429.36,1,0.116,0,1,0
TXN101131,61.31,7,14.81,119.42,0,0.473,0,1,0
TXN101132,124.47,13,0.34,102.61,1,0.407,0,1,0
TXN101133,37.35,1,9.6,152.88,0,0.544,0,1,0
TXN101134,104.43,19,5.02,53.82,1,0.227,0,1,0
TXN101135,73.29,12,6.41,88.63,1,0.192,0,0,0
TXN101136,67.26,11,0.64,82.6,0,0.194,0,1,0
TXN101137,69.12,15,6.26,125.32,0,0.503,0,0,0
TXN101138,24.24,17,6.81,91.97,0,0.149,0,0,0
TXN101139,28.53,16,9.84,170.97,0,0.549,1,1,0
TXN101140,36.9,19,1.93,201.98,0,0.314,0,1,0
TXN101141,120.6,17,4.94,233.75,0,0.326,0,1,0
TXN101142,162.13,17,13.29,294.44,1,0.447,0,1,0
TXN101143,71.49,22,6.92,3.36,0,0.185,0,1,0
TXN101144,63.61,11,20.01,9.39,0,0.277,0,1,0
TXN101145,66.65,18,0.63,209.66,0,0.175,0,1,0
TXN101146,3.29,16,1.75,35.27,1,0.121,0,0,0
TXN101147,49.04,15,6.88,0.14,0,0.282,0,1,0
TXN101148,61.15,14,3.22,284.03,0,0.153,0,1,0
TXN101149,151.26,9,12.66,60.84,0,0.142,0,0,0
TXN101150,29.32,6,10.65,11.52,0,0.368,0,1,0
TXN101151,70.52,5,6.17,18.35,0,0.122,0,1,0
TXN101152,63.87,2,5.92,144.32,0,0.139,0,1,0
TXN101153,98.15,18,2.42,18.8,1,0.023,0,0,0
TXN101154,23.63,12,2.94,74.49,0,0.035,0,1,0
TXN101155,66.81,14,3.62,176.5,0,0.43,0,1,0
TXN101156,73.12,18,27.86,147.38,0,0.312,0,1,0
TXN101157,71.31,6,4.5,351.47,1,0.456,0,1,0
TXN101158,533.97,22,304.53,0.56,2,0.436,0,0,1
TXN101159,52.17,8,13.97,200.86,0,0.369,0,0,0
TXN101160,41.18,17,7.25,19.53,0,0.442,0,1,0
TXN101161,117.01,9,18.32,89.77,0,0.186,0,1,0
TXN101162,81.01,11,0.62,6.25,1,0.168,0,0,0
TXN101163,27.95,20,2.31,98.9,0,0.294,0,1,0
TXN101164,65.52,16,8.88,208.38,1,0.222,0,1,0
TXN101165,34.43,16,15.0,81.95,0,0.221,0,1,0
TXN101166,133.74,3,2.32,119.22,1,0.285,0,1,0
TXN101167,72.34,11,1.23,49.71,1,0.125,0,0,0
TXN101168,135.26,10,0.86,13.46,0,0.594,0,1,0
TXN101169,592.9,12,12.06,270.13,0,0.034,0,1,0
TXN101170,60.28,15,8.5,87.81,0,0.439,0,0,0
TXN101171,140.11,0,1.44,35.66,0,0.162,0,1,0
TXN101172,141.37839248789632,10,112.80371624513774,72.83,0,0.7049904701918603,0,1,0
TXN101173,124.95,20,4.39,5.29,1,0.252,0,1,0
TXN101174,22.77,4,17.02,7.22,1,0.381,0,0,0
TXN101175,87.84,14,1.88,238.4,0,0.126,0,0,0
TXN101176,43.37,18,1.86,54.37,1,0.283,0,1,0
TXN101177,38.19,9,6.3,0.53,0,0.252,1,1,0
TXN101178,39.3,18,16.66,1.13,0,0.335,0,1,0
TXN101179,27.82,10,14.71,104.18,0,0.393,0,0,0
TXN101180,21.69,10,9.83,218.13,0,0.328,0,1,0
TXN101181,56.59,8,0.97,61.9,1,0.108,1,0,0
TXN101182,14.64,14,1.93,205.23,1,0.375,0,1,0
TXN101183,104.08,16,1.06,37.51,0,0.406,0,1,0
TXN101184,13.72,20,0.72,171.42,1,0.382,0,0,0
TXN101185,23.7,14,6.75,242.89,0,0.169,0,1,0
TXN101186,44.87,15,11.25,191.63,1,0.501,0,1,0
TXN101187,144.36,8,3.33,94.93,0,0.119,0,0,0
TXN101188,27.17,16,1.27,3.61,0,0.692,1,1,0
TXN101189,53.93,22,4.73,31.86,0,0.468,1,1,0
TXN101190,57.47,14,3.25,9.03,0,0.348,0,0,0
TXN101191,167.77,8,12.19,47.26,0,0.421,0,1,0
TXN101192,86.91,16,7.71,38.67,0,0.44,0,1,0
TXN101193,375.04,19,164.47,5.9,6,0.331,0,0,1
TXN101194,83.16,20,7.26,277.07,1,0.15,0,1,0
TXN101195,213.37,10,3.34,158.32,0,0.279,0,0,0
TXN101196,168.93,9,4.36,23.16,0,0.39,0,1,0
TXN101197,49.39,14,8.54,404.48,2,0.459,0,0,0
TXN101198,42.77,16,10.61,191.73,2,0.119,0,1,0
TXN101199,195.93,15,2.06,183.25,0,0.35,0,0,0
TXN101200,11.37,7,5.62,152.15,0,0.104,0,1,0
TXN101201,82.27,10,4.31,82.64,0,0.365,0,1,0
TXN101202,43.11,4,2.64,283.57,0,0.307,0,1,0
TXN101203,35.57,14,6.85,195.57,1,0.331,0,1,0
TXN101204,65.8,16,0.13,26.82,0,0.372,0,1,0
TXN101205,45.37,20,10.81,7.03,1,0.134,0,1,0
TXN101206,125.48,16,7.27,239.77,0,0.221,0,1,0
TXN101207,73.81,5,3.08,191.04,0,0.379,0,1,0
TXN101208,40.1,19,0.81,77.49,0,0.18,0,1,0
TXN101209,134.05,23,5.48,49.95,0,0.341,1,1,0
TXN101210,49.61,3,3.02,152.53,0,0.069,0,1,0
TXN101211,121.42,8,0.97,13.02,1,0.409,0,0,0
TXN101212,118.37,14,4.68,73.53,0,0.072,1,1,0
TXN101213,75.16,1,4.61,55.67,0,0.209,0,1,0
TXN101214,22.66,21,10.4,99.69,0,0.235,0,1,0
TXN101215,55.54,19,10.36,46.62,1,0.271,0,1,0
TXN101216,92.63,9,6.48,40.63,0,0.101,0,1,0
TXN101217,46.44,13,8.74,124.23,0,0.393,0,0,0
TXN101218,228.55,10,8.8,86.92,1,0.227,0,1,0
TXN101219,77.07,17,1.54,15.21,0,0.594,0,1,0
TXN101220,49.18,19,1.17,77.25,2,0.311,0,1,0
TXN101221,106.59,16,13.72,6.0,0,0.228,0,1,0
TXN101222,63.59,8,6.3,156.49,1,0.124,0,1,0
TXN101223,45.25,17,8.51,40.49,2,0.117,0,1,0
TXN101224,18.18,8,7.9,160.33,1,0.297,0,0,0
TXN101225,114.92,2,4.52,54.03,0,0.206,0,1,0
TXN101226,143.93,13,4.48,34.28,0,0.471,0,1,0
TXN101227,165.41,19,6.22,20.43,1,0.068,1,1,0
TXN101228,52.25,9,16.57,104.62,0,0.168,0,1,0
TXN101229,75.91,22,25.93,203.34,0,0.027,0,1,0
TXN101230,87.49,19,14.19,172.95,0,0.273,0,1,0
TXN101231,42.61,15,9.65,111.7,0,0.326,0,1,0
TXN101232,103.77,10,10.69,8.44,0,0.173,0,0,0
TXN101233,97.43,13,19.89,94.97,0,0.52,0,0,0
TXN101234,67.73,10,2.9,93.89,0,0.309,0,1,0
TXN101235,103.47,12,3.89,391.93,0,0.077,0,1,0
TXN101236,148.43,18,4.09,29.69,1,0.307,0,1,0
TXN101237,103.28,23,17.86,156.03,0,0.203,0,1,0
TXN101238,11.98,14,38.59,72.23,0,0.567,0,1,0
TXN101239,635.21,3,326.49,0.24,6,0.796,0,0,1
TXN101240,169.09,0,3.74,45.1,0,0.543,0,0,0
TXN101241,97.15,1,12.11,104.22,0,0.074,0,0,0
TXN101242,25.05,12,10.99,191.67,1,0.062,0,1,0
TXN101243,64.76,15,10.46,221.93,0,0.397,1,1,0
TXN101244,80.44,12,11.2,234.89,0,0.136,0,1,0
TXN101245,65.46,2,1.06,235.37,0,0.681,0,0,0
TXN101246,134.34,16,11.9,64.77,1,0.349,0,1,0
TXN101247,100.17,14,2.93,78.17,0,0.406,0,1,0
TXN101248,71.92,16,2.02,43.21,0,0.62,0,0,0
TXN101249,29.47,21,5.68,151.69,1,0.222,0,1,0
TXN101250,56.75,8,3.54,17.36,0,0.312,0,1,0
TXN101251,89.86,17,10.78,253.25,0,0.003,0,1,0
TXN101252,102.18,16,6.08,134.96,0,0.146,0,1,0
TXN101253,37.14,22,3.83,35.53,0,0.096,0,1,0
TXN101254,213.77,14,8.78,82.7,1,0.601,0,1,0
TXN101255,53.14,8,11.44,99.64,0,0.14,0,1,0
TXN101256,87.68,5,16.85,96.93,0,0.209,0,1,0
TXN101257,63.84,14,1.39,16.01,0,0.264,0,1,0
TXN101258,58.12,10,12.74,154.41,0,0.478,1,1,0
TXN101259,18.79,11,3.23,128.97,0,0.432,0,1,0
TXN101260,88.72,7,2.78,90.96,0,0.241,0,1,0
TXN101261,95.89,13,4.23,68.15,0,0.172,0,1,0
TXN101262,25.51,8,4.77,302.57,0,0.684,0,1,0
TXN101263,62.03,20,26.83,283.06,0,0.063,0,1,0
TXN101264,91.05,14,6.46,37.83,1,0.185,0,1,0
TXN101265,18.51,10,1.88,50.35,0,0.081,0,1,0
TXN101266,68.21,20,4.26,40.64,0,0.2,0,0,0
TXN101267,83.18,17,25.69,148.54,0,0.254,1,1,0
TXN101268,25.8,20,15.95,27.44,0,0.421,0,1,0
TXN101269,74.19,3,4.54,34.95,0,0.394,0,1,0
TXN101270,16.79,7,10.43,7.72,0,0.147,0,1,0
TXN101271,14.41,14,1.74,13.09,0,0.068,0,1,0
TXN101272,71.98,21,8.27,139.37,1,0.386,0,1,0
TXN101273,152.09,11,2.17,51.39,0,0.205,0,1,0
TXN101274,23.9,15,10.77,102.96,0,0.11,0,1,0
TXN101275,147.74,16,8.49,165.87,0,0.383,0,1,0
TXN101276,104.57,5,2.12,26.98,0,0.103,0,0,0
TXN101277,40.23,4,12.22,91.76,0,0.427,0,1,0
TXN101278,9.0,18,8.23,119.13,1,0.082,0,0,0
TXN101279,180.34,16,2.92,160.08,0,0.175,0,1,0
TXN101280,196.22,16,4.36,55.66,0,0.61,0,1,0
TXN101281,97.48,21,5.51,88.17,0,0.4,0,1,0
TXN101282,56.0,16,19.09,105.66,0,0.469,0,1,0
TXN101283,48.05,11,6.84,16.24,0,0.147,0,0,0
TXN101284,27.54,12,2.03,15.18,1,0.457,0,1,0
TXN101285,116.72,4,1.11,280.53,0,0.453,0,1,0
TXN101286,240.35,19,12.25,40.97,0,0.058,0,1,0
TXN101287,50.08,8,4.37,134.4,0,0.284,0,1,0
TXN101288,52.51,15,8.95,53.01,0,0.375,0,1,0
TXN101289,205.65,18,50.66,4.84,11,0.923,1,0,1
TXN101290,57.9,10,9.91,10.89,0,0.194,0,1,0
TXN101291,132.42,9,14.61,89.69,0,0.286,0,1,0
TXN101292,52.87,17,5.31,288.56,0,0.215,0,1,0
TXN101293,26.06,14,5.73,407.46,0,0.287,0,1,0
TXN101294,17.11,20,14.57,35.98,0,0.359,0,1,0
TXN101295,87.32,3,8.15,306.34,0,0.45,0,1,0
TXN101296,12.25,20,7.36,1.81,0,0.326,0,1,0
TXN101297,66.15,8,4.85,58.7,0,0.298,0,1,0
TXN101298,93.45,18,0.25,78.76,0,0.11,0,1,0
TXN101299,134.95,5,2.56,210.03,1,0.292,0,1,0
TXN101300,24.65,5,7.45,94.92,0,0.517,0,0,0
TXN101301,30.0,19,4.44,21.93,1,0.519,0,1,0
TXN101302,117.28,18,5.4,40.87,0,0.291,0,1,0
TXN101303,19.69,21,1.71,72.35,0,0.418,0,1,0
TXN101304,103.04,8,3.03,41.01,0,0.234,0,1,0
TXN101305,44.67,9,16.99,0.41,0,0.074,0,1,0
TXN101306,25.39,7,4.29,60.53,0,0.151,0,1,0
TXN101307,379.55338476372754,17,61.27419457954738,34.25,0,0.6647301068624629,0,1,0
TXN101308,22.76,22,4.33,48.9,0,0.198,0,1,0
TXN101309,11.92,21,2.34,10.44,0,0.109,0,1,0
TXN101310,81.1,10,10.87,75.73,1,0.266,0,1,0
TXN101311,129.23,14,3.2,39.29,0,0.041,0,1,0
TXN101312,83.6,3,12.19,39.05,0,0.519,0,1,0
TXN101313,105.09,12,21.1,223.14,1,0.114,0,1,0
TXN101314,30.38,9,6.81,54.16,0,0.371,0,1,0
TXN101315,138.94,15,8.07,262.37,1,0.464,0,1,0
TXN101316,46.58,12,7.35,35.67,0,0.286,1,1,0
TXN101317,52.01,11,10.69,46.95,0,0.059,0,1,0
TXN101318,10.46,23,1.59,26.26,0,0.083,0,1,0
TXN101319,0.59,10,7.61,169.58,1,0.158,0,1,0
TXN101320,80.26,11,7.91,218.0,0,0.645,0,1,0
TXN101321,74.22,8,7.37,98.08,0,0.482,0,1,0
TXN101322,275.22,15,1.17,157.61,0,0.153,0,1,0
TXN101323,148.76,15,18.52,237.58,0,0.247,0,1,0
TXN101324,138.98,20,1.2,104.03,2,0.075,0,1,0
TXN101325,319.31,10,7.15,223.92,0,0.576,0,1,0
TXN101326,56.82,19,5.12,19.52,0,0.083,0,1,0
TXN101327,27.09,17,14.78,149.33,0,0.154,0,1,0
TXN101328,167.56,10,2.72,225.64,1,0.076,0,0,0
TXN101329,49.02,8,9.3,1.94,0,0.172,0,0,0
TXN101330,46.9,16,1.26,1.8,0,0.362,0,0,0
TXN101331,182.15,17,5.04,224.14,0,0.264,0,1,0
TXN101332,134.62,10,11.0,67.35,0,0.633,0,1,0
TXN101333,24.78,5,23.32,20.07,0,0.507,0,1,0
TXN101334,60.37,8,4.67,83.49,0,0.282,0,1,0
TXN101335,122.64,6,10.18,132.95,0,0.415,0,1,0
TXN101336,19.16,16,20.91,7.29,0,0.388,1,1,0
TXN101337,70.58,20,10.65,60.21,0,0.403,0,1,0
TXN101338,68.8,15,14.92,46.47,0,0.112,0,1,0
TXN101339,76.23,4,5.52,52.26,1,0.305,0,1,0
TXN101340,36.08,15,2.1,74.88,0,0.376,0,0,0
TXN101341,146.06597414193223,18,47.5565471582854,86.49,0,0.6714776305980057,0,0,0
TXN101342,31.52,18,13.19,217.38,0,0.138,0,1,0
TXN101343,23.76,10,8.44,263.99,0,0.307,0,1,0
TXN101344,160.86,7,9.39,241.58,2,0.291,0,0,0
TXN101345,59.19,12,17.25,47.43,0,0.306,0,1,0
TXN101346,74.1571698767621,9,37.481239080651264,104.87,0,0.590648938576143,0,1,0
TXN101347,4.61,15,10.08,87.05,0,0.217,0,1,0
TXN101348,44.83,15,7.29,80.28,1,0.347,0,1,0
TXN101349,53.07,15,2.17,118.08,0,0.378,0,1,0
TXN101350,71.8,8,3.22,43.9,0,0.301,0,1,0
TXN101351,47.29,15,3.35,81.81,0,0.027,0,1,0
TXN101352,164.81,2,7.26,47.19,0,0.099,0,1,0
TXN101353,252.96,12,4.2,91.89,0,0.541,0,1,0
TXN101354,81.2,16,4.49,101.8,0,0.168,0,1,0
TXN101355,12.23,15,10.51,9.62,0,0.233,0,1,0
TXN101356,144.26,17,8.06,36.33,0,0.709,0,0,0
TXN101357,71.84,15,4.0,143.15,1,0.084,0,0,0
TXN101358,44.94,19,5.62,90.94,0,0.167,0,1,0
TXN101359,19.61,0,13.08,219.8,1,0.127,0,0,0
TXN101360,204.25,12,1.41,5.69,1,0.465,0,1,0
TXN101361,249.48,8,5.04,3.92,0,0.092,0,0,0
TXN101362,166.4,19,6.36,3.28,0,0.367,0,1,0
TXN101363,138.61,12,2.4,16.57,0,0.296,0,1,0
TXN101364,5.73,8,1.9,3.91,0,0.484,0,1,0
TXN101365,16.15,20,14.12,124.11,0,0.117,0,1,0
TXN101366,27.34,2,0.78,75.64,0,0.281,0,1,0
TXN101367,39.46,10,4.61,90.48,0,0.376,0,0,0
TXN101368,106.29,14,2.99,92.38,0,0.413,0,1,0
TXN101369,9.95,4,5.3,70.97,0,0.45,0,1,0
TXN101370,42.23,14,13.44,99.59,1,0.445,0,0,0
TXN101371,85.16,9,18.48,20.73,0,0.109,0,1,0
TXN101372,102.98,5,5.88,105.8,0,0.396,0,0,0
TXN101373,104.53,13,2.84,318.47,1,0.193,0,1,0
TXN101374,68.27,17,7.24,201.12,0,0.113,0,1,0
TXN101375,31.1,8,12.07,29.07,0,0.202,0,1,0
TXN101376,34.22,13,2.51,49.31,1,0.194,0,1,0
TXN101377,57.2,11,5.1,480.71,0,0.147,0,1,0
TXN101378,130.21,19,1.23,248.43,0,0.318,0,1,0
TXN101379,7.53,6,2.09,387.49,0,0.538,0,1,0
TXN101380,108.23,18,15.79,49.33,0,0.122,0,1,0
TXN101381,110.09,10,10.21,166.53,0,0.201,0,1,0
TXN101382,134.84,19,12.91,155.15,0,0.48,0,1,0
TXN101383,47.96,16,1.15,44.94,0,0.023,0,1,0
TXN101384,75.79,17,20.64,84.64,0,0.216,0,0,0
TXN101385,95.11,12,3.75,38.78,0,0.125,0,1,0
TXN101386,60.25,0,2.49,311.83,0,0.205,0,0,0
TXN101387,26.68,14,9.2,157.52,1,0.389,1,1,0
TXN101388,176.71,22,10.34,206.95,0,0.317,0,1,0
TXN101389,20.12,13,2.43,88.07,0,0.324,0,1,0
TXN101390,109.05,16,3.02,126.87,0,0.39,0,1,0
TXN101391,83.88,17,2.28,268.58,0,0.333,0,1,0
TXN101392,61.67,11,3.58,5.43,1,0.136,0,1,0
TXN101393,102.06,10,5.02,74.02,0,0.285,0,1,0
TXN101394,25.74,14,0.34,52.02,1,0.503,0,1,0
TXN101395,215.9,14,18.53,160.13,0,0.259,0,1,0
TXN101396,547.791310748214,14,67.11619671889002,19.48,0,0.6004422787122654,0,0,0
TXN101397,53.67,8,11.36,104.18,0,0.134,0,1,0
TXN101398,169.65,15,16.75,148.83,0,0.531,0,1,0
TXN101399,36.38,11,26.4,27.2,0,0.436,0,1,0
TXN101400,95.04,13,4.39,193.25,0,0.034,0,1,0
TXN101401,170.96,1,2.02,99.27,1,0.034,0,0,0
TXN101402,170.92,14,3.86,261.44,0,0.011,0,0,0
TXN101403,57.7,17,0.62,19.05,0,0.478,0,1,0
TXN101404,130.53,12,3.78,100.93,0,0.139,0,0,0
TXN101405,110.6,6,1.71,291.23,1,0.322,0,0,0
TXN101406,61.5,16,0.32,78.99,1,0.103,0,1,0
TXN101407,159.35,22,4.19,28.48,0,0.122,0,0,0
TXN101408,34.23,8,0.74,498.83,0,0.144,0,0,0
TXN101409,20.6,18,4.22,233.85,0,0.077,0,1,0
TXN101410,84.24,3,7.94,143.26,1,0.189,0,1,0
TXN101411,23.55,20,7.43,215.57,0,0.211,0,1,0
TXN101412,76.96,10,22.57,93.25,0,0.218,0,1,0
TXN101413,72.41,5,7.58,378.0,0,0.051,0,1,0
TXN101414,287.39,7,3.06,685.42,0,0.157,0,1,0
TXN101415,177.78,17,2.61,97.93,2,0.283,0,0,0
TXN101416,120.59,12,2.61,15.97,2,0.27,0,0,0
TXN101417,49.63,1,3.76,9.82,0,0.258,1,1,0
TXN101418,99.83,1,12.02,284.43,0,0.206,0,1,0
TXN101419,122.08,9,7.87,337.81,0,0.03,0,0,0
TXN101420,114.94,20,24.06,69.29,0,0.037,0,1,0
TXN101421,33.42,13,6.53,102.17,0,0.202,0,1,0
TXN101422,34.74,1,5.16,110.11,0,0.137,0,0,0
TXN101423,45.7,9,4.19,21.79,1,0.482,0,1,0
TXN101424,56.03,1,6.39,60.29,0,0.446,1,0,0
TXN101425,72.04,8,2.57,107.32,0,0.196,0,1,0
TXN101426,309.71,20,1.63,76.73,0,0.047,0,1,0
TXN101427,434.66,14,315.58,6.09,6,0.814,1,0,1
TXN101428,157.24,19,7.36,6.14,1,0.262,0,0,0
TXN101429,189.87,13,1.36,79.92,0,0.139,0,1,0
TXN101430,63.05,19,0.57,136.79,0,0.309,1,1,0
TXN101431,180.16,2,8.91,17.35,0,0.315,0,1,0
TXN101432,30.62,9,2.27,111.5,0,0.533,0,1,0
TXN101433,112.21,3,2.19,22.81,0,0.334,0,1,0
TXN101434,100.59,8,5.42,38.53,0,0.156,0,1,0
TXN101435,58.58,10,141.67,11.09,4,0.353,0,0,1
TXN101436,819.6,4,354.83,2.08,6,0.849,0,0,1
TXN101437,9.3,3,10.29,135.78,0,0.45,0,0,0
TXN101438,48.67,15,5.07,26.13,0,0.077,0,1,0
TXN101439,145.86,13,24.46,95.74,0,0.365,0,0,0
TXN101440,63.0,14,9.98,558.87,0,0.552,0,1,0
TXN101441,179.67,20,17.15,381.67,0,0.413,0,0,0
TXN101442,127.55,15,5.28,17.84,0,0.573,0,1,0
TXN101443,16.62,15,15.64,120.55,0,0.479,0,1,0
TXN101444,57.5,17,3.07,246.75,1,0.266,0,1,0
TXN101445,337.47625859044416,15,1.5612690751106886,44.31,0,0.669363645923956,0,1,0
TXN101446,27.65,4,5.18,222.06,1,0.285,0,0,0
TXN101447,35.52,13,5.14,112.34,0,0.146,0,1,0
TXN101448,88.08,12,9.33,310.59,0,0.47,0,0,0
TXN101449,221.78,15,3.58,41.57,0,0.151,1,1,0
TXN101450,157.81,10,4.89,97.04,0,0.249,0,1,0
TXN101451,129.32,22,0.8,0.96,0,0.364,0,1,0
TXN101452,36.71,9,5.45,149.1,1,0.503,0,0,0
TXN101453,496.55205760296667,12,56.84881130486388,325.57,0,0.535317568862096,0,1,0
TXN101454,97.38,4,2.56,106.74,0,0.548,0,1,0
TXN101455,75.46,22,10.06,165.08,0,0.371,0,1,0
TXN101456,122.96,8,15.01,16.54,0,0.167,0,0,0
TXN101457,65.88,7,10.17,80.55,0,0.061,0,1,0
TXN101458,81.06,23,1.69,35.25,0,0.153,0,0,0
TXN101459,92.29,9,17.56,165.78,0,0.311,0,1,0
TXN101460,39.21,5,7.82,155.64,0,0.232,0,1,0
TXN101461,33.26,10,8.0,240.14,0,0.155,0,1,0
TXN101462,77.9,22,4.55,218.53,0,0.363,0,1,0
TXN101463,130.81,12,12.83,13.15,0,0.514,0,1,0
TXN101464,60.78,17,8.36,2.23,0,0.258,0,1,0
TXN101465,40.34,15,6.68,6.08,0,0.301,0,0,0
TXN101466,44.7,20,10.32,25.31,0,0.68,0,1,0
TXN101467,65.18,17,6.63,99.28,0,0.456,0,1,0
TXN101468,57.27,7,3.18,15.48,0,0.249,0,1,0
TXN101469,39.1,9,11.4,57.56,0,0.326,0,1,0
TXN101470,58.8,13,18.48,291.3,0,0.229,0,1,0
TXN101471,28.23,12,12.44,47.44,0,0.26,0,0,0
TXN101472,124.5,19,5.13,61.6,0,0.35,0,1,0
TXN101473,25.16,17,2.46,67.6,0,0.379,0,1,0
TXN101474,75.47,2,6.58,88.47,0,0.298,0,1,0
TXN101475,8.84,13,9.05,254.19,0,0.348,1,1,0
TXN101476,127.99,13,6.26,52.78,1,0.225,0,1,0
TXN101477,220.91,8,2.49,95.51,0,0.147,0,1,0
TXN101478,272.07,8,233.53,5.33,3,0.968,1,0,1
TXN101479,170.03,9,3.57,62.71,0,0.116,0,0,0
TXN101480,60.99,10,9.55,284.79,1,0.227,0,1,0
TXN101481,66.98,7,15.27,151.63,1,0.161,0,1,0
TXN101482,5.06,9,14.4,63.51,0,0.111,0,1,0
TXN101483,71.37,13,1.34,117.36,1,0.316,0,1,0
TXN101484,129.19,20,1.8,303.39,2,0.24,0,0,0
TXN101485,38.21,12,5.17,31.48,0,0.463,0,0,0
TXN101486,81.8,20,2.89,110.41,0,0.422,0,0,0
TXN101487,351.11,5,462.69,0.36,1,0.856,1,0,1
TXN101488,57.7,20,9.72,54.59,0,0.168,0,1,0
TXN101489,19.07,15,2.81,57.7,1,0.407,0,1,0
TXN101490,16.18,10,6.39,59.67,0,0.422,0,1,0
TXN101491,50.16,15,13.59,87.4,0,0.258,0,1,0
TXN101492,230.53,12,18.1,81.82,0,0.193,0,0,0
TXN101493,42.31,8,6.34,118.44,0,0.34,1,1,0
TXN101494,143.4,16,18.61,27.38,0,0.048,0,1,0
TXN101495,53.05,21,6.55,176.81,2,0.274,0,1,0
TXN101496,37.5,7,15.47,306.67,0,0.21,0,0,0
TXN101497,104.12,19,26.15,390.85,2,0.2,0,1,0
TXN101498,43.21,9,11.86,416.27,1,0.233,0,1,0
TXN101499,80.83,16,13.19,181.74,0,0.091,0,0,0
TXN101500,36.87,10,5.22,22.62,0,0.365,0,1,0
TXN101501,151.71,9,15.34,57.72,0,0.502,0,1,0
TXN101502,242.4,16,1.54,206.44,0,0.082,0,0,0
TXN101503,45.54,19,11.2,46.18,0,0.23,0,1,0
TXN101504,149.85,14,3.52,157.53,0,0.156,0,1,0
TXN101505,100.94,14,2.37,16.58,0,0.21,0,1,0
TXN101506,96.45,17,0.56,27.55,0,0.156,0,1,0
TXN101507,143.39,19,5.28,17.45,0,0.229,0,0,0
TXN101508,95.71,14,10.6,399.01,0,0.063,0,1,0
TXN101509,47.41,14,11.43,33.61,1,0.636,0,1,0
TXN101510,684.06,3,60.72,13.27,4,0.765,0,0,1
TXN101511,54.15,16,17.39,47.66,0,0.485,0,1,0
TXN101512,64.6,17,16.57,425.87,0,0.372,0,1,0
TXN101513,54.06,13,3.75,269.05,0,0.299,0,0,0
TXN101514,119.27,2,2.55,11.4,0,0.494,1,0,0
TXN101515,52.23,9,16.16,172.29,2,0.032,0,0,0
TXN101516,20.52,16,8.67,182.9,0,0.158,0,1,0
TXN101517,95.97,19,17.68,12.83,0,0.454,0,0,0
TXN101518,22.02,3,10.56,567.65,0,0.778,0,1,0
TXN101519,116.07,16,0.4,0.77,0,0.119,0,1,0
TXN101520,100.49,12,10.45,11.31,0,0.309,0,0,0
TXN101521,113.75,1,5.72,165.38,1,0.091,0,1,0
TXN101522,62.98,7,1.12,59.93,0,0.084,0,0,0
TXN101523,46.26,8,5.76,54.66,0,0.349,0,1,0
TXN101524,85.13,10,7.34,12.47,0,0.115,0,0,0
TXN101525,76.81,21,10.89,54.2,0,0.28,0,1,0
TXN101526,70.48,11,8.09,29.71,0,0.131,0,1,0
TXN101527,21.92,4,3.96,43.21,0,0.541,0,1,0
TXN101528,108.55,12,10.21,85.42,0,0.157,0,1,0
TXN101529,90.56,0,0.04,37.45,0,0.052,0,1,0
TXN101530,57.1,14,22.19,2.46,0,0.104,0,0,0
TXN101531,86.69,3,4.7,27.04,0,0.106,0,0,0
TXN101532,196.21,12,2.12,364.66,0,0.173,0,1,0
TXN101533,49.51,22,5.36,52.77,0,0.312,0,1,0
TXN101534,37.49,11,4.83,228.86,0,0.359,0,0,0
TXN101535,7.36,14,23.84,296.23,0,0.33,0,1,0
TXN101536,28.0,2,11.15,54.63,0,0.664,0,1,0
TXN101537,117.1,20,4.62,119.14,1,0.382,0,1,0
TXN101538,121.68,8,4.82,133.79,0,0.274,1,0,0
TXN101539,24.84,11,12.92,146.53,0,0.159,0,0,0
TXN101540,81.47,20,8.46,379.43,0,0.226,0,1,0
TXN101541,53.68,17,13.63,370.16,2,0.02,0,1,0
TXN101542,70.67,1,14.81,26.17,0,0.246,0,1,0
TXN101543,14.5,9,14.02,78.47,0,0.098,0,1,0
TXN101544,132.44,23,14.54,71.45,0,0.441,1,1,0
TXN101545,16.03,12,5.78,49.69,1,0.165,0,1,0
TXN101546,38.66,16,210.47,0.79,7,0.595,0,1,1
TXN101547,71.29,13,1.32,9.28,0,0.232,0,1,0
TXN101548,69.28,10,5.72,370.22,0,0.301,0,1,0
TXN101549,29.57,15,10.57,263.65,0,0.289,0,1,0
TXN101550,60.11,18,11.33,102.57,0,0.327,0,1,0
TXN101551,41.78,21,6.08,50.45,2,0.16,0,1,0
TXN101552,71.68,10,9.11,203.54,0,0.05,0,1,0
TXN101553,147.58,3,3.66,25.92,0,0.139,0,0,0
TXN101554,357.09,18,320.2,16.37,4,0.825,1,0,1
TXN101555,116.53,8,7.2,156.28,1,0.179,0,1,0
TXN101556,132.13,8,3.64,202.86,0,0.475,0,1,0
TXN101557,47.54,12,0.6,342.74,0,0.239,0,1,0
TXN101558,103.55,1,4.49,27.0,0,0.239,0,0,0
TXN101559,27.18,16,4.79,22.85,0,0.165,0,0,0
TXN101560,82.4,5,5.35,193.0,0,0.25,0,1,0
TXN101561,124.53,13,22.32,35.75,0,0.162,0,0,0
TXN101562,15.44,17,4.2,41.53,0,0.189,0,1,0
TXN101563,159.56,14,15.29,75.07,0,0.216,0,0,0
TXN101564,41.0,19,15.24,207.22,1,0.42,0,1,0
TXN101565,25.98,7,10.03,144.31,0,0.177,0,0,0
TXN101566,34.58,14,4.27,16.24,0,0.604,0,0,0
TXN101567,44.4,8,4.51,27.75,0,0.107,0,0,0
TXN101568,18.4,18,4.12,167.08,0,0.545,0,1,0
TXN101569,128.45,10,6.52,82.87,0,0.457,0,0,0
TXN101570,78.54,10,1.9,84.84,0,0.266,0,1,0
TXN101571,184.62,20,8.72,270.29,0,0.069,0,1,0
TXN101572,29.71,3,2.24,32.38,0,0.431,0,1,0
TXN101573,63.19,15,7.68,164.39,0,0.289,0,1,0
TXN101574,11.37,23,5.05,6.33,0,0.101,0,1,0
TXN101575,127.96,19,2.75,205.86,0,0.299,0,1,0
TXN101576,143.07,3,236.17,3.0,0,0.348,1,0,1
TXN101577,37.29,10,13.94,303.02,1,0.508,0,1,0
TXN101578,53.81,13,15.95,79.75,0,0.434,0,1,0
TXN101579,24.25,7,11.07,14.42,1,0.277,0,1,0
TXN101580,144.51,14,2.77,284.66,0,0.125,0,1,0
TXN101581,78.94,9,8.96,232.7,1,0.146,0,1,0
TXN101582,166.91,14,15.83,195.38,1,0.087,0,1,0
TXN101583,215.99,10,1.64,11.02,0,0.562,0,1,0
TXN101584,159.31,9,3.31,112.53,0,0.197,0,1,0
TXN101585,192.93,16,12.3,32.85,0,0.271,0,1,0
TXN101586,28.85,3,8.23,70.27,0,0.093,0,0,0
TXN101587,15.54,8,11.15,12.17,0,0.395,0,1,0
TXN101588,18.75,8,5.77,100.5,0,0.46,0,1,0
TXN101589,27.41,15,10.18,21.47,0,0.097,0,1,0
TXN101590,93.9,9,8.33,196.35,1,0.047,1,1,0
TXN101591,72.38,20,4.71,96.37,0,0.267,0,1,0
TXN101592,379.82993120929615,9,23.21905120208325,163.67,0,0.6918436390706186,0,1,0
TXN101593,25.02,1,1.66,47.53,0,0.159,0,1,0
TXN101594,108.85,10,6.68,156.46,0,0.141,0,0,0
TXN101595,145.63,10,8.35,21.75,0,0.574,0,0,0
TXN101596,234.92,11,5.37,88.68,0,0.141,0,1,0
TXN101597,59.67,14,4.76,5.04,2,0.466,0,0,0
TXN101598,96.47,19,4.39,74.04,0,0.575,0,1,0
TXN101599,46.4,11,11.0,131.3,1,0.386,0,1,0
TXN101600,23.21,17,9.07,45.99,1,0.295,0,1,0
TXN101601,33.7,13,14.37,36.11,0,0.391,0,1,0
TXN101602,69.7,15,0.8,106.34,0,0.5,0,1,0
TXN101603,21.03,11,0.47,26.16,0,0.391,0,1,0
TXN101604,72.39,20,14.14,3.14,0,0.348,0,1,0
TXN101605,190.69,23,6.77,200.6,0,0.277,0,1,0
TXN101606,80.78,20,18.33,272.33,0,0.476,0,0,0
TXN101607,47.7,13,4.1,339.77,0,0.06,0,1,0
TXN101608,165.51,18,15.82,193.51,0,0.346,0,1,0
TXN101609,453.35,4,354.02,0.06,7,0.611,1,0,1
TXN101610,7.5,17,1.02,65.83,0,0.135,0,1,0
TXN101611,76.89,17,10.99,447.22,0,0.063,0,1,0
TXN101612,197.0,19,0.38,206.12,0,0.542,0,0,0
TXN101613,32.0,13,2.02,4.42,0,0.43,0,1,0
TXN101614,138.75,13,1.15,70.05,0,0.401,0,1,0
TXN101615,174.5,12,5.53,140.37,0,0.224,0,1,0
TXN101616,58.72,22,0.54,118.15,1,0.413,0,1,0
TXN101617,147.18,13,4.29,295.95,1,0.168,0,1,0
TXN101618,19.97,8,10.5,159.83,0,0.199,1,1,0
TXN101619,10.64,8,2.45,107.77,0,0.222,0,1,0
TXN101620,23.61,13,6.36,44.27,0,0.454,0,1,0
TXN101621,100.91,11,16.13,64.78,0,0.177,0,1,0
TXN101622,71.99,21,8.46,153.52,1,0.077,0,1,0
TXN101623,81.15,15,4.93,140.73,0,0.251,0,1,0
TXN101624,140.39,13,3.65,170.29,0,0.202,0,1,0
TXN101625,172.8682674140184,0,80.479318843116,10.33,0,0.7515075765266148,0,1,0
TXN101626,213.68,18,1.92,4.03,1,0.099,0,1,0
TXN101627,33.72005406104602,11,191.91534185764394,202.95,2,0.7430391892000467,0,1,0
TXN101628,90.73,1,24.58,69.68,0,0.268,0,0,0
TXN101629,49.73,8,13.19,213.66,1,0.554,0,1,0
TXN101630,218.35,8,9.81,399.78,0,0.16,0,1,0
TXN101631,66.46,16,2.99,171.28,1,0.398,0,1,0
TXN101632,40.88,1,17.61,60.25,0,0.185,0,1,0
TXN101633,10.8,10,1.31,222.43,0,0.787,0,0,0
TXN101634,236.49,20,5.91,94.41,0,0.566,0,1,0
TXN101635,78.04,17,6.53,268.21,1,0.261,0,1,0
TXN101636,73.16,1,13.6,36.59,0,0.398,0,1,0
TXN101637,69.7,9,1.92,5.23,1,0.324,1,1,0
TXN101638,174.23,21,23.72,32.0,0,0.183,0,0,0
TXN101639,110.55,17,1.47,21.9,0,0.353,0,1,0
TXN101640,81.15,6,1.29,211.2,0,0.103,0,1,0
TXN101641,18.61,6,2.92,108.4,0,0.348,0,1,0
TXN101642,90.9,0,7.0,61.89,1,0.052,0,1,0
TXN101643,50.12,12,14.64,1.42,0,0.454,0,0,0
TXN101644,82.8,9,19.24,390.64,0,0.193,0,1,0
TXN101645,82.65,10,3.31,57.08,0,0.392,0,1,0
TXN101646,33.31,0,22.11,13.57,0,0.021,0,1,0
TXN101647,40.0,18,5.75,93.67,0,0.121,0,1,0
TXN101648,6.08,0,7.41,268.05,0,0.09,0,1,0
TXN101649,161.19,8,20.92,9.25,0,0.293,0,1,0
TXN101650,46.85,14,8.59,121.51,0,0.297,0,1,0
TXN101651,13.07,20,7.83,59.39,0,0.236,0,1,0
TXN101652,50.59,16,5.78,66.81,0,0.243,0,1,0
TXN101653,106.79,15,2.08,64.17,0,0.41,0,1,0
TXN101654,53.61,0,7.13,49.47,0,0.169,1,1,0
TXN101655,72.3,1,5.22,83.99,1,0.422,0,1,0
TXN101656,17.98,14,42.82,93.22,0,0.439,0,1,0
TXN101657,29.53,4,12.58,95.47,0,0.182,0,1,0
TXN101658,138.07,20,5.56,59.73,0,0.313,0,1,0
TXN101659,39.4,17,2.42,172.3,2,0.411,0,1,0
TXN101660,78.56,18,11.75,148.52,0,0.384,0,1,0
TXN101661,32.03,19,4.3,56.9,0,0.429,0,0,0
TXN101662,23.06,17,0.37,184.49,0,0.068,0,1,0
TXN101663,70.29,18,3.26,146.73,0,0.236,0,0,0
TXN101664,11.89,6,9.56,17.09,0,0.208,0,1,0
TXN101665,60.2,3,9.74,16.37,0,0.048,0,0,0
TXN101666,83.67,0,9.71,228.59,0,0.756,1,1,0
TXN101667,86.0,10,1.87,343.25,0,0.186,0,0,0
TXN101668,88.0,18,9.08,6.38,0,0.275,0,1,0
TXN101669,49.02,22,18.32,95.72,0,0.309,0,1,0
TXN101670,144.63,4,5.63,103.54,1,0.454,0,0,0
TXN101671,110.55,12,7.37,26.73,0,0.645,0,0,0
TXN101672,322.4,17,9.88,230.8,1,0.231,0,1,0
TXN101673,26.08,18,4.93,37.89,0,0.062,0,1,0
TXN101674,113.95,16,21.18,83.55,0,0.24,1,1,0
TXN101675,52.02,4,9.77,85.15,1,0.334,0,0,0
TXN101676,173.57,15,16.67,374.87,0,0.164,0,0,0
TXN101677,115.59,8,3.67,74.14,0,0.346,0,1,0
TXN101678,15.94,12,0.81,142.54,0,0.156,0,0,0
TXN101679,98.46,14,1.55,354.69,0,0.527,0,1,0
TXN101680,62.22,10,5.62,87.2,1,0.029,0,1,0
TXN101681,143.43,18,7.95,27.54,0,0.456,0,0,0
TXN101682,21.35,19,6.75,104.81,1,0.101,0,1,0
TXN101683,72.88,12,0.99,9.17,0,0.583,0,1,0
TXN101684,81.25,22,2.07,80.18,0,0.049,0,1,0
TXN101685,34.42,9,6.58,80.0,0,0.375,0,1,0
TXN101686,128.08,13,1.06,276.85,1,0.468,0,1,0
TXN101687,52.01,4,19.28,232.91,0,0.318,0,1,0
TXN101688,92.85,8,1.96,97.73,0,0.36,0,1,0
TXN101689,3.77,10,9.06,1.64,0,0.32,0,0,0
TXN101690,80.51,14,0.96,30.86,0,0.402,0,1,0
TXN101691,4.88,23,2.29,178.09,0,0.08,0,1,0
TXN101692,69.85,1,1.47,231.44,1,0.501,0,1,0
TXN101693,140.41,8,2.74,84.99,0,0.297,0,1,0
TXN101694,46.28,21,2.32,118.42,1,0.739,0,1,0
TXN101695,110.26,3,16.47,496.57,0,0.254,0,1,0
TXN101696,82.12,16,10.23,266.73,1,0.171,0,1,0
TXN101697,124.18,13,5.94,93.37,1,0.426,0,0,0
TXN101698,5.98,16,17.26,224.93,0,0.454,0,1,0
TXN101699,296.47,9,15.44,27.85,1,0.318,0,1,0
TXN101700,54.72,20,1.74,140.22,0,0.51,1,1,0
TXN101701,26.41,15,8.74,261.51,0,0.216,0,1,0
TXN101702,203.08,13,17.17,37.11,1,0.486,0,1,0
TXN101703,144.0,5,1.94,61.54,0,0.293,0,1,0
TXN101704,172.52,7,20.05,30.58,0,0.406,0,0,0
TXN101705,233.09,9,3.43,37.29,0,0.356,0,1,0
TXN101706,101.4510416050662,16,20.28820844893626,12.45,1,0.6511555388642307,0,1,0
TXN101707,72.46,14,4.23,3.62,0,0.138,0,1,0
TXN101708,100.71,9,1.19,74.19,1,0.503,0,1,0
TXN101709,96.97,18,12.02,323.83,1,0.356,0,1,0
TXN101710,32.65,22,6.35,265.33,0,0.162,0,1,0
TXN101711,103.06,0,6.98,35.76,0,0.204,0,1,0
TXN101712,71.08,17,13.0,98.75,1,0.275,0,1,0
TXN101713,41.16,15,3.47,226.51,0,0.315,0,0,0
TXN101714,94.37,19,12.2,181.76,0,0.622,0,1,0
TXN101715,21.11,22,12.55,40.21,0,0.622,0,1,0
TXN101716,73.29,17,1.06,10.34,0,0.088,0,0,0
TXN101717,61.87,10,9.91,181.34,0,0.062,0,0,0
TXN101718,38.58,20,3.71,159.38,1,0.103,0,0,0
TXN101719,280.1451465105486,20,98.15678838873649,9.55,0,0.5179223180470478,0,1,0
TXN101720,44.0,4,10.59,123.14,0,0.058,0,1,0
TXN101721,131.0,19,1.16,205.52,1,0.191,0,1,0
TXN101722,131.83,3,2.45,53.48,2,0.114,0,1,0
TXN101723,61.68,16,7.81,81.06,0,0.012,0,1,0
TXN101724,288.49,18,5.17,143.4,1,0.308,0,1,0
TXN101725,166.56,17,9.4,60.98,0,0.138,0,0,0
TXN101726,23.81,18,2.35,11.65,0,0.387,0,1,0
TXN101727,18.43,19,7.06,58.41,0,0.428,0,1,0
TXN101728,139.69,8,22.74,206.02,0,0.123,0,1,0
TXN101729,64.76,11,4.49,0.89,0,0.647,0,1,0
TXN101730,14.75,15,3.75,22.37,1,0.51,0,1,0
TXN101731,115.12,15,9.34,56.81,3,0.488,0,1,0
TXN101732,64.33,4,3.48,113.91,1,0.323,0,1,0
TXN101733,65.31,15,6.27,231.15,0,0.208,0,1,0
TXN101734,193.58,11,2.33,322.31,0,0.223,0,1,0
TXN101735,99.56,12,3.63,300.9,1,0.28,0,1,0
TXN101736,190.5,12,3.86,67.8,0,0.653,0,1,0
TXN101737,57.09,19,5.1,81.56,2,0.131,0,0,0
TXN101738,121.18,10,5.66,117.86,1,0.148,0,1,0
TXN101739,145.57,16,14.07,238.98,0,0.674,1,0,0
TXN101740,50.87,12,8.11,117.35,0,0.334,0,0,0
TXN101741,129.21,13,4.36,8.67,0,0.089,1,1,0
TXN101742,40.83,19,7.68,345.38,1,0.09,0,1,0
TXN101743,160.59,10,6.85,161.43,0,0.338,1,1,0
TXN101744,71.54,20,9.76,172.63,0,0.128,0,1,0
TXN101745,59.08,23,15.71,154.34,1,0.347,0,1,0
TXN101746,90.75,1,23.81,52.24,0,0.384,0,1,0
TXN101747,93.99,9,5.78,23.78,0,0.631,0,1,0
TXN101748,32.51,5,17.57,12.88,0,0.233,0,1,0
TXN101749,21.53,16,4.02,299.5,0,0.347,0,1,0
TXN101750,234.0,2,0.57,19.15,0,0.073,0,1,0
TXN101751,55.87,19,3.17,124.76,0,0.195,0,1,0
TXN101752,5.04,14,9.07,3.36,0,0.456,0,1,0
TXN101753,171.83,21,3.09,101.75,0,0.055,0,1,0
TXN101754,38.08,9,10.59,42.59,1,0.12,0,1,0
TXN101755,260.82,13,9.2,168.23,0,0.589,0,1,0
TXN101756,83.18,16,7.77,0.9,1,0.494,0,1,0
TXN101757,94.73,18,0.67,66.8,0,0.376,0,1,0
TXN101758,36.57,21,13.93,48.59,1,0.267,0,1,0
TXN101759,116.39,16,3.02,121.64,1,0.226,0,1,0
TXN101760,40.95,14,12.86,596.1,1,0.128,0,1,0
TXN101761,54.61,4,4.22,18.55,0,0.617,0,1,0
TXN101762,80.29,12,5.66,216.94,0,0.619,0,1,0
TXN101763,31.57,2,1.7,76.06,0,0.044,0,1,0
TXN101764,72.63,12,11.97,46.7,1,0.02,0,1,0
TXN101765,90.15,14,3.5,89.65,0,0.095,0,1,0
TXN101766,55.58,13,7.21,35.51,0,0.284,0,1,0
TXN101767,165.62,19,10.39,141.62,1,0.199,0,1,0
TXN101768,80.32,15,7.56,117.77,0,0.737,0,1,0
TXN101769,226.01,15,4.08,32.56,0,0.187,0,1,0
TXN101770,20.62,3,2.08,425.2,0,0.356,0,1,0
TXN101771,53.08,20,1.87,80.3,0,0.148,1,1,0
TXN101772,143.18,23,5.58,7.0,0,0.145,0,1,0
TXN101773,19.19,8,9.55,175.98,1,0.069,0,0,0
TXN101774,98.86,19,5.53,171.38,0,0.174,0,1,0
TXN101775,387.2223824341529,4,72.82625862038897,22.77,0,0.5421667842001469,0,1,0
TXN101776,42.28,14,4.3,66.69,0,0.252,0,0,0
TXN101777,83.20469844483729,8,68.00391433608014,132.65,1,0.6270930262715204,0,1,0
TXN101778,77.21,11,2.4,52.12,0,0.463,0,1,0
TXN101779,40.88,20,15.96,12.64,0,0.136,0,0,0
TXN101780,95.86,14,0.42,342.59,0,0.225,0,1,0
TXN101781,99.38,17,16.07,42.0,0,0.23,0,1,0
TXN101782,86.34,5,16.26,224.97,0,0.293,0,1,0
TXN101783,32.51,12,4.34,139.75,0,0.213,0,1,0
TXN101784,13.3,12,2.39,19.29,1,0.046,0,1,0
TXN101785,81.47,14,3.6,72.23,1,0.136,0,1,0
TXN101786,73.95,16,9.01,130.43,0,0.214,0,1,0
TXN101787,57.39,17,7.44,300.76,0,0.315,0,1,0
TXN101788,94.3,2,7.29,105.35,1,0.14,0,1,0
TXN101789,89.3,10,6.12,263.11,0,0.145,0,1,0
TXN101790,87.4,8,6.77,91.85,0,0.218,0,1,0
TXN101791,14.7,14,18.98,62.8,0,0.063,1,1,0
TXN101792,21.67,20,4.29,115.7,1,0.164,0,1,0
TXN101793,34.96,20,0.95,8.83,0,0.321,0,1,0
TXN101794,32.52,19,10.84,56.42,0,0.364,0,1,0
TXN101795,25.4,23,4.07,39.76,0,0.375,0,1,0
TXN101796,27.21,13,13.79,265.55,1,0.163,0,1,0
TXN101797,66.42,7,6.59,16.14,1,0.501,0,1,0
TXN101798,64.4,20,7.7,167.69,0,0.097,0,0,0
TXN101799,180.75,5,5.14,62.46,0,0.394,0,1,0
TXN101800,132.0,22,6.23,5.57,1,0.514,0,1,0
TXN101801,70.54,6,6.9,33.35,2,0.351,0,0,0
TXN101802,143.82,17,5.73,204.26,0,0.395,0,1,0
TXN101803,9.84,12,2.33,93.98,1,0.213,0,0,0
TXN101804,81.74,13,2.88,42.58,0,0.354,0,0,0
TXN101805,118.73,2,3.49,25.36,0,0.182,0,1,0
TXN101806,109.59,3,1.94,14.43,1,0.456,0,1,0
TXN101807,198.5,13,5.73,11.12,0,0.105,0,1,0
TXN101808,181.38,10,3.39,18.09,0,0.237,0,1,0
TXN101809,151.58,16,3.11,292.36,0,0.339,0,1,0
TXN101810,116.53,10,2.49,109.92,0,0.152,0,1,0
TXN101811,72.34,5,4.22,31.53,1,0.356,0,0,0
TXN101812,18.5,13,19.52,41.2,0,0.249,1,1,0
TXN101813,190.42,9,8.34,7.64,0,0.325,0,1,0
TXN101814,30.18,16,15.86,130.09,0,0.363,0,1,0
TXN101815,38.17,13,3.67,271.78,0,0.349,0,1,0
TXN101816,72.51,10,11.1,172.8,0,0.077,0,1,0
TXN101817,20.02,17,0.88,44.45,1,0.349,0,0,0
TXN101818,42.34,15,4.9,7.45,0,0.214,0,1,0
TXN101819,53.05,1,12.83,91.4,0,0.257,0,1,0
TXN101820,224.57702684654532,17,83.52767038586491,113.33,1,0.6633321560705489,0,1,0
TXN101821,442.69,14,622.71,0.93,3,0.489,0,0,1
TXN101822,101.8,19,14.35,319.12,0,0.328,0,1,0
TXN101823,12.82,8,7.13,188.24,1,0.222,0,1,0
TXN101824,198.41,3,2.31,368.39,0,0.192,0,1,0
TXN101825,103.01,18,8.78,250.69,0,0.186,0,1,0
TXN101826,88.46,8,12.82,108.38,1,0.268,0,1,0
TXN101827,69.72,10,1.18,152.99,0,0.339,0,0,0
TXN101828,49.75,16,17.14,93.6,0,0.214,0,1,0
TXN101829,61.65,16,4.03,189.21,0,0.255,0,1,0
TXN101830,35.94,2,7.3,154.32,0,0.148,0,1,0
TXN101831,44.03,15,1.46,9.28,0,0.122,0,1,0
TXN101832,100.8941548522245,22,87.45248847762943,95.06,0,0.6287333796791131,0,1,0
TXN101833,191.29,18,3.25,169.74,0,0.311,0,1,0
TXN101834,55.42,12,1.71,598.55,0,0.289,0,0,0
TXN101835,529.23,4,91.17,3.27,7,0.623,0,0,1
TXN101836,25.05,5,3.01,21.0,0,0.22,0,0,0
TXN101837,168.42,15,12.69,211.85,0,0.224,0,0,0
TXN101838,130.27,1,128.55,5.84,4,0.565,0,0,1
TXN101839,124.49,22,7.42,73.45,2,0.344,0,1,0
TXN101840,37.53,19,5.71,134.04,0,0.653,0,0,0
TXN101841,206.11,17,4.15,284.23,0,0.452,0,1,0
TXN101842,157.83,18,3.68,126.78,0,0.104,0,1,0
TXN101843,41.91,0,12.46,28.73,2,0.137,0,1,0
TXN101844,45.18,18,13.21,13.7,0,0.02,0,0,0
TXN101845,41.26,9,0.06,274.36,0,0.228,0,1,0
TXN101846,23.22,13,5.85,122.33,0,0.293,0,1,0
TXN101847,26.25,9,9.76,292.85,0,0.316,0,1,0
TXN101848,92.71,15,5.28,103.56,0,0.131,0,1,0
TXN101849,183.13,14,7.42,304.02,1,0.127,0,0,0
TXN101850,137.60559076536515,8,83.10510854285187,83.39,0,0.6024519149416288,0,1,0
TXN101851,21.85,17,11.27,91.04,0,0.549,0,0,0
TXN101852,538.48,3,152.26,3.98,3,0.924,0,0,1
TXN101853,34.02,1,7.8,40.48,1,0.362,0,0,0
TXN101854,118.58,19,16.8,18.98,0,0.424,0,1,0
TXN101855,51.09,12,6.12,9.47,0,0.738,0,1,0
TXN101856,84.92,14,11.4,0.25,0,0.245,0,1,0
TXN101857,61.27,5,12.94,42.21,0,0.107,0,0,0
TXN101858,79.1,16,8.67,584.23,1,0.302,0,1,0
TXN101859,74.34,0,7.47,239.12,3,0.304,0,1,0
TXN101860,98.05,10,0.82,139.36,0,0.21,0,1,0
TXN101861,74.78,20,6.26,108.31,0,0.283,0,1,0
TXN101862,130.63,5,8.66,92.24,1,0.207,0,1,0
TXN101863,38.61,23,4.3,27.62,0,0.396,0,1,0
TXN101864,105.58,15,6.99,28.69,1,0.111,0,1,0
TXN101865,68.55,13,1.13,82.41,0,0.159,0,1,0
TXN101866,91.42,10,18.33,2.66,2,0.399,0,1,0
TXN101867,55.87,20,4.38,104.15,0,0.275,0,0,0
TXN101868,50.21170130250303,11,21.618518583268184,48.78,0,0.6019213510098466,0,0,0
TXN101869,45.24,9,8.34,134.43,0,0.258,0,0,0
TXN101870,131.34,7,16.34,104.83,0,0.531,0,0,0
TXN101871,31.72,0,3.57,218.19,1,0.056,0,0,0
TXN101872,52.33,20,8.74,25.77,2,0.493,0,1,0
TXN101873,51.46,8,14.05,129.15,1,0.232,0,1,0
TXN101874,35.19,14,7.26,4.6,0,0.058,0,1,0
TXN101875,250.7,18,9.98,151.83,0,0.137,0,1,0
TXN101876,107.17,14,11.28,31.25,0,0.543,0,1,0
TXN101877,123.54,10,3.96,44.25,0,0.494,0,1,0
TXN101878,107.77,7,24.38,105.98,0,0.448,0,1,0
TXN101879,74.96,3,8.07,46.24,0,0.296,0,0,0
TXN101880,10.71,13,3.46,85.98,1,0.798,0,1,0
TXN101881,143.38,22,1.88,47.06,0,0.071,0,0,0
TXN101882,50.59,13,3.89,66.28,0,0.446,0,1,0
TXN101883,75.67,14,11.82,41.15,0,0.32,0,0,0
TXN101884,59.32,15,14.21,57.09,1,0.247,0,1,0
TXN101885,97.82,6,10.19,50.29,0,0.206,0,1,0
TXN101886,27.6,9,2.9,88.89,0,0.233,0,1,0
TXN101887,35.62,9,8.51,167.52,1,0.062,0,0,0
TXN101888,85.2,3,3.53,129.38,1,0.182,0,1,0
TXN101889,37.67,17,33.6,53.39,0,0.364,0,1,0
TXN101890,51.61,16,1.37,195.66,0,0.496,0,1,0
TXN101891,52.59,9,7.4,61.2,0,0.101,0,1,0
TXN101892,88.77,18,5.52,38.47,0,0.138,1,0,0
TXN101893,31.12,19,10.62,40.77,0,0.237,0,0,0
TXN101894,93.85,8,4.66,19.17,0,0.37,0,1,0
TXN101895,239.6082520022643,4,14.8607541365389,35.07,0,0.7256917244865987,0,1,0
TXN101896,80.27,12,22.82,194.99,1,0.365,0,0,0
TXN101897,72.95,11,1.68,63.04,0,0.255,0,1,0
TXN101898,43.06,17,12.14,170.48,0,0.064,0,1,0
TXN101899,111.83,16,18.66,0.86,0,0.364,0,1,0
TXN101900,51.8,10,6.67,60.63,1,0.389,0,1,0
TXN101901,97.1,19,23.87,1.84,0,0.439,0,0,0
TXN101902,21.13,12,6.04,121.96,1,0.271,0,1,0
TXN101903,60.24994878589342,11,28.601590442291094,148.3,0,0.5271937946761133,0,1,0
TXN101904,41.4,2,3.77,304.24,2,0.468,0,1,0
TXN101905,38.35,11,1.68,94.82,0,0.444,0,1,0
TXN101906,76.69,9,0.23,53.95,1,0.36,0,1,0
TXN101907,99.66,19,7.67,93.92,0,0.189,0,0,0
TXN101908,94.26,20,18.01,13.85,0,0.532,0,1,0
TXN101909,50.83,6,7.44,332.14,0,0.206,0,1,0
TXN101910,50.12,2,9.09,32.3,0,0.365,0,1,0
TXN101911,46.7,15,12.28,21.01,1,0.656,0,1,0
TXN101912,67.71,18,0.75,115.75,0,0.371,0,0,0
TXN101913,61.82,22,6.35,142.12,1,0.391,0,1,0
TXN101914,149.4900392360319,11,41.71688529278111,56.83,0,0.5811035512985934,0,1,0
TXN101915,197.98,14,19.51,79.51,0,0.164,0,1,0
TXN101916,5.51,17,4.01,60.74,0,0.044,0,0,0
TXN101917,39.36,9,0.32,27.05,0,0.349,0,1,0
TXN101918,38.35,23,3.18,244.07,0,0.082,0,1,0
TXN101919,64.44,20,8.84,142.07,1,0.443,0,1,0
TXN101920,143.4160394022719,13,73.65170684243094,256.56,2,0.781185926141913,0,1,0
TXN101921,79.7,7,4.48,94.55,2,0.192,0,1,0
TXN101922,98.1,10,7.99,177.91,0,0.206,0,1,0
TXN101923,68.29,13,15.75,41.47,1,0.162,0,0,0
TXN101924,32.29,21,19.27,25.63,0,0.298,0,1,0
TXN101925,84.16,13,21.99,38.53,2,0.497,0,1,0
TXN101926,15.07,17,11.17,150.94,1,0.097,0,0,0
TXN101927,51.1,8,1.48,321.06,0,0.127,0,1,0
TXN101928,10.14,4,8.62,302.22,2,0.375,0,1,0
TXN101929,63.9,18,3.49,233.38,0,0.177,0,1,0
TXN101930,135.41,18,1.94,76.28,0,0.064,0,1,0
TXN101931,107.93,0,5.59,50.92,2,0.628,0,0,0
TXN101932,22.62,13,3.4,229.27,0,0.352,0,1,0
TXN101933,38.33,13,6.28,170.72,0,0.131,0,1,0
TXN101934,24.97,11,4.8,154.11,1,0.318,0,1,0
TXN101935,217.12,6,12.45,211.66,0,0.494,0,1,0
TXN101936,76.85,19,2.57,401.43,0,0.465,0,1,0
TXN101937,86.92,12,6.45,350.89,1,0.1,0,1,0
TXN101938,45.39,8,6.62,467.05,0,0.099,0,1,0
TXN101939,71.76,13,0.79,23.86,0,0.293,0,1,0
TXN101940,36.11,19,0.6,166.94,0,0.296,0,1,0
TXN101941,56.12,13,4.2,427.3,2,0.179,0,1,0
TXN101942,36.94,0,1.32,280.89,0,0.145,1,1,0
TXN101943,76.01,11,2.36,9.02,0,0.182,0,1,0
TXN101944,121.29,14,16.22,140.26,1,0.019,0,1,0
TXN101945,55.38,16,14.91,130.97,0,0.191,0,1,0
TXN101946,47.09,11,1.84,20.57,0,0.315,0,1,0
TXN101947,116.22,2,3.2,108.86,0,0.153,0,1,0
TXN101948,56.08,0,6.42,433.53,0,0.149,0,0,0
TXN101949,52.05,8,7.0,146.71,1,0.085,0,0,0
TXN101950,59.12,18,13.5,11.28,1,0.234,0,1,0
TXN101951,100.8,16,4.04,42.67,0,0.24,0,1,0
TXN101952,113.32875350731878,13,17.924941224689647,61.33,1,0.6317545956988857,0,1,0
TXN101953,157.78,13,42.08,46.24,0,0.374,1,0,0
TXN101954,19.216151965054824,18,22.016166837557467,243.18,0,0.5288898519424396,0,1,0
TXN101955,6.69,11,5.83,198.3,1,0.215,0,1,0
TXN101956,16.0,8,7.79,47.78,1,0.089,0,1,0
TXN101957,17.99,11,11.41,282.18,0,0.396,0,1,0
TXN101958,113.36,22,2.68,18.26,0,0.389,0,1,0
TXN101959,44.72,18,18.73,28.13,2,0.181,0,1,0
TXN101960,56.54,19,5.92,57.05,0,0.199,0,1,0
TXN101961,37.74,21,7.19,59.48,0,0.398,0,1,0
TXN101962,181.77,17,5.35,291.15,2,0.348,0,1,0
TXN101963,16.99,0,1.04,220.19,1,0.13,0,0,0
TXN101964,189.12,0,14.84,29.17,0,0.225,0,1,0
TXN101965,68.84,3,3.9,51.65,0,0.236,0,1,0
TXN101966,54.71410696913501,12,374.09546214172775,138.07,0,0.557922980280115,0,1,0
TXN101967,86.13,11,25.39,99.2,0,0.254,0,1,0
TXN101968,20.91,10,0.78,16.49,1,0.302,0,1,0
TXN101969,109.29,11,8.17,15.18,0,0.173,0,1,0
TXN101970,70.55,12,6.52,43.25,0,0.194,0,1,0
TXN101971,169.33,6,10.3,11.6,1,0.271,0,1,0
TXN101972,68.02,10,13.4,136.36,0,0.337,0,1,0
TXN101973,47.73,13,9.33,336.24,1,0.168,0,1,0
TXN101974,46.76,12,3.22,189.27,0,0.369,0,1,0
TXN101975,242.88,13,20.23,11.45,0,0.397,0,1,0
TXN101976,14.34,19,9.07,8.39,0,0.322,0,1,0
TXN101977,21.79,12,8.98,86.31,0,0.121,0,0,0
TXN101978,11.89,10,0.55,30.95,0,0.062,0,1,0
TXN101979,69.49,19,7.49,138.99,0,0.418,0,1,0
TXN101980,34.13,12,15.76,70.82,0,0.44,0,0,0
TXN101981,93.46,1,13.4,52.45,0,0.342,0,1,0
TXN101982,26.85,17,5.44,24.52,0,0.25,0,1,0
TXN101983,179.34,19,7.25,4.95,1,0.322,0,1,0
TXN101984,77.72,5,3.99,46.43,0,0.196,0,1,0
TXN101985,98.33,13,17.91,219.86,0,0.113,0,1,0
TXN101986,126.22,16,4.35,7.59,2,0.206,0,1,0
TXN101987,38.14,20,2.53,15.17,0,0.373,0,1,0
TXN101988,20.22,1,33.94,172.01,2,0.211,0,0,0
TXN101989,26.88,16,17.21,101.48,0,0.233,0,1,0
TXN101990,79.74,13,7.35,50.92,0,0.221,0,1,0
TXN101991,46.83,10,14.92,298.67,0,0.578,0,1,0
TXN101992,88.92,9,5.21,163.04,0,0.537,0,1,0
TXN101993,8.15,18,13.7,140.33,0,0.192,0,1,0
TXN101994,38.51,3,9.53,16.39,0,0.164,0,0,0
TXN101995,36.14,11,6.43,97.79,0,0.268,0,0,0
TXN101996,686.9918351970889,2,44.14511752101315,536.13,1,0.7712995849977204,0,1,0
TXN101997,16.53,11,1.31,42.58,0,0.325,0,1,0
TXN101998,69.93,23,13.57,90.27,0,0.051,0,1,0
TXN101999,37.19,5,1.53,103.6,0,0.043,0,1,0
TXN102000,19.25,14,1.78,84.01,0,0.381,0,1,0
TXN102001,61.22,17,1.75,29.62,1,0.083,0,0,0
TXN102002,100.0,7,6.59,16.63,0,0.346,0,1,0
TXN102003,117.12,16,544.03,10.05,7,0.571,0,0,1
TXN102004,213.63,19,32.07,1.36,0,0.423,0,1,0
TXN102005,113.15,3,11.4,245.94,0,0.313,0,1,0
TXN102006,37.29,7,1.72,312.67,0,0.566,0,1,0
TXN102007,114.3,5,4.83,108.9,0,0.583,1,1,0
TXN102008,60.72,9,4.77,187.26,0,0.735,0,1,0
TXN102009,33.1,13,13.14,82.26,1,0.151,0,1,0
TXN102010,225.51,17,14.33,9.83,0,0.214,0,0,0
TXN102011,81.52,20,9.51,102.94,1,0.161,0,0,0
TXN102012,49.16,8,4.24,192.69,2,0.355,0,1,0
TXN102013,138.1156489719738,8,103.15631818041723,61.8,0,0.783347520850697,0,1,0
TXN102014,3.2,8,12.4,372.42,0,0.573,0,1,0
TXN102015,9.57,12,20.5,30.35,1,0.36,0,1,0
TXN102016,125.04,17,17.55,761.42,1,0.377,0,1,0
TXN102017,67.08,18,1.76,65.49,0,0.272,0,1,0
TXN102018,264.23,9,2.63,42.55,1,0.24,1,1,0
TXN102019,404.59,2,169.48,3.54,4,0.463,1,0,1
TXN102020,96.98,9,19.82,17.82,0,0.736,0,1,0
TXN102021,26.82,10,5.29,29.5,0,0.015,0,0,0
TXN102022,14.76,12,10.89,32.56,0,0.419,0,1,0
TXN102023,25.84,9,22.67,68.07,0,0.179,0,1,0
TXN102024,302.44,9,17.23,21.5,1,0.469,0,0,0
TXN102025,15.19,19,7.55,329.19,0,0.315,0,1,0
TXN102026,62.942369906406974,13,20.346782578681662,39.98,0,0.6422684243882056,0,1,0
TXN102027,47.4,15,1.29,74.59,0,0.26,0,1,0
TXN102028,80.68,10,7.29,340.76,0,0.202,0,1,0
TXN102029,118.17,11,6.39,228.49,0,0.305,0,1,0
TXN102030,58.93,16,0.43,20.47,0,0.383,0,1,0
TXN102031,125.43,10,4.49,82.18,1,0.08,0,0,0
TXN102032,22.02,18,5.09,31.1,0,0.229,0,1,0
TXN102033,182.39,10,2.62,149.61,0,0.134,1,1,0
TXN102034,24.18,17,24.67,217.97,0,0.389,0,1,0
TXN102035,88.46,15,2.76,30.34,2,0.374,0,1,0
TXN102036,59.82,16,1.23,87.27,0,0.255,0,1,0
TXN102037,56.75,2,1.8,499.58,0,0.252,0,1,0
TXN102038,78.06,23,4.98,230.33,0,0.264,0,1,0
TXN102039,140.68,0,0.79,88.62,0,0.709,0,1,0
TXN102040,104.44,20,5.86,126.77,0,0.377,0,1,0
TXN102041,231.78,6,28.53,110.05,0,0.276,0,0,0
TXN102042,73.8,13,0.56,178.64,0,0.257,0,1,0
TXN102043,59.02,4,9.79,0.6,1,0.197,0,0,0
TXN102044,83.38,8,12.05,49.93,0,0.028,1,0,0
TXN102045,61.77,13,4.55,57.76,0,0.255,0,1,0
TXN102046,38.32,1,8.49,77.07,0,0.345,0,1,0
TXN102047,14.15,8,14.93,36.28,0,0.163,0,0,0
TXN102048,36.06,9,16.94,183.67,0,0.286,0,1,0
TXN102049,71.98,12,0.34,81.88,0,0.049,0,1,0
TXN102050,137.07,16,3.63,88.38,0,0.241,0,1,0
TXN102051,26.8,16,1.08,436.52,0,0.128,0,1,0
TXN102052,79.77,9,12.61,118.53,0,0.387,0,0,0
TXN102053,101.89,15,6.25,32.29,1,0.062,0,1,0
TXN102054,84.98,10,20.58,60.58,1,0.236,0,0,0
TXN102055,18.73,17,4.48,237.2,0,0.316,0,1,0
TXN102056,39.03,17,1.1,117.18,0,0.232,0,0,0
TXN102057,745.91,23,286.36,6.06,3,0.77,0,1,1
TXN102058,50.72,14,5.6,15.65,2,0.277,0,0,0
TXN102059,163.63,15,6.29,108.41,0,0.37,0,1,0
TXN102060,348.52,19,9.13,155.27,0,0.26,1,1,0
TXN102061,129.95,0,0.52,160.42,0,0.304,0,1,0
TXN102062,133.6,19,1.39,27.15,1,0.287,0,0,0
TXN102063,44.83,15,4.03,141.7,1,0.333,0,0,0
TXN102064,120.38,17,5.07,31.38,0,0.338,0,1,0
TXN102065,9.26,14,1.72,130.96,1,0.387,0,0,0
TXN102066,68.94,21,5.92,245.89,0,0.328,0,1,0
TXN102067,54.76,9,11.71,14.13,0,0.346,0,1,0
TXN102068,83.52,13,1.95,79.05,0,0.113,0,1,0
TXN102069,52.16,16,12.48,70.69,0,0.271,0,1,0
TXN102070,208.16,9,6.96,20.0,1,0.172,0,1,0
TXN102071,93.97,16,3.38,27.91,0,0.222,0,1,0
TXN102072,264.12,8,23.11,4.2,0,0.133,0,1,0
TXN102073,77.53,15,4.19,206.06,1,0.447,0,1,0
TXN102074,175.39,15,6.86,164.74,0,0.199,0,1,0
TXN102075,66.97361070599545,1,21.18809495930097,12.01,4,0.20056547543968806,0,0,1
TXN102076,118.5,18,7.7,278.44,0,0.316,0,0,0
TXN102077,180.97,14,8.62,99.41,0,0.419,0,1,0
TXN102078,82.8,0,7.24,127.7,0,0.379,0,1,0
TXN102079,31.62,15,3.89,760.94,0,0.244,0,1,0
TXN102080,185.29,21,12.62,11.19,0,0.32,0,1,0
TXN102081,32.16,11,1.42,223.12,0,0.123,0,0,0
TXN102082,110.38,0,9.86,28.38,0,0.4,0,1,0
TXN102083,60.98,4,6.45,170.31,1,0.315,0,0,0
TXN102084,40.75,18,3.01,240.66,0,0.077,0,1,0
TXN102085,10.85,7,15.58,11.53,1,0.4,0,1,0
TXN102086,45.51,10,7.67,164.29,0,0.162,0,0,0
TXN102087,47.63,3,5.01,43.92,0,0.057,0,1,0
TXN102088,141.39,11,12.93,13.16,1,0.175,0,1,0
TXN102089,24.14,19,0.57,242.13,0,0.256,0,1,0
TXN102090,108.66,19,11.41,359.54,0,0.255,0,1,0
TXN102091,8.51,0,3.72,70.1,0,0.228,0,1,0
TXN102092,40.79,16,23.39,10.34,0,0.445,0,1,0
TXN102093,69.31,12,10.32,6.05,0,0.437,0,1,0
TXN102094,20.62,10,7.07,5.92,0,0.141,0,1,0
TXN102095,97.9,20,1.46,67.15,0,0.215,0,1,0
TXN102096,12.74,14,3.7,173.08,1,0.471,0,1,0
TXN102097,147.25,12,3.23,585.79,0,0.091,0,1,0
TXN102098,113.05,15,7.73,150.04,0,0.127,0,1,0
TXN102099,93.49,15,2.96,72.34,1,0.531,0,1,0
TXN102100,788.94,2,315.05,2.03,5,0.706,1,0,1
TXN102101,8.65,17,10.31,46.81,0,0.085,0,1,0
TXN102102,25.97,13,18.9,104.33,1,0.262,0,1,0
TXN102103,329.0637649118304,17,39.52979624977263,4.72,1,0.6870268782362029,0,1,0
TXN102104,39.35,4,12.87,47.95,1,0.124,0,1,0
TXN102105,143.08,17,9.9,135.67,0,0.341,0,0,0
TXN102106,122.58,22,6.38,46.25,0,0.342,0,1,0
TXN102107,93.84,21,3.73,3.78,0,0.359,0,0,0
TXN102108,64.89,3,8.92,37.55,0,0.118,0,1,0
TXN102109,12.73,22,1.95,72.56,0,0.196,0,1,0
TXN102110,119.19,13,4.75,432.57,0,0.188,1,0,0
TXN102111,69.98,14,14.15,32.25,0,0.51,0,1,0
TXN102112,60.33,17,2.27,147.9,1,0.249,0,1,0
TXN102113,29.05,20,14.05,81.53,0,0.119,0,1,0
TXN102114,28.85,20,1.66,49.23,1,0.129,0,1,0
TXN102115,76.08,20,1.29,365.18,0,0.104,0,1,0
TXN102116,19.12,14,3.7,139.77,2,0.091,0,1,0
TXN102117,76.69,23,8.36,205.58,0,0.626,0,1,0
TXN102118,132.59,8,9.34,94.1,0,0.338,0,1,0
TXN102119,84.89,13,2.95,435.03,0,0.187,0,1,0
TXN102120,46.324077920603756,17,30.239048249922007,159.93,0,0.5673560489205008,0,1,0
TXN102121,138.7,15,11.44,181.49,0,0.25,0,1,0
TXN102122,19.76,3,5.1,35.05,0,0.574,0,1,0
TXN102123,81.77,22,1.39,394.81,1,0.242,0,1,0
TXN102124,143.33,12,365.09,0.91,5,0.891,1,0,1
TXN102125,58.38,1,4.01,4.06,0,0.127,0,1,0
TXN102126,18.89,12,6.9,17.44,0,0.212,0,0,0
TXN102127,84.5,6,0.94,107.55,0,0.434,0,0,0
TXN102128,28.75,15,10.04,290.72,0,0.166,0,1,0
TXN102129,45.48,6,1.12,47.95,0,0.52,0,1,0
TXN102130,66.82,18,8.11,12.63,0,0.235,0,0,0
TXN102131,68.54,14,0.67,26.93,0,0.53,0,1,0
TXN102132,6.3,11,10.43,155.52,0,0.228,0,1,0
TXN102133,44.0,18,14.49,97.8,0,0.188,0,1,0
TXN102134,11.51,8,21.38,419.17,1,0.26,0,1,0
TXN102135,37.08,2,2.73,260.11,0,0.277,0,1,0
TXN102136,157.98,20,20.98,3.47,1,0.443,0,0,0
TXN102137,94.82,3,11.45,318.72,0,0.064,0,1,0
TXN102138,54.58,10,8.26,184.29,0,0.098,0,1,0
TXN102139,26.09,15,5.47,25.68,0,0.168,0,1,0
TXN102140,87.03,14,4.59,294.76,0,0.336,0,1,0
TXN102141,61.67,8,5.15,120.29,0,0.674,0,1,0
TXN102142,94.81,3,27.15,151.62,0,0.481,0,1,0
TXN102143,150.15,18,12.71,132.29,1,0.209,0,1,0
TXN102144,32.05,20,8.64,310.37,0,0.131,0,0,0
TXN102145,41.35,6,4.06,405.58,1,0.333,0,0,0
TXN102146,85.85,1,2.59,95.44,0,0.365,0,1,0
TXN102147,1.53,7,6.46,484.67,0,0.508,0,1,0
TXN102148,93.43,22,0.91,78.14,0,0.324,0,0,0
TXN102149,142.54,20,7.11,30.3,0,0.279,0,1,0
TXN102150,14.18,16,14.59,19.71,0,0.183,0,1,0
TXN102151,70.83,1,3.09,759.8,0,0.699,0,1,0
TXN102152,50.81,22,9.27,122.71,1,0.391,0,1,0
TXN102153,94.11,13,2.95,157.02,0,0.137,0,1,0
TXN102154,21.98,2,8.24,22.35,0,0.485,0,1,0
TXN102155,97.65,19,4.87,9.07,0,0.386,0,1,0
TXN102156,89.34,15,4.17,69.82,0,0.268,0,1,0
TXN102157,33.79,3,8.25,57.56,0,0.054,0,1,0
TXN102158,71.15,17,1.55,66.66,1,0.426,0,1,0
TXN102159,60.09,10,13.19,34.51,0,0.134,0,0,0
TXN102160,88.33,18,11.23,268.01,1,0.216,0,1,0
TXN102161,42.25,9,8.1,15.94,0,0.274,0,1,0
TXN102162,102.45,15,6.64,15.4,0,0.371,0,1,0
TXN102163,126.46,15,1.99,65.39,0,0.378,1,1,0
TXN102164,47.76,17,3.38,99.37,1,0.232,0,0,0
TXN102165,121.32,21,13.87,6.92,0,0.284,0,1,0
TXN102166,209.31,20,22.23,113.4,2,0.293,0,0,0
TXN102167,96.2,19,11.41,71.4,1,0.34,1,1,0
TXN102168,37.84,8,6.62,40.87,0,0.239,0,0,0
TXN102169,69.93,23,8.66,4.82,0,0.27,0,1,0
TXN102170,19.3,19,9.13,147.8,0,0.194,0,0,0
TXN102171,77.08,8,3.34,345.43,0,0.249,0,0,0
TXN102172,22.56,21,0.76,110.24,1,0.269,0,1,0
TXN102173,49.73,15,7.96,17.89,1,0.214,0,0,0
TXN102174,56.33,14,12.83,36.88,0,0.228,0,0,0
TXN102175,79.71,4,8.95,60.51,0,0.553,0,0,0
TXN102176,77.85,9,5.4,325.77,0,0.447,0,1,0
TXN102177,64.08,18,12.96,20.49,0,0.437,0,1,0
TXN102178,143.14,9,5.83,53.99,0,0.294,0,1,0
TXN102179,18.55,12,13.81,92.6,0,0.114,0,1,0
TXN102180,27.81,12,15.11,46.27,1,0.332,0,1,0
TXN102181,88.2,17,4.64,50.52,0,0.039,0,1,0
TXN102182,468.5797624262944,20,24.830929235613464,363.43,0,0.5326111178256784,0,0,0
TXN102183,86.63,12,1.4,136.59,0,0.196,0,1,0
TXN102184,42.5,17,7.5,21.72,1,0.127,1,1,0
TXN102185,126.73,15,13.92,71.53,0,0.424,0,0,0
TXN102186,85.11,20,14.13,134.29,0,0.701,0,1,0
TXN102187,17.14,10,2.05,3.56,0,0.18,0,1,0
TXN102188,61.41,14,8.04,164.55,1,0.425,0,0,0
TXN102189,116.68,10,14.75,174.62,1,0.215,0,1,0
TXN102190,58.22,9,16.86,135.98,0,0.214,0,1,0
TXN102191,253.67,19,2.11,412.93,0,0.244,0,1,0
TXN102192,72.02,17,4.25,452.04,0,0.244,0,1,0
TXN102193,183.62,10,2.33,117.84,0,0.132,0,0,0
TXN102194,55.98,19,9.78,4.37,0,0.344,0,1,0
TXN102195,84.32,19,3.3,198.86,2,0.233,0,1,0
TXN102196,124.39,7,11.35,7.48,0,0.307,0,1,0
TXN102197,98.35,12,3.47,197.67,0,0.295,1,1,0
TXN102198,29.28,23,1.63,82.97,0,0.174,0,0,0
TXN102199,46.48,15,5.89,558.35,0,0.31,0,0,0
TXN102200,23.66,8,10.69,315.71,1,0.293,0,1,0
TXN102201,14.4,13,10.25,62.27,1,0.519,0,1,0
TXN102202,188.61,11,2.52,22.45,0,0.103,0,1,0
TXN102203,47.07,12,8.25,197.92,0,0.18,0,1,0
TXN102204,56.37,23,3.49,430.75,0,0.27,0,1,0
TXN102205,133.38,6,6.25,127.68,0,0.179,0,1,0
TXN102206,25.85,11,13.75,108.05,0,0.133,0,1,0
TXN102207,198.52,10,5.01,495.12,0,0.419,0,1,0
TXN102208,60.12,13,12.14,2.83,0,0.348,0,1,0
TXN102209,154.7,14,4.92,98.75,0,0.16,0,1,0
TXN102210,16.23,18,1.85,224.12,0,0.06,0,1,0
TXN102211,117.15,17,3.66,263.82,0,0.17,0,0,0
TXN102212,121.35,6,6.95,110.26,0,0.07,0,1,0
TXN102213,23.73,12,2.06,14.49,0,0.294,0,1,0
TXN102214,100.29,12,6.3,104.87,1,0.163,0,1,0
TXN102215,12.05,9,13.17,48.62,0,0.185,0,1,0
TXN102216,80.88,23,1.41,12.65,0,0.38,1,1,0
TXN102217,100.78,17,5.25,13.67,0,0.69,0,0,0
TXN102218,175.97,14,2.33,8.22,0,0.306,0,1,0
TXN102219,62.04,12,1.22,165.4,0,0.113,0,1,0
TXN102220,390.15,0,224.24,4.11,6,0.781,0,0,1
TXN102221,171.74,11,10.89,145.45,0,0.373,0,1,0
TXN102222,51.61,13,4.12,14.46,1,0.564,0,1,0
TXN102223,35.64,15,1.33,77.97,0,0.171,0,0,0
TXN102224,143.06,3,4.52,201.29,0,0.248,0,1,0
TXN102225,162.21,17,0.16,119.75,1,0.3,0,1,0
TXN102226,303.7539189064292,11,56.88300657294573,27.59,1,0.6289893749414608,0,1,0
TXN102227,3.34,22,20.81,90.58,0,0.269,0,0,0
TXN102228,17.47,9,4.03,179.91,0,0.212,0,1,0
TXN102229,101.69,4,9.49,9.81,0,0.197,0,1,0
TXN102230,14.21,10,3.98,221.02,0,0.13,0,1,0
TXN102231,43.49,13,9.46,558.94,0,0.203,0,1,0
TXN102232,75.97,9,8.18,1.68,2,0.027,0,1,0
TXN102233,136.4,16,3.1,75.03,0,0.306,0,1,0
TXN102234,67.14,10,3.3,339.51,1,0.23,0,1,0
TXN102235,2.8,16,7.78,114.95,1,0.14,0,1,0
TXN102236,14.75,8,7.36,179.26,0,0.714,0,1,0
TXN102237,39.68,12,4.36,11.55,0,0.568,0,1,0
TXN102238,82.63,9,13.29,5.23,0,0.202,0,1,0
TXN102239,57.92,4,6.36,30.13,2,0.283,0,1,0
TXN102240,82.38,17,5.68,89.71,2,0.682,0,1,0
TXN102241,52.54,14,4.06,40.09,0,0.11,0,1,0
TXN102242,67.59,17,3.2,173.74,0,0.313,0,1,0
TXN102243,37.89,9,2.77,19.05,1,0.483,0,1,0
TXN102244,113.67,19,1.21,6.58,0,0.658,0,1,0
TXN102245,74.65,19,4.98,26.65,1,0.339,0,1,0
TXN102246,104.86,22,10.63,11.69,0,0.451,0,0,0
TXN102247,105.17,13,4.08,17.85,0,0.506,0,1,0
TXN102248,135.7974757564806,20,28.198971276465354,54.22,0,0.6822017863019854,0,1,0
TXN102249,52.69,10,11.42,4.84,0,0.247,0,1,0
TXN102250,55.91,12,4.99,105.73,0,0.328,0,1,0
TXN102251,212.47,3,11.21,12.74,0,0.343,0,1,0
TXN102252,46.42,16,12.03,378.2,0,0.383,0,1,0
TXN102253,802.4,0,135.79,1.14,4,0.834,1,1,1
TXN102254,40.77,8,12.19,62.82,1,0.273,0,1,0
TXN102255,523.641110671191,10,15.32455179004259,482.71,0,0.5563596519506291,0,1,0
TXN102256,56.05,13,13.44,34.79,0,0.094,0,1,0
TXN102257,251.86,1,250.38,2.28,5,0.672,1,0,1
TXN102258,55.29,3,7.95,52.66,1,0.364,0,1,0
TXN102259,62.98,8,1.15,6.28,0,0.401,0,1,0
TXN102260,4.63,17,10.25,4.9,0,0.292,0,1,0
TXN102261,38.89,15,14.15,33.84,0,0.589,0,1,0
TXN102262,86.16,5,3.42,68.05,0,0.409,1,1,0
TXN102263,92.34,16,12.25,71.06,0,0.258,0,0,0
TXN102264,130.83246587898998,9,166.10888023545377,182.39,0,0.5139435500673155,0,1,0
TXN102265,148.3,11,7.19,83.07,0,0.277,0,1,0
TXN102266,199.65,20,15.56,82.07,0,0.614,0,1,0
TXN102267,52.97,10,12.56,260.76,1,0.105,0,1,0
TXN102268,9.79,20,31.38,71.84,0,0.468,0,1,0
TXN102269,33.53,8,10.88,122.68,0,0.12,0,1,0
TXN102270,131.59,8,1.59,35.13,0,0.116,0,1,0
TXN102271,194.8,22,21.95,235.09,0,0.041,0,1,0
TXN102272,55.23,21,10.19,4.42,1,0.21,0,1,0
TXN102273,16.83,2,7.19,16.46,1,0.41,0,1,0
TXN102274,28.12,21,12.66,45.95,0,0.275,0,1,0
TXN102275,490.31,7,100.78,1.43,5,0.587,0,1,1
TXN102276,67.1,11,0.79,124.05,0,0.64,0,1,0
TXN102277,105.6,1,11.4,12.0,1,0.293,0,1,0
TXN102278,71.46,16,3.05,179.41,0,0.347,0,1,0
TXN102279,81.92,20,3.78,127.81,1,0.284,0,1,0
TXN102280,24.32,4,11.78,12.09,1,0.204,0,0,0
TXN102281,88.75,10,1.14,264.62,0,0.339,0,1,0
TXN102282,32.85,8,1.83,487.97,0,0.235,0,0,0
TXN102283,100.66,8,2.17,140.91,0,0.242,0,1,0
TXN102284,147.14,11,11.87,61.57,0,0.219,0,1,0
TXN102285,79.33,14,22.19,125.13,0,0.267,0,0,0
TXN102286,7.4,9,0.07,116.49,1,0.093,0,1,0
TXN102287,111.23729342900809,18,154.3175258617145,29.48,0,0.6709647052046278,0,1,0
TXN102288,137.95,19,6.24,46.5,0,0.614,0,1,0
TXN102289,211.49270035260278,13,146.66248212304197,77.28,1,0.6718862531617513,0,1,0
TXN102290,45.96,14,3.8,89.88,0,0.055,0,0,0
TXN102291,147.04,11,0.06,87.09,0,0.632,0,1,0
TXN102292,101.63,13,1.42,81.11,1,0.124,0,1,0
TXN102293,121.61,2,11.44,126.76,1,0.286,0,1,0
TXN102294,11.45,14,13.02,162.56,0,0.298,0,1,0
TXN102295,102.41,11,7.05,24.82,0,0.287,0,1,0
TXN102296,7.58,8,4.11,82.84,1,0.1,0,1,0
TXN102297,41.96,18,4.93,41.8,0,0.321,0,1,0
TXN102298,215.32,6,21.64,5.4,0,0.279,0,1,0
TXN102299,169.51,6,7.24,34.27,1,0.283,1,1,0
TXN102300,342.74,20,9.02,258.21,0,0.518,0,1,0
TXN102301,116.07,10,0.32,133.89,0,0.417,0,1,0
TXN102302,17.37,8,1.57,36.02,0,0.037,0,1,0
TXN102303,177.19200192363044,3,87.67972996136643,96.28,0,0.6950893024390454,0,1,0
TXN102304,280.16,9,7.65,44.97,0,0.442,0,0,0
TXN102305,22.59,14,4.97,120.86,0,0.195,0,0,0
TXN102306,153.73,16,6.67,746.84,0,0.525,0,1,0
TXN102307,28.96,12,8.75,36.12,0,0.247,0,1,0
TXN102308,208.1,6,0.68,48.23,0,0.486,0,1,0
TXN102309,204.97161236620292,18,83.70303101071698,452.41,0,0.7614959944073724,0,1,0
TXN102310,53.1,1,7.43,142.88,0,0.338,0,1,0
TXN102311,52.2,18,16.74,36.19,0,0.32,0,1,0
TXN102312,24.17,9,4.9,30.61,0,0.135,0,1,0
TXN102313,26.95,2,15.09,0.03,0,0.222,0,1,0
TXN102314,185.7358280078611,10,24.58089490174803,3.44,0,0.7234534426136741,0,1,0
TXN102315,38.82,13,9.28,419.54,0,0.322,0,1,0
TXN102316,84.45,18,5.79,23.55,0,0.586,0,1,0
TXN102317,135.58,10,11.54,137.99,0,0.116,0,0,0
TXN102318,67.09,23,11.64,60.76,0,0.274,0,0,0
TXN102319,68.98,15,8.32,172.17,0,0.36,0,1,0
TXN102320,142.28,15,10.87,237.3,0,0.675,0,1,0
TXN102321,46.49,10,6.13,96.52,0,0.286,0,1,0
TXN102322,68.33,12,10.54,39.63,0,0.158,0,1,0
TXN102323,157.42,12,5.44,78.22,1,0.17,0,1,0
TXN102324,167.16,20,3.6,176.3,0,0.252,0,0,0
TXN102325,36.61,18,4.12,53.77,0,0.251,0,0,0
TXN102326,109.27,5,0.5,182.22,0,0.387,0,1,0
TXN102327,44.32,23,7.08,392.66,1,0.244,0,0,0
TXN102328,22.86,0,0.28,114.04,0,0.216,0,1,0
TXN102329,28.38,7,6.92,21.11,0,0.706,0,1,0
TXN102330,21.43,9,1.71,43.88,1,0.256,0,1,0
TXN102331,51.53,11,18.24,176.63,0,0.148,0,1,0
TXN102332,19.17,16,27.67,200.21,0,0.041,0,1,0
TXN102333,7.84,21,8.26,84.9,0,0.449,0,1,0
TXN102334,103.57,20,9.06,29.53,0,0.245,0,1,0
TXN102335,79.01,8,2.97,27.99,0,0.17,0,1,0
TXN102336,46.32,11,2.21,289.93,0,0.218,0,1,0
TXN102337,79.72,20,8.87,175.67,0,0.384,0,0,0
TXN102338,19.11,0,7.48,327.58,0,0.314,0,1,0
TXN102339,75.02,15,16.78,6.69,0,0.141,0,1,0
TXN102340,131.0,20,9.85,77.51,1,0.046,0,1,0
TXN102341,34.2,5,13.48,214.87,0,0.397,0,1,0
TXN102342,76.3,4,0.13,231.82,0,0.448,0,1,0
TXN102343,42.74,14,20.43,64.74,1,0.345,0,1,0
TXN102344,1.54,10,5.47,134.62,0,0.115,0,1,0
TXN102345,130.12,15,20.36,66.06,0,0.188,0,1,0
TXN102346,68.95,8,7.14,41.71,0,0.207,0,1,0
TXN102347,10.36,10,2.31,59.4,0,0.174,0,0,0
TXN102348,28.17,6,9.48,183.82,1,0.398,0,0,0
TXN102349,278.48,6,7.32,56.68,0,0.157,0,0,0
TXN102350,113.3,13,15.48,64.57,1,0.231,0,1,0
TXN102351,65.92,12,3.98,246.45,0,0.13,0,1,0
TXN102352,74.99,15,23.48,216.91,0,0.39,0,1,0
TXN102353,21.19,10,6.31,41.09,1,0.599,0,0,0
TXN102354,54.31,0,5.26,127.13,1,0.115,1,1,0
TXN102355,231.17180225726523,17,8.484429333296099,36.71,0,0.5077442771974835,0,1,0
TXN102356,80.16,0,11.16,142.86,0,0.274,0,1,0
TXN102357,55.28,16,3.99,133.0,0,0.47,0,1,0
TXN102358,39.17,17,6.84,719.54,1,0.381,0,1,0
TXN102359,98.66,15,9.84,67.54,1,0.106,0,1,0
TXN102360,96.0,17,1.36,33.77,1,0.023,0,1,0
TXN102361,435.2649388755415,8,54.997913192994226,129.62,0,0.6358406215665089,0,1,0
TXN102362,112.77,11,9.02,96.01,1,0.248,0,1,0
TXN102363,88.86,13,2.66,45.32,0,0.332,0,1,0
TXN102364,135.56,2,8.4,14.98,0,0.191,0,1,0
TXN102365,204.31,17,3.32,101.61,0,0.233,0,1,0
TXN102366,51.22,2,0.95,93.13,0,0.014,0,0,0
TXN102367,46.98,22,8.01,6.58,0,0.103,0,1,0
TXN102368,64.17,2,4.89,154.16,0,0.555,0,0,0
TXN102369,84.17,19,9.26,65.81,0,0.358,0,1,0
TXN102370,103.83,20,2.8,47.77,0,0.13,0,0,0
TXN102371,123.07,17,0.91,155.4,1,0.669,0,1,0
TXN102372,69.47,16,2.2,115.4,0,0.289,1,1,0
TXN102373,64.17,0,7.69,19.13,0,0.141,0,1,0
TXN102374,227.64,17,5.68,197.41,0,0.253,0,1,0
TXN102375,64.92,19,17.77,454.82,0,0.388,0,1,0
TXN102376,95.25,15,6.06,123.29,1,0.155,0,1,0
TXN102377,157.55,13,1.27,92.22,0,0.253,0,1,0
TXN102378,26.69,17,7.78,391.7,0,0.289,0,1,0
TXN102379,34.3,13,0.83,371.52,0,0.695,0,1,0
TXN102380,14.13,23,2.17,4.38,0,0.581,0,1,0
TXN102381,45.01,15,1.27,3.74,0,0.268,0,1,0
TXN102382,36.0,9,4.22,183.45,0,0.097,1,1,0
TXN102383,25.72,18,23.77,223.59,0,0.609,0,1,0
TXN102384,152.73,9,12.09,110.63,0,0.373,0,1,0
TXN102385,81.02,15,5.44,45.88,0,0.189,1,1,0
TXN102386,54.91,14,0.89,3.31,0,0.274,0,1,0
TXN102387,92.01,12,1.76,238.69,0,0.34,0,1,0
TXN102388,35.02,18,8.36,258.88,0,0.26,0,1,0
TXN102389,44.58,17,19.4,95.59,0,0.123,0,1,0
TXN102390,111.63,9,2.29,113.04,0,0.491,0,1,0
TXN102391,91.6,11,18.28,206.36,1,0.169,0,0,0
TXN102392,106.96,17,8.05,159.17,0,0.148,0,1,0
TXN102393,5.79,6,1.47,88.25,0,0.052,0,1,0
TXN102394,19.99,11,6.36,65.85,0,0.047,0,1,0
TXN102395,50.29,17,8.09,237.29,0,0.111,0,1,0
TXN102396,5.51,20,8.84,44.83,0,0.155,0,1,0
TXN102397,64.46,5,19.91,36.17,2,0.018,0,1,0
TXN102398,68.25,18,14.58,12.04,0,0.162,0,1,0
TXN102399,51.74,17,7.53,15.96,0,0.458,0,1,0
TXN102400,46.72,20,4.67,81.52,0,0.446,0,1,0
TXN102401,60.45,11,1.64,188.46,0,0.223,0,1,0
TXN102402,252.71970701226013,9,211.69692495789167,90.59,0,0.713289273142125,0,1,0
TXN102403,62.7,20,14.59,58.58,1,0.392,0,1,0
TXN102404,65.67,18,8.73,74.32,0,0.132,0,0,0
TXN102405,17.93,12,9.15,39.13,1,0.281,0,1,0
TXN102406,39.21,12,1.47,42.32,0,0.216,0,1,0
TXN102407,27.21,17,5.82,223.12,0,0.107,0,0,0
TXN102408,12.92,15,0.63,7.97,0,0.127,0,1,0
TXN102409,5.86,20,12.27,28.66,0,0.332,1,1,0
TXN102410,226.95,8,13.71,44.98,0,0.219,0,1,0
TXN102411,36.59,12,0.71,9.04,0,0.065,0,0,0
TXN102412,188.82814702331385,18,185.70433187846496,90.21,0,0.5219394266707255,0,1,0
TXN102413,61.64,8,5.72,393.37,0,0.374,0,0,0
TXN102414,153.31,9,3.41,7.13,0,0.637,0,1,0
TXN102415,277.32,1,11.76,187.95,0,0.153,0,1,0
TXN102416,128.11,22,18.78,190.68,0,0.346,0,0,0
TXN102417,45.9,17,8.36,487.95,0,0.449,0,1,0
TXN102418,45.16,14,4.88,44.05,0,0.371,0,1,0
TXN102419,124.57,12,17.41,171.49,0,0.214,0,1,0
TXN102420,86.89,20,9.11,69.3,0,0.384,0,1,0
TXN102421,105.17,19,21.98,72.95,1,0.335,0,1,0
TXN102422,114.43,4,6.13,103.11,2,0.283,0,0,0
TXN102423,47.25,15,12.08,419.55,0,0.143,0,0,0
TXN102424,63.89,1,13.5,420.57,1,0.366,0,0,0
TXN102425,58.76,12,6.82,68.71,0,0.45,0,1,0
TXN102426,171.71,9,7.35,38.24,1,0.481,0,1,0
TXN102427,112.69,11,9.85,88.98,0,0.268,0,1,0
TXN102428,93.43,16,7.84,3.11,1,0.139,0,0,0
TXN102429,68.29,14,1.85,27.43,0,0.637,0,1,0
TXN102430,39.79,8,1.63,15.77,1,0.157,0,1,0
TXN102431,516.77,6,277.79,2.28,8,0.473,0,0,1
TXN102432,80.6,8,4.57,111.5,0,0.81,0,0,0
TXN102433,148.18,3,3.5,505.45,2,0.25,0,0,0
TXN102434,100.42,17,12.76,176.12,1,0.475,0,1,0
TXN102435,62.71,15,19.24,178.73,0,0.245,0,1,0
TXN102436,168.13,5,5.9,94.55,0,0.105,0,1,0
TXN102437,76.91,13,8.46,18.04,0,0.137,0,1,0
TXN102438,28.87,19,6.33,101.82,0,0.145,0,1,0
TXN102439,150.86,15,2.42,27.63,0,0.648,0,1,0
TXN102440,45.14,18,1.19,66.88,1,0.156,0,1,0
TXN102441,8.65,19,6.59,25.56,0,0.289,0,1,0
TXN102442,23.96,8,11.13,124.47,0,0.16,0,1,0
TXN102443,44.21,20,6.75,140.78,0,0.785,0,0,0
TXN102444,30.45,12,16.39,269.72,0,0.27,0,0,0
TXN102445,85.06,13,2.27,170.87,0,0.321,0,1,0
TXN102446,93.72,23,15.29,107.85,1,0.181,0,1,0
TXN102447,43.57,19,0.69,177.63,0,0.089,0,0,0
TXN102448,82.63,11,5.26,255.61,0,0.469,1,1,0
TXN102449,61.4,14,14.48,0.51,0,0.349,0,1,0
TXN102450,59.04,16,8.26,33.05,2,0.014,0,1,0
TXN102451,27.13,20,5.38,9.2,0,0.275,0,1,0
TXN102452,166.14,8,10.05,308.92,1,0.036,0,0,0
TXN102453,69.79,22,12.54,166.35,0,0.524,0,0,0
TXN102454,27.84,12,0.67,34.48,0,0.198,0,1,0
TXN102455,336.21,8,341.97,0.35,5,0.552,0,0,1
TXN102456,34.49,13,1.62,268.17,0,0.597,0,1,0
TXN102457,96.72,9,6.05,170.27,0,0.27,0,1,0
TXN102458,135.83,9,2.52,67.23,1,0.232,0,0,0
TXN102459,42.72,7,5.39,42.07,0,0.109,0,0,0
TXN102460,36.63,17,12.42,74.33,0,0.327,0,1,0
TXN102461,43.2,19,1.66,28.58,1,0.341,0,1,0
TXN102462,94.07,17,7.73,27.07,0,0.156,0,1,0
TXN102463,80.76,15,8.49,19.34,1,0.382,0,1,0
TXN102464,21.56,8,16.13,55.46,1,0.345,0,1,0
TXN102465,76.04,14,15.95,267.43,0,0.417,0,0,0
TXN102466,58.28,9,11.65,12.11,1,0.398,0,1,0
TXN102467,10.96,11,5.0,59.18,0,0.492,0,0,0
TXN102468,80.27,7,5.86,61.91,0,0.192,0,1,0
TXN102469,74.05,10,5.77,151.83,1,0.318,0,0,0
TXN102470,21.94,17,17.2,67.38,0,0.09,0,1,0
TXN102471,47.06,15,6.66,70.06,0,0.168,0,0,0
TXN102472,40.28,16,5.52,12.88,0,0.188,0,1,0
TXN102473,43.83,0,6.47,1.66,0,0.06,0,1,0
TXN102474,157.22,8,6.55,337.76,1,0.441,0,1,0
TXN102475,26.01,8,1.63,184.9,0,0.588,0,1,0
TXN102476,197.69,1,13.02,261.51,0,0.239,1,1,0
TXN102477,64.95,17,6.03,15.05,1,0.104,0,1,0
TXN102478,154.16,20,2.46,259.46,0,0.347,0,1,0
TXN102479,45.5,6,1.91,213.41,1,0.212,0,1,0
TXN102480,96.87,1,8.44,101.04,1,0.081,0,1,0
TXN102481,21.61,11,0.19,215.87,1,0.404,0,1,0
TXN102482,133.47,23,14.33,40.97,0,0.709,0,1,0
TXN102483,86.58,14,7.44,7.89,0,0.391,1,1,0
TXN102484,216.49,16,2.65,1.84,0,0.327,0,1,0
TXN102485,2.36,9,5.29,121.46,1,0.598,0,0,0
TXN102486,59.63,20,13.2,133.44,0,0.078,0,1,0
TXN102487,91.35,8,18.69,57.87,2,0.116,0,0,0
TXN102488,92.02,12,28.11,22.19,0,0.12,0,1,0
TXN102489,66.84,1,7.56,196.03,2,0.603,0,1,0
TXN102490,74.52,8,2.24,28.46,0,0.175,0,0,0
TXN102491,33.08,20,15.45,5.29,0,0.314,0,1,0
TXN102492,129.95,14,6.86,431.19,0,0.255,0,1,0
TXN102493,69.63,11,7.92,31.67,0,0.343,0,1,0
TXN102494,31.58,9,7.59,74.37,0,0.055,0,1,0
TXN102495,43.46,15,5.75,223.26,1,0.034,0,0,0
TXN102496,87.54,14,25.3,5.83,0,0.019,0,1,0
TXN102497,94.02,21,19.66,114.67,0,0.257,0,1,0
TXN102498,112.39,13,4.85,85.85,0,0.291,0,1,0
TXN102499,87.07,1,10.67,4.18,2,0.099,0,1,0
TXN102500,313.4184940649811,9,38.97142703800431,330.98,0,0.7854042459109294,0,0,0
TXN102501,62.26,8,43.29,222.94,0,0.165,0,1,0
TXN102502,37.03,12,7.28,118.36,0,0.318,0,1,0
TXN102503,40.34,6,9.57,183.36,0,0.105,1,0,0
TXN102504,43.58,12,1.27,6.08,0,0.139,0,1,0
TXN102505,48.98,2,11.89,22.43,0,0.523,0,0,0
TXN102506,753.355025600393,16,18.859444340931628,101.18,0,0.6684284129901836,0,1,0
TXN102507,152.43,19,10.11,43.85,1,0.282,0,1,0
TXN102508,108.37,15,9.31,40.71,1,0.318,0,1,0
TXN102509,6.95,13,1.85,231.47,1,0.31,0,0,0
TXN102510,23.65,14,17.38,428.33,0,0.46,0,1,0
TXN102511,136.18,8,4.78,62.95,0,0.227,0,1,0
TXN102512,79.11,10,1.92,66.55,2,0.187,0,1,0
TXN102513,52.96,15,6.11,111.9,0,0.045,0,1,0
TXN102514,37.99,10,36.71,164.0,0,0.546,0,1,0
TXN102515,88.35,8,7.52,52.37,0,0.402,0,1,0
TXN102516,29.02,11,15.76,163.28,0,0.339,0,1,0
TXN102517,65.46,10,9.74,193.03,0,0.038,0,0,0
TXN102518,27.86,9,7.74,48.5,0,0.382,0,1,0
TXN102519,1.83,6,1.94,18.94,0,0.242,0,1,0
TXN102520,621.06,11,206.62,0.7,7,0.605,1,0,1
TXN102521,41.08,10,5.79,26.36,0,0.359,0,1,0
TXN102522,39.86,12,5.44,466.09,0,0.14,0,0,0
TXN102523,93.11,15,3.93,274.1,0,0.061,0,0,0
TXN102524,69.3,10,13.46,10.6,0,0.17,0,1,0
TXN102525,117.44,14,2.03,53.14,1,0.481,0,1,0
TXN102526,102.26,17,6.48,46.48,0,0.313,0,0,0
TXN102527,15.49,6,2.13,95.3,0,0.356,0,1,0
TXN102528,9.79,21,8.4,218.37,0,0.186,0,1,0
TXN102529,87.78,0,8.71,10.02,0,0.483,0,1,0
TXN102530,1236.5,13,544.23,2.98,3,0.864,0,0,1
TXN102531,320.6127873177149,17,77.56917517086126,19.47,0,0.7543075722132944,0,0,0
TXN102532,51.94,12,7.85,32.52,0,0.344,1,1,0
TXN102533,24.76,2,2.91,50.88,0,0.204,1,1,0
TXN102534,126.6,15,5.17,85.42,1,0.129,0,1,0
TXN102535,31.63,12,2.05,40.1,0,0.351,0,1,0
TXN102536,353.55501461903356,13,39.574685680833745,53.51,0,0.5644396167992386,0,1,0
TXN102537,89.47,11,12.69,45.65,1,0.166,1,0,0
TXN102538,43.51450282520952,4,24.462666493858286,49.45,0,0.7739330810716879,0,1,0
TXN102539,415.85,5,186.91,0.23,1,0.81,0,0,1
TXN102540,96.62,19,8.17,75.87,0,0.543,1,1,0
TXN102541,41.26,21,5.12,81.83,0,0.383,0,1,0
TXN102542,45.51,23,4.0,140.97,0,0.388,0,1,0
TXN102543,42.57,17,11.07,12.45,0,0.129,0,1,0
TXN102544,67.79,16,6.07,232.6,0,0.397,0,0,0
TXN102545,15.94,8,4.59,4.43,1,0.346,0,1,0
TXN102546,40.79,15,3.15,27.1,0,0.52,0,1,0
TXN102547,6.79,18,13.92,83.77,0,0.114,0,1,0
TXN102548,57.89,10,7.0,240.29,0,0.343,0,1,0
TXN102549,19.98,13,4.57,3.25,0,0.224,0,1,0
TXN102550,719.1013091016612,9,658.9282214656184,87.57,2,0.5466555893451889,0,1,0
TXN102551,193.61,9,8.63,69.04,0,0.078,0,1,0
TXN102552,36.29,13,0.87,17.11,0,0.504,0,1,0
TXN102553,30.85,12,18.3,103.59,0,0.114,0,1,0
TXN102554,16.25,7,5.89,42.28,1,0.081,0,1,0
TXN102555,24.61,15,9.49,119.47,1,0.259,0,0,0
TXN102556,6.9,17,11.47,3.86,0,0.3,1,1,0
TXN102557,17.17,16,1.02,10.15,0,0.48,0,1,0
TXN102558,21.92,8,2.41,15.61,0,0.247,0,0,0
TXN102559,77.1338086886959,18,20.853514075698378,21.26,0,0.6652928137317436,0,1,0
TXN102560,44.04,11,4.33,104.93,0,0.292,0,1,0
TXN102561,82.6,13,5.88,69.13,0,0.263,0,0,0
TXN102562,248.15,11,1.28,35.33,0,0.282,0,0,0
TXN102563,56.16,11,8.38,266.68,1,0.226,0,1,0
TXN102564,43.78,19,18.16,325.76,0,0.264,0,1,0
TXN102565,193.63,20,6.16,46.89,0,0.632,0,1,0
TXN102566,236.80597860668007,11,26.408057388241723,343.87,0,0.6143344279442274,0,1,0
TXN102567,126.55,7,6.31,117.22,1,0.222,0,1,0
TXN102568,143.18,12,0.4,18.69,0,0.298,0,1,0
TXN102569,59.59,4,0.35,59.4,1,0.109,0,1,0
TXN102570,26.28,3,12.35,66.19,0,0.476,0,1,0
TXN102571,407.547448304567,9,65.13945651466153,93.78,0,0.5135237794376019,0,0,0
TXN102572,92.47,21,2.41,59.41,1,0.153,0,1,0
TXN102573,83.06,21,1.42,128.25,1,0.48,0,1,0
TXN102574,27.66,17,1.22,310.59,0,0.184,0,1,0
TXN102575,61.71,12,5.25,96.06,0,0.464,0,1,0
TXN102576,68.05,9,1.37,43.32,0,0.239,0,0,0
TXN102577,187.35,4,5.43,38.71,0,0.135,0,1,0
TXN102578,126.86,9,8.75,24.15,0,0.126,0,1,0
TXN102579,94.91,8,8.3,346.58,0,0.735,0,1,0
TXN102580,244.97,12,3.51,90.83,0,0.081,0,0,0
TXN102581,20.09,12,5.72,55.03,0,0.356,0,1,0
TXN102582,73.57,13,18.04,132.4,0,0.082,0,1,0
TXN102583,166.76,16,5.23,83.31,0,0.172,0,0,0
TXN102584,21.8,10,3.82,19.51,0,0.227,0,1,0
TXN102585,46.85,16,1.02,188.34,0,0.105,0,1,0
TXN102586,5.56,16,7.04,241.16,0,0.226,0,1,0
TXN102587,132.13,17,1.94,79.11,1,0.078,0,1,0
TXN102588,63.31,10,3.37,14.14,0,0.243,0,1,0
TXN102589,1128.38,1,293.9,2.03,3,0.627,0,0,1
TXN102590,85.33,6,12.09,64.87,0,0.045,0,0,0
TXN102591,179.38,10,3.52,99.76,0,0.276,0,1,0
TXN102592,25.61,8,4.26,49.04,1,0.013,0,1,0
TXN102593,74.57425876405198,8,159.9248531109584,135.32,0,0.7410650054549419,0,1,0
TXN102594,132.53,8,4.02,129.01,0,0.275,0,1,0
TXN102595,21.067209714105733,18,107.17103305693001,4.78,0,0.6537069779165519,0,0,0
TXN102596,95.76,9,11.35,12.77,0,0.433,0,1,0
TXN102597,22.05,1,7.57,151.98,1,0.109,0,0,0
TXN102598,41.59,13,8.4,49.75,0,0.108,0,1,0
TXN102599,33.78,20,2.75,11.55,1,0.406,0,1,0
TXN102600,230.5729008418847,9,15.423998181119936,76.95,0,0.664401642577798,0,1,0
TXN102601,9.95,15,15.33,123.92,0,0.45,0,1,0
TXN102602,111.26,11,11.29,13.32,1,0.425,0,1,0
TXN102603,101.15,8,11.54,185.78,0,0.242,0,0,0
TXN102604,88.85,4,10.27,33.08,0,0.181,0,0,0
TXN102605,576.293620704665,12,254.8146517532402,165.6,0,0.5938703078326537,0,0,0
TXN102606,108.2,2,0.67,196.84,0,0.152,0,0,0
TXN102607,197.94,9,95.44,0.92,4,0.649,1,0,1
TXN102608,91.17,13,8.59,20.36,0,0.759,0,1,0
TXN102609,61.07,12,2.0,35.86,0,0.029,0,1,0
TXN102610,42.99,8,19.93,86.02,1,0.479,0,1,0
TXN102611,100.0,8,4.82,9.67,0,0.555,0,0,0
TXN102612,68.87,10,3.37,13.02,2,0.385,0,1,0
TXN102613,58.51,18,8.82,157.88,0,0.241,0,1,0
TXN102614,50.48,4,6.33,4.93,0,0.545,0,1,0
TXN102615,28.21,14,8.28,34.13,0,0.234,0,1,0
TXN102616,31.43,13,3.84,153.83,0,0.302,0,0,0
TXN102617,70.91,19,1.97,16.88,0,0.484,0,0,0
TXN102618,14.34,8,11.28,32.7,0,0.387,0,1,0
TXN102619,12.06,15,8.82,52.58,0,0.281,1,1,0
TXN102620,66.44,9,1.63,43.56,0,0.016,0,1,0
TXN102621,46.32,23,12.06,219.88,0,0.087,0,1,0
TXN102622,184.57,10,4.46,92.16,0,0.377,0,1,0
TXN102623,101.33,13,18.35,65.89,0,0.549,0,0,0
TXN102624,24.11,8,29.02,462.15,0,0.341,0,1,0
TXN102625,41.53,9,1.18,60.55,0,0.328,0,0,0
TXN102626,98.13,11,6.36,53.07,1,0.069,0,1,0
TXN102627,43.59,13,2.44,351.13,0,0.304,0,1,0
TXN102628,64.41,14,8.27,237.18,0,0.234,0,1,0
TXN102629,35.7,6,9.27,150.59,0,0.275,0,0,0
TXN102630,98.93,11,4.37,373.61,0,0.119,0,1,0
TXN102631,43.23,12,12.57,34.97,0,0.498,0,1,0
TXN102632,80.06,12,19.23,280.44,1,0.079,0,1,0
TXN102633,39.88,18,0.9,133.5,0,0.223,1,1,0
TXN102634,35.54,15,8.95,153.03,0,0.274,0,1,0
TXN102635,64.63,20,10.48,149.84,0,0.395,0,0,0
TXN102636,58.17,7,4.74,335.83,0,0.371,0,1,0
TXN102637,22.99,19,9.51,83.88,1,0.404,0,1,0
TXN102638,55.91,3,1.72,2.29,0,0.527,0,1,0
TXN102639,99.84,14,13.97,203.55,0,0.371,0,1,0
TXN102640,8.03,10,20.6,123.71,2,0.162,0,0,0
TXN102641,33.86,4,3.57,188.34,0,0.893,0,1,0
TXN102642,39.74,8,7.26,45.53,0,0.153,0,1,0
TXN102643,28.35,3,4.85,191.21,1,0.128,0,1,0
TXN102644,29.34,18,6.02,394.1,0,0.54,0,1,0
TXN102645,119.88,19,5.74,75.18,0,0.178,0,1,0
TXN102646,50.33,14,8.21,43.67,1,0.208,0,1,0
TXN102647,72.05,13,1.91,48.5,0,0.086,0,0,0
TXN102648,84.42,11,9.17,53.75,0,0.27,0,1,0
TXN102649,36.09,6,25.07,24.64,0,0.476,0,1,0
TXN102650,70.89,15,9.21,30.86,0,0.116,0,1,0
TXN102651,52.55,20,9.75,23.56,0,0.541,0,1,0
TXN102652,159.13,13,4.7,17.82,0,0.406,0,0,0
TXN102653,103.8,22,4.14,71.15,0,0.299,0,1,0
TXN102654,46.59,14,22.19,142.79,0,0.561,0,0,0
TXN102655,82.1550480790936,6,71.0575176805407,50.78,0,0.7579365843730995,0,1,0
TXN102656,128.29,15,11.84,47.79,0,0.256,0,0,0
TXN102657,44.84,8,15.69,72.51,0,0.491,0,0,0
TXN102658,96.54,16,9.11,494.03,1,0.153,0,1,0
TXN102659,112.56,11,1.09,94.05,0,0.022,0,1,0
TXN102660,139.59,14,0.79,114.89,1,0.52,0,0,0
TXN102661,87.09,14,12.0,20.32,0,0.304,0,1,0
TXN102662,116.1,1,3.07,108.33,1,0.15,0,1,0
TXN102663,51.62,12,11.47,104.31,1,0.081,0,0,0
TXN102664,377.76,11,16.8,42.07,0,0.069,0,1,0
TXN102665,264.04019921681305,9,47.153986862692115,75.39,1,0.6929314534640834,0,1,0
TXN102666,50.23,1,5.54,6.77,1,0.031,0,1,0
TXN102667,21.7,0,11.4,347.59,0,0.384,0,1,0
TXN102668,54.07,12,6.13,3.55,0,0.332,0,1,0
TXN102669,111.06,18,10.58,50.93,3,0.199,0,1,0
TXN102670,22.07,9,2.16,22.1,0,0.692,0,1,0
TXN102671,151.71589965443076,9,93.10898684544993,182.13,0,0.6319435838147027,0,1,0
TXN102672,201.15459728317592,17,92.1925033746252,29.79,2,0.5014163701186962,0,1,0
TXN102673,116.57,18,3.4,131.69,0,0.036,0,1,0
TXN102674,18.49,2,8.89,14.85,1,0.561,0,1,0
TXN102675,19.96,15,4.27,29.06,0,0.219,0,1,0
TXN102676,59.86,8,2.03,191.29,2,0.209,0,1,0
TXN102677,24.28,22,0.47,94.29,0,0.299,0,1,0
TXN102678,11.99,23,4.68,71.57,0,0.335,1,1,0
TXN102679,3.17,20,4.24,249.29,0,0.107,0,1,0
TXN102680,51.75,14,7.71,53.33,0,0.251,1,1,0
TXN102681,999.6,2,414.18,0.32,4,0.443,0,0,1
TXN102682,24.43,17,9.48,127.78,0,0.366,0,1,0
TXN102683,54.47,14,2.81,26.97,0,0.079,1,1,0
TXN102684,13.94,15,2.02,201.52,0,0.279,0,1,0
TXN102685,84.31,8,5.11,69.05,0,0.135,0,1,0
TXN102686,114.66,16,3.98,195.46,3,0.097,0,1,0
TXN102687,27.94,18,2.93,36.84,0,0.371,0,0,0
TXN102688,73.97,22,4.73,93.4,0,0.208,0,1,0
TXN102689,12.36,23,9.11,93.18,0,0.171,0,1,0
TXN102690,106.12,19,6.72,0.61,0,0.523,0,0,0
TXN102691,20.98,22,9.64,31.25,0,0.21,0,1,0
TXN102692,59.34,9,7.52,18.13,0,0.313,0,1,0
TXN102693,14.8,11,11.94,113.01,1,0.446,0,1,0
TXN102694,34.96,16,11.73,7.72,0,0.081,0,1,0
TXN102695,63.44,13,3.03,129.18,1,0.311,0,0,0
TXN102696,134.84,18,1.01,85.41,0,0.627,0,1,0
TXN102697,122.95,0,3.31,52.31,0,0.13,0,1,0
TXN102698,10.42,14,6.69,20.24,0,0.38,0,1,0
TXN102699,107.06,20,4.04,17.45,0,0.215,0,1,0
TXN102700,63.91,19,31.33,212.79,0,0.274,0,1,0
TXN102701,58.61,9,2.63,145.22,1,0.49,0,0,0
TXN102702,83.88,7,1.78,114.37,0,0.453,0,1,0
TXN102703,71.48,17,11.71,145.55,0,0.169,0,1,0
TXN102704,43.63,9,2.28,134.91,1,0.392,0,1,0
TXN102705,196.3223418310536,15,37.29743799685619,18.47,0,0.55798136201227,0,1,0
TXN102706,176.82,15,2.75,162.7,1,0.304,0,1,0
TXN102707,35.89,23,12.38,247.77,0,0.314,0,1,0
TXN102708,67.08,13,17.92,107.5,0,0.054,0,1,0
TXN102709,178.98,13,8.9,34.2,0,0.078,1,1,0
TXN102710,139.11,6,14.09,161.79,0,0.355,0,1,0
TXN102711,38.68,19,13.76,132.13,0,0.127,0,1,0
TXN102712,90.06,18,1.35,36.51,2,0.213,0,1,0
TXN102713,53.64,8,11.92,153.72,1,0.147,0,0,0
TXN102714,303.88538460431516,1,65.96927493633109,8.82,0,0.6152316187948133,0,1,0
TXN102715,44.92,14,2.04,13.13,0,0.448,0,0,0
TXN102716,112.7,17,3.24,162.19,0,0.471,0,1,0
TXN102717,84.39,6,0.66,35.67,0,0.563,0,1,0
TXN102718,54.69,17,4.83,61.01,1,0.215,0,1,0
TXN102719,94.05,16,7.66,213.18,1,0.068,0,1,0
TXN102720,56.45,22,0.73,32.3,1,0.422,0,1,0
TXN102721,81.76,18,2.05,79.9,1,0.208,0,0,0
TXN102722,58.47,15,9.98,35.5,0,0.217,0,1,0
TXN102723,40.74,8,34.69,5.79,0,0.306,0,1,0
TXN102724,94.71,11,2.8,368.56,0,0.331,0,1,0
TXN102725,44.8,14,2.8,60.6,0,0.418,0,1,0
TXN102726,131.15,14,4.04,113.22,0,0.339,0,1,0
TXN102727,98.78,19,4.06,222.34,0,0.088,0,1,0
TXN102728,46.41,23,5.26,333.71,1,0.241,0,1,0
TXN102729,15.88,16,0.32,16.37,1,0.35,0,0,0
TXN102730,75.28,17,11.01,109.54,0,0.306,0,0,0
TXN102731,8.5,14,10.94,206.47,0,0.161,0,1,0
TXN102732,150.61,10,4.43,53.38,0,0.472,0,0,0
TXN102733,282.16,18,1.73,3.03,0,0.494,0,1,0
TXN102734,123.53,22,5.94,227.02,0,0.413,0,1,0
TXN102735,64.36,15,32.97,10.93,0,0.404,0,1,0
TXN102736,73.57,7,2.17,153.83,0,0.466,0,0,0
TXN102737,41.76,1,30.96,93.61,0,0.389,0,1,0
TXN102738,10.25,22,11.37,243.94,1,0.253,0,1,0
TXN102739,57.81,10,2.91,88.59,0,0.318,0,1,0
TXN102740,70.74,19,15.04,40.07,0,0.123,0,1,0
TXN102741,30.0,13,4.96,104.67,0,0.224,0,1,0
TXN102742,23.22,22,4.51,5.09,0,0.324,0,1,0
TXN102743,23.76,12,5.66,95.34,0,0.12,0,1,0
TXN102744,86.72,11,11.68,2.07,0,0.366,0,1,0
TXN102745,98.41,14,8.46,154.29,0,0.173,1,1,0
TXN102746,133.61,14,5.03,323.13,1,0.241,0,1,0
TXN102747,18.19,14,6.86,34.58,1,0.126,0,1,0
TXN102748,11.7,14,28.88,54.37,0,0.469,0,1,0
TXN102749,77.25,20,5.73,228.48,0,0.226,1,1,0
TXN102750,965.45,7,545.7,6.63,2,0.75,0,0,1
TXN102751,108.24,3,2.78,17.45,0,0.449,0,1,0
TXN102752,47.8,17,5.63,20.48,0,0.243,0,1,0
TXN102753,58.52,0,9.58,68.32,0,0.126,0,1,0
TXN102754,43.23,3,0.46,66.07,1,0.152,0,0,0
TXN102755,181.12,16,2.42,168.23,0,0.046,1,1,0
TXN102756,86.52,14,5.84,93.14,0,0.236,0,1,0
TXN102757,43.48,19,8.0,11.67,0,0.31,0,0,0
TXN102758,57.35,17,35.65,153.05,0,0.363,0,1,0
TXN102759,35.27,21,3.47,3.66,2,0.097,0,1,0
TXN102760,110.97,10,4.07,10.02,0,0.48,0,1,0
TXN102761,227.55,19,4.7,196.29,1,0.272,0,1,0
TXN102762,76.21,16,5.4,160.52,0,0.331,1,1,0
TXN102763,29.8,14,5.05,301.07,0,0.335,0,1,0
TXN102764,44.7,19,4.49,47.31,0,0.427,0,1,0
TXN102765,40.543270127537134,13,57.038546683090495,124.32,1,0.7212782057208291,0,1,0
TXN102766,30.11,8,4.09,317.1,0,0.318,0,0,0
TXN102767,93.42,14,0.77,62.62,0,0.434,0,1,0
TXN102768,14.73,14,8.54,10.16,0,0.254,0,1,0
TXN102769,24.84,10,13.97,118.39,0,0.175,0,1,0
TXN102770,157.0,5,10.19,9.73,0,0.199,0,0,0
TXN102771,115.26,11,5.01,64.58,1,0.192,0,1,0
TXN102772,98.0,11,6.47,95.89,0,0.499,0,1,0
TXN102773,24.49,13,1.62,24.34,0,0.15,0,0,0
TXN102774,31.63,14,7.79,391.38,0,0.407,0,1,0
TXN102775,335.4039194273642,19,54.55923512772572,32.58,0,0.7116845914031513,0,1,0
TXN102776,135.18,21,2.7,0.55,0,0.235,0,1,0
TXN102777,22.9,23,4.82,238.56,0,0.464,0,0,0
TXN102778,31.73,12,2.57,42.8,1,0.091,0,1,0
TXN102779,57.94,19,2.02,41.66,0,0.411,0,1,0
TXN102780,222.43,16,3.09,121.33,0,0.224,0,1,0
TXN102781,93.22,10,26.41,137.29,0,0.486,0,1,0
TXN102782,21.84,7,4.29,26.26,1,0.201,0,0,0
TXN102783,25.15,3,1.79,52.44,0,0.394,0,1,0
TXN102784,75.37,8,10.42,298.51,0,0.129,0,1,0
TXN102785,69.91,0,142.83,4.39,7,0.489,1,0,1
TXN102786,10.56,6,7.25,102.02,0,0.33,0,1,0
TXN102787,9.27,11,1.48,221.03,1,0.431,0,1,0
TXN102788,103.36,15,7.02,27.49,0,0.218,0,1,0
TXN102789,10.82,17,1.37,141.45,0,0.324,0,1,0
TXN102790,142.07,1,1.81,4.73,0,0.245,0,1,0
TXN102791,102.53,9,5.9,2.62,2,0.23,0,0,0
TXN102792,50.9,17,17.3,176.05,0,0.228,0,1,0
TXN102793,20.66,21,4.81,98.71,0,0.374,0,1,0
TXN102794,30.34,16,11.44,188.47,0,0.413,0,1,0
TXN102795,71.82,15,6.16,74.8,0,0.126,0,1,0
TXN102796,16.35,0,8.25,117.17,0,0.173,0,1,0
TXN102797,57.64,16,0.26,0.5,0,0.213,0,1,0
TXN102798,3.84,10,1.33,136.18,2,0.372,0,0,0
TXN102799,68.97,18,10.38,194.06,0,0.247,0,1,0
TXN102800,47.48,16,2.49,373.74,0,0.154,0,1,0
TXN102801,294.88,18,18.21,41.02,0,0.396,0,1,0
TXN102802,143.2,11,2.19,165.16,2,0.303,0,0,0
TXN102803,98.85,0,5.16,85.81,0,0.196,0,1,0
TXN102804,26.81,3,23.0,4.54,0,0.296,0,0,0
TXN102805,138.73,9,11.65,59.82,0,0.533,0,1,0
TXN102806,51.39,13,21.17,171.66,0,0.345,0,1,0
TXN102807,253.4312917425911,10,159.1074938771179,257.77,0,0.6503227929650781,0,1,0
TXN102808,50.41,15,6.02,130.59,0,0.595,0,1,0
TXN102809,54.42,16,14.91,74.33,0,0.165,1,1,0
TXN102810,69.09,15,6.94,111.96,2,0.436,0,0,0
TXN102811,29.67,13,1.63,27.3,0,0.208,0,1,0
TXN102812,162.23,12,3.74,105.78,1,0.373,0,1,0
TXN102813,57.91,19,2.65,359.04,1,0.113,0,1,0
TXN102814,70.86,14,12.53,11.42,0,0.195,0,0,0
TXN102815,67.29,20,1.0,60.13,0,0.365,0,1,0
TXN102816,55.75,0,9.78,212.88,0,0.354,0,1,0
TXN102817,114.49,15,1.66,97.42,0,0.281,0,1,0
TXN102818,98.33,6,8.5,163.5,0,0.116,0,1,0
TXN102819,150.76,18,7.19,204.22,0,0.262,1,0,0
TXN102820,73.51,14,1.36,47.37,0,0.205,0,1,0
TXN102821,239.0,17,7.99,45.46,0,0.074,0,1,0
TXN102822,51.34,18,26.53,206.59,0,0.192,0,0,0
TXN102823,134.91,15,11.83,673.83,0,0.223,0,1,0
TXN102824,128.18,13,5.48,127.13,0,0.358,0,1,0
TXN102825,110.9,20,25.68,18.19,0,0.386,0,0,0
TXN102826,12.32,15,3.11,106.12,0,0.192,0,1,0
TXN102827,20.35,7,15.38,414.25,0,0.333,0,0,0
TXN102828,49.3,16,10.82,35.31,0,0.617,0,1,0
TXN102829,77.44,3,4.46,68.65,0,0.067,1,0,0
TXN102830,124.79,8,6.23,233.07,1,0.312,0,1,0
TXN102831,110.1,10,15.73,59.64,0,0.432,0,1,0
TXN102832,38.02,9,3.34,18.81,1,0.118,0,1,0
TXN102833,147.68,15,4.01,302.83,2,0.178,0,1,0
TXN102834,61.36,18,11.18,48.65,0,0.205,0,1,0
TXN102835,79.65,19,7.92,3.63,0,0.171,1,0,0
TXN102836,120.19,18,0.98,65.0,1,0.514,0,1,0
TXN102837,57.66,20,4.18,70.78,1,0.092,1,1,0
TXN102838,95.61,12,8.4,58.16,0,0.352,0,1,0
TXN102839,113.46,6,3.65,206.18,0,0.096,0,0,0
TXN102840,92.75,12,1.63,103.22,0,0.326,0,1,0
TXN102841,12.87,14,7.1,12.89,2,0.172,0,1,0
TXN102842,177.6,11,7.14,323.65,0,0.299,0,1,0
TXN102843,111.99,10,6.84,244.29,0,0.454,0,1,0
TXN102844,34.87,10,7.73,224.1,1,0.368,0,1,0
TXN102845,273.38,16,8.46,167.69,0,0.489,0,1,0
TXN102846,59.92349697546123,5,44.11539762514422,32.5,0,0.7049885038890771,0,0,0
TXN102847,466.61,8,150.26,2.19,5,0.576,1,0,1
TXN102848,109.58,21,2.57,17.36,0,0.239,0,0,0
TXN102849,74.26,8,6.17,269.03,0,0.127,0,1,0
TXN102850,59.62,15,4.78,28.76,0,0.155,0,1,0
TXN102851,31.78,9,6.03,251.63,0,0.383,0,1,0
TXN102852,224.02,17,10.68,139.67,0,0.36,0,1,0
TXN102853,23.91,5,8.37,87.19,1,0.113,1,1,0
TXN102854,26.53,15,4.46,38.57,0,0.407,0,1,0
TXN102855,28.38,17,10.25,66.77,0,0.199,0,1,0
TXN102856,68.47,14,2.17,32.32,0,0.342,0,1,0
TXN102857,32.23,17,18.05,426.61,0,0.548,0,1,0
TXN102858,118.04,9,15.01,241.45,0,0.145,0,1,0
TXN102859,184.19,15,1.18,45.14,0,0.41,0,1,0
TXN102860,137.64,9,7.8,187.1,0,0.03,0,0,0
TXN102861,153.25,18,1.74,93.4,0,0.664,0,1,0
TXN102862,70.9,8,7.19,176.77,0,0.326,0,1,0
TXN102863,92.67,17,4.84,208.43,0,0.114,0,1,0
TXN102864,58.968279277225456,13,24.411859880059197,14.65,0,0.7927409183513868,0,0,0
TXN102865,35.2,11,7.08,114.56,1,0.414,0,1,0
TXN102866,27.62,19,2.4,183.01,1,0.149,0,0,0
TXN102867,106.01,18,3.88,31.69,0,0.16,0,1,0
TXN102868,11.93,17,3.12,49.87,0,0.119,0,0,0
TXN102869,26.41,2,20.29,20.47,1,0.285,0,1,0
TXN102870,73.83,5,2.12,15.78,0,0.31,0,1,0
TXN102871,37.9,9,5.19,4.02,1,0.127,0,1,0
TXN102872,83.43,18,2.55,4.21,1,0.428,0,1,0
TXN102873,21.6,3,9.18,239.91,0,0.076,0,1,0
TXN102874,133.84,19,10.54,23.15,0,0.386,0,1,0
TXN102875,156.8715814015643,10,46.462057299564066,153.2,0,0.7922124931702289,0,1,0
TXN102876,16.55,20,2.13,326.45,2,0.186,0,1,0
TXN102877,101.28,7,2.8,21.73,1,0.357,1,1,0
TXN102878,75.83,17,13.62,174.09,0,0.11,0,1,0
TXN102879,88.82,17,1.44,12.51,0,0.204,1,0,0
TXN102880,77.65,15,18.71,163.26,0,0.383,0,1,0
TXN102881,15.04,1,12.52,37.46,1,0.153,0,1,0
TXN102882,59.66,7,1.23,89.16,0,0.359,0,1,0
TXN102883,24.45,14,1.34,19.46,0,0.178,0,0,0
TXN102884,15.96,12,6.23,15.7,0,0.223,0,1,0
TXN102885,156.25,23,5.8,474.1,0,0.19,0,1,0
TXN102886,63.1,11,4.72,5.44,1,0.378,0,1,0
TXN102887,92.8,10,16.59,186.56,0,0.13,0,1,0
TXN102888,125.94,6,0.37,100.01,1,0.387,0,1,0
TXN102889,64.81,20,12.96,212.75,0,0.237,0,1,0
TXN102890,70.21,20,3.19,292.73,0,0.239,0,1,0
TXN102891,28.57,5,5.34,15.97,0,0.317,0,1,0
TXN102892,29.41,9,10.4,2.09,0,0.289,0,1,0
TXN102893,49.21,20,13.82,16.23,0,0.068,0,1,0
TXN102894,48.98,9,4.96,244.78,1,0.187,0,1,0
TXN102895,34.26,16,3.86,482.23,1,0.181,0,1,0
TXN102896,45.59,12,37.05,49.34,2,0.155,0,1,0
TXN102897,51.82,10,0.54,42.15,0,0.177,0,1,0
TXN102898,723.7273680770513,10,68.17301405702737,22.92,1,0.5478695238078221,0,1,0
TXN102899,45.16,0,1.36,185.72,0,0.696,0,1,0
TXN102900,57.92,17,2.06,260.01,1,0.265,0,1,0
TXN102901,35.43910098164722,12,73.63351080222192,36.47,0,0.7064434723353106,0,1,0
TXN102902,27.61,5,2.06,587.51,0,0.582,0,1,0
TXN102903,114.76,0,0.44,15.62,0,0.337,0,1,0
TXN102904,30.7,6,9.57,216.86,0,0.163,0,1,0
TXN102905,1.58,15,9.49,248.7,0,0.369,0,1,0
TXN102906,47.38,17,15.26,212.06,0,0.209,0,1,0
TXN102907,37.14,0,2.53,47.56,1,0.175,0,1,0
TXN102908,133.68,21,13.73,156.28,0,0.438,0,1,0
TXN102909,55.48,14,13.1,3.32,1,0.206,0,1,0
TXN102910,60.14,17,8.04,187.76,0,0.314,0,1,0
TXN102911,171.48,12,1.51,191.69,1,0.343,0,1,0
TXN102912,73.67,9,13.8,286.14,0,0.118,0,1,0
TXN102913,45.44,10,4.77,12.49,0,0.136,1,1,0
TXN102914,22.16,11,10.63,22.21,0,0.363,0,0,0
TXN102915,25.24,16,5.94,49.88,0,0.169,0,1,0
TXN102916,61.9,14,22.14,530.87,0,0.616,0,1,0
TXN102917,98.05,11,3.3,10.52,1,0.326,0,1,0
TXN102918,169.81050937276564,2,40.220180871033115,49.55,0,0.7156609600932554,0,1,0
TXN102919,58.64,14,2.57,168.86,0,0.093,0,1,0
TXN102920,26.07,10,0.59,28.17,0,0.145,0,1,0
TXN102921,26.67,18,7.7,89.51,0,0.125,0,1,0
TXN102922,8.2,9,1.02,179.23,0,0.254,0,1,0
TXN102923,14.71,19,0.61,141.57,0,0.566,1,0,0
TXN102924,113.6,17,6.34,12.95,0,0.385,0,1,0
TXN102925,100.03,13,2.22,195.7,0,0.157,0,1,0
TXN102926,803.83,21,190.25,0.21,7,0.725,0,0,1
TXN102927,104.44,18,1.37,256.95,0,0.044,0,1,0
TXN102928,12.85,8,9.47,175.54,0,0.563,0,1,0
TXN102929,112.72,18,0.59,22.41,0,0.587,0,1,0
TXN102930,78.65,11,13.72,136.25,0,0.146,0,1,0
TXN102931,73.32,18,2.51,21.13,1,0.133,0,0,0
TXN102932,91.71,12,3.96,133.52,0,0.09,0,0,0
TXN102933,141.61,14,2.09,46.35,1,0.153,0,1,0
TXN102934,48.41,16,5.68,230.32,0,0.074,0,1,0
TXN102935,304.62,3,80.27,0.42,4,0.861,1,0,1
TXN102936,131.33,9,2.81,18.11,0,0.149,0,1,0
TXN102937,10.42,3,2.85,110.69,0,0.39,0,1,0
TXN102938,34.78,15,5.55,147.08,0,0.252,1,0,0
TXN102939,47.33,1,6.66,149.96,1,0.069,0,1,0
TXN102940,34.36,17,0.81,64.4,1,0.503,0,1,0
TXN102941,436.50974646459974,9,55.691474435023636,24.44,0,0.6306525091826192,0,1,0
TXN102942,158.17,11,11.8,143.52,1,0.683,0,1,0
TXN102943,100.5,2,311.09,4.29,4,0.778,0,0,1
TXN102944,26.35,21,4.06,262.63,2,0.132,0,1,0
TXN102945,75.83,19,7.93,318.88,1,0.38,0,1,0
TXN102946,16.98,3,15.65,197.25,0,0.369,0,1,0
TXN102947,60.66,11,1.39,153.91,2,0.156,0,0,0
TXN102948,135.38,12,2.85,312.59,0,0.522,0,1,0
TXN102949,140.75,2,23.05,155.26,1,0.188,0,0,0
TXN102950,61.8,15,11.15,155.91,0,0.292,0,1,0
TXN102951,30.007512727546743,14,39.556165322416796,40.7,0,0.7132737387840317,0,1,0
TXN102952,160.29,16,0.67,44.38,0,0.584,0,0,0
TXN102953,121.48,18,9.83,32.76,1,0.155,0,0,0
TXN102954,112.11,12,3.59,5.55,0,0.146,0,0,0
TXN102955,39.78,13,5.96,219.3,1,0.53,0,1,0
TXN102956,1.38,10,3.75,267.71,0,0.578,0,1,0
TXN102957,69.94,9,8.17,32.77,1,0.232,0,0,0
TXN102958,73.08,20,18.49,28.42,0,0.501,0,0,0
TXN102959,46.94,19,0.57,18.88,0,0.041,0,1,0
TXN102960,141.32,17,3.63,23.0,0,0.534,0,1,0
TXN102961,16.77,14,2.21,406.45,1,0.071,0,1,0
TXN102962,91.93,9,9.67,129.53,1,0.615,0,0,0
TXN102963,348.66,15,13.54,32.81,1,0.564,0,1,0
TXN102964,145.28,20,5.64,119.79,0,0.547,0,1,0
TXN102965,27.42,11,11.24,23.41,0,0.399,0,1,0
TXN102966,103.83,17,4.59,34.66,0,0.059,0,1,0
TXN102967,71.09,14,9.1,30.22,1,0.087,0,1,0
TXN102968,258.78682399544556,2,16.575918507185172,132.93,0,0.5058957300278477,0,0,0
TXN102969,19.86,18,3.27,41.04,1,0.182,0,1,0
TXN102970,105.54,19,4.06,110.32,0,0.397,0,1,0
TXN102971,32.52,10,12.76,112.29,0,0.217,1,0,0
TXN102972,35.32,16,4.24,118.9,1,0.212,0,1,0
TXN102973,17.82,14,2.17,122.19,0,0.272,0,1,0
TXN102974,17.23,14,2.87,107.66,0,0.577,0,1,0
TXN102975,10.99,22,4.16,75.15,0,0.387,0,1,0
TXN102976,22.63,13,3.86,109.66,0,0.169,0,1,0
TXN102977,57.92,6,17.9,295.82,0,0.16,0,0,0
TXN102978,159.68,11,15.16,95.04,0,0.094,0,1,0
TXN102979,141.98,16,3.9,309.13,2,0.263,0,1,0
TXN102980,22.31,14,7.4,65.7,0,0.367,0,1,0
TXN102981,52.98,14,11.15,190.49,1,0.113,0,0,0
TXN102982,196.42271441820466,16,12.946047359155212,42.67,0,0.5981299851954777,0,1,0
TXN102983,19.24,9,9.99,196.0,0,0.136,0,1,0
TXN102984,49.91,2,1.01,6.52,0,0.266,0,1,0
TXN102985,50.47,11,31.38,248.23,0,0.179,0,1,0
TXN102986,212.86,13,0.55,3.53,1,0.506,1,1,0
TXN102987,27.7,12,13.68,62.54,1,0.25,0,0,0
TXN102988,64.94,10,4.79,2.35,1,0.068,0,1,0
TXN102989,59.71,21,14.31,151.1,1,0.119,0,0,0
TXN102990,100.99,15,12.02,58.84,1,0.326,0,1,0
TXN102991,143.5,17,10.3,65.98,0,0.454,0,1,0
TXN102992,135.07,17,4.99,226.95,1,0.057,0,1,0
TXN102993,144.8,1,9.52,104.78,1,0.524,0,0,0
TXN102994,262.86,20,10.38,95.43,0,0.245,0,1,0
TXN102995,33.5,18,8.34,36.32,0,0.224,0,1,0
TXN102996,139.68,16,4.01,189.69,0,0.399,0,1,0
TXN102997,28.18,6,12.77,6.69,0,0.608,0,1,0
TXN102998,47.1,19,16.3,144.53,0,0.24,0,1,0
TXN102999,93.23,11,1.92,70.04,0,0.008,0,1,0
TXN103000,136.71,14,6.69,18.33,0,0.421,0,1,0
TXN103001,54.41907971980304,14,101.53728052563817,66.64,0,0.566849818101109,0,1,0
TXN103002,117.46,22,3.92,16.49,0,0.335,0,1,0
TXN103003,13.76,18,0.32,147.81,0,0.309,0,1,0
TXN103004,111.2,13,3.98,14.56,0,0.076,0,1,0
TXN103005,28.34,10,4.14,232.96,0,0.608,0,0,0
TXN103006,49.38,22,10.69,59.96,0,0.458,0,1,0
TXN103007,245.81,15,3.29,55.47,0,0.217,0,1,0
TXN103008,35.37,23,7.94,44.5,0,0.021,0,1,0
TXN103009,619.73,7,150.57,0.13,4,0.856,0,0,1
TXN103010,49.88,12,6.53,48.1,0,0.22,0,1,0
TXN103011,37.02,1,10.62,33.51,1,0.202,1,0,0
TXN103012,201.84,8,8.22,59.7,0,0.095,0,1,0
TXN103013,67.04,8,21.64,39.77,0,0.374,0,1,0
TXN103014,11.95,20,16.05,92.47,1,0.304,0,1,0
TXN103015,122.92,22,14.53,31.84,0,0.09,0,1,0
TXN103016,221.24,13,4.01,225.22,0,0.51,0,1,0
TXN103017,80.62,3,11.06,20.55,1,0.208,0,1,0
TXN103018,59.44,12,15.78,55.77,0,0.555,0,1,0
TXN103019,235.57,8,4.54,7.84,0,0.073,0,1,0
TXN103020,89.73,7,3.07,119.6,0,0.338,0,1,0
TXN103021,170.94,4,7.78,100.47,1,0.239,0,1,0
TXN103022,77.3,13,15.83,11.93,0,0.689,0,1,0
TXN103023,209.36062792917383,13,67.83253410238176,19.47,0,0.6089368868243795,0,1,0
TXN103024,21.16,6,10.29,13.11,0,0.128,0,1,0
TXN103025,89.78,20,7.7,542.06,0,0.46,0,1,0
TXN103026,35.72,17,17.17,171.44,1,0.312,0,1,0
TXN103027,64.46,20,3.01,240.43,0,0.416,1,1,0
TXN103028,31.92,15,2.34,4.95,0,0.254,0,0,0
TXN103029,78.05,20,5.54,63.2,0,0.132,0,0,0
TXN103030,56.05,8,25.89,157.84,0,0.246,0,1,0
TXN103031,76.64,11,6.66,114.54,1,0.285,0,1,0
TXN103032,161.45,6,1.31,100.89,0,0.259,0,1,0
TXN103033,90.17,10,10.15,299.31,0,0.276,0,1,0
TXN103034,56.32,12,7.47,72.95,0,0.161,1,1,0
TXN103035,49.7,9,5.91,7.24,0,0.12,0,1,0
TXN103036,27.86,16,12.14,419.94,0,0.507,0,1,0
TXN103037,38.05,4,10.76,11.58,0,0.283,0,1,0
TXN103038,93.62,15,18.17,176.03,0,0.368,0,0,0
TXN103039,136.99,17,1.75,25.38,0,0.365,0,0,0
TXN103040,188.76,17,14.25,247.49,1,0.133,1,1,0
TXN103041,228.29,13,6.92,20.41,0,0.035,0,1,0
TXN103042,64.23,13,5.51,215.24,0,0.256,0,0,0
TXN103043,135.3,19,0.83,37.62,0,0.215,1,1,0
TXN103044,109.79,4,6.27,179.01,1,0.603,0,0,0
TXN103045,106.74,10,0.66,705.16,0,0.524,0,1,0
TXN103046,61.19,18,2.51,14.75,0,0.343,0,1,0
TXN103047,57.97,14,5.15,14.34,1,0.414,0,1,0
TXN103048,477.2998327954585,20,23.583004892881434,74.8,3,0.6469729125001427,0,1,0
TXN103049,490.60679471517943,15,107.61415077545006,2.24,0,0.6522711187672493,0,1,0
TXN103050,129.76,10,10.61,6.85,0,0.287,0,1,0
TXN103051,32.97,12,1.95,196.13,2,0.193,0,1,0
TXN103052,69.77,18,0.12,289.3,1,0.235,0,0,0
TXN103053,18.84,13,7.69,292.64,0,0.24,0,1,0
TXN103054,19.03,11,5.33,333.94,0,0.375,0,1,0
TXN103055,18.5,9,3.38,129.12,0,0.188,0,1,0
TXN103056,42.15,18,9.8,112.25,0,0.286,1,0,0
TXN103057,106.26,21,4.01,24.3,0,0.148,0,1,0
TXN103058,25.8,16,3.37,140.87,0,0.672,0,1,0
TXN103059,97.37,10,0.3,19.89,1,0.178,0,1,0
TXN103060,123.57,20,6.32,42.62,0,0.274,0,0,0
TXN103061,9.61,12,2.41,63.54,0,0.044,0,1,0
TXN103062,66.99,9,0.12,132.41,0,0.653,0,1,0
TXN103063,107.3,14,3.42,140.77,0,0.201,0,1,0
TXN103064,96.93,9,4.92,39.39,0,0.183,0,1,0
TXN103065,124.67,11,1.6,148.11,0,0.268,0,1,0
TXN103066,93.82,10,4.5,87.25,0,0.542,0,1,0
TXN103067,436.98488964925747,16,125.4679206995383,69.02,0,0.6493402285020814,0,1,0
TXN103068,25.74,1,16.87,25.61,0,0.274,0,1,0
TXN103069,11.11,17,0.45,224.11,1,0.186,0,1,0
TXN103070,45.92,18,3.5,36.2,1,0.647,0,0,0
TXN103071,17.71,16,2.29,114.77,1,0.297,0,1,0
TXN103072,86.65,9,8.4,14.02,1,0.541,0,1,0
TXN103073,89.08,16,4.55,227.55,2,0.589,0,1,0
TXN103074,21.24,17,3.57,7.4,0,0.33,1,1,0
TXN103075,52.66,11,3.81,57.23,1,0.092,0,1,0
TXN103076,72.7,16,4.69,121.83,0,0.258,0,1,0
TXN103077,140.21,1,5.58,413.2,0,0.322,0,1,0
TXN103078,92.6,6,30.33,63.62,0,0.1,0,1,0
TXN103079,265.22,4,11.68,2.33,1,0.364,0,0,0
TXN103080,36.55,14,4.74,46.67,0,0.488,0,1,0
TXN103081,179.82243248373226,18,36.09247276379807,116.74,0,0.6136962541381109,0,1,0
TXN103082,76.32,18,11.57,108.04,0,0.42,0,1,0
TXN103083,58.18,13,22.03,379.4,0,0.262,0,1,0
TXN103084,6.92,11,3.05,33.65,1,0.058,0,1,0
TXN103085,133.2,11,3.89,108.42,1,0.55,0,0,0
TXN103086,47.99,18,22.04,212.5,0,0.141,0,1,0
TXN103087,78.55,12,6.49,208.02,0,0.119,0,1,0
TXN103088,47.63,11,6.32,51.37,0,0.467,0,1,0
TXN103089,43.28,17,21.79,16.2,0,0.123,0,1,0
TXN103090,61.75,11,7.62,4.28,0,0.681,0,1,0
TXN103091,22.04,20,17.79,2.12,0,0.191,0,1,0
TXN103092,135.0,11,7.17,61.03,0,0.584,0,1,0
TXN103093,25.19,12,0.58,418.32,0,0.147,0,1,0
TXN103094,205.07,14,2.03,39.86,0,0.252,0,0,0
TXN103095,46.2,9,12.78,106.43,0,0.397,0,1,0
TXN103096,103.3,10,2.75,38.64,0,0.107,0,1,0
TXN103097,54.1,20,5.54,34.87,1,0.098,0,1,0
TXN103098,207.87,16,5.15,172.8,0,0.513,0,1,0
TXN103099,25.23,3,2.83,63.26,0,0.559,0,1,0
TXN103100,74.05,19,19.65,131.8,0,0.267,0,0,0
TXN103101,25.7,18,0.55,72.57,1,0.2,0,0,0
TXN103102,335.48343718810827,12,16.571962167241693,31.47,0,0.5732092665103296,0,1,0
TXN103103,75.49,4,1.98,126.97,0,0.391,0,1,0
TXN103104,208.78,17,0.77,178.38,0,0.093,0,1,0
TXN103105,62.8,14,16.33,243.67,0,0.405,1,1,0
TXN103106,204.24,15,3.32,268.13,0,0.23,0,1,0
TXN103107,17.01,23,28.66,20.35,0,0.21,0,1,0
TXN103108,93.33,19,4.12,28.27,1,0.39,0,1,0
TXN103109,46.13,9,3.23,29.56,1,0.261,0,1,0
TXN103110,20.73,10,2.87,18.72,0,0.191,1,0,0
TXN103111,35.81,19,2.56,13.08,0,0.309,0,0,0
TXN103112,80.3,16,5.52,275.05,0,0.169,0,1,0
TXN103113,319.7277620971658,20,10.754775557946505,92.86,1,0.7020265559699936,0,1,0
TXN103114,248.7213698222192,21,75.35770019832542,187.87,1,0.6849631896493674,0,1,0
TXN103115,40.03,16,4.25,6.82,0,0.393,0,1,0
TXN103116,94.49,10,1.19,6.26,1,0.228,0,0,0
TXN103117,91.59,6,1.21,70.89,0,0.174,0,1,0
TXN103118,79.07,15,0.65,8.82,0,0.133,0,1,0
TXN103119,89.46,1,0.51,77.45,0,0.143,0,1,0
TXN103120,193.39,19,9.01,150.6,1,0.113,0,1,0
TXN103121,52.69,20,15.59,143.06,0,0.097,0,1,0
TXN103122,51.9,11,11.31,48.24,0,0.586,0,1,0
TXN103123,76.67847654168615,1,40.39978986032025,5.55,4,0.3412277352627393,1,0,1
TXN103124,66.99,11,5.61,4.01,0,0.171,0,1,0
TXN103125,77.78,18,2.13,63.33,0,0.469,0,1,0
TXN103126,44.86,14,3.9,388.11,1,0.296,0,1,0
TXN103127,230.08,16,3.54,124.22,0,0.089,0,1,0
TXN103128,71.96,18,10.65,128.77,0,0.227,0,1,0
TXN103129,2.62,15,1.55,281.23,1,0.519,0,0,0
TXN103130,176.06,5,17.28,239.52,1,0.042,0,1,0
TXN103131,201.27,19,4.49,88.81,0,0.11,0,1,0
TXN103132,199.02,13,2.62,208.71,0,0.283,0,1,0
TXN103133,93.76,2,30.77,104.09,0,0.356,0,1,0
TXN103134,33.29,2,10.11,334.25,0,0.402,0,0,0
TXN103135,17.68,22,2.66,113.71,1,0.33,0,1,0
TXN103136,93.61,11,5.75,41.1,0,0.309,0,1,0
TXN103137,85.27,19,6.21,53.69,0,0.44,1,0,0
TXN103138,607.79,11,132.51,9.69,6,0.656,1,0,1
TXN103139,37.84,9,2.68,33.81,0,0.091,1,1,0
TXN103140,51.28,20,8.44,126.12,0,0.214,0,1,0
TXN103141,50.38,1,1.15,152.84,0,0.57,0,1,0
TXN103142,9.42,19,2.84,117.95,0,0.052,0,1,0
TXN103143,247.21,8,2.19,110.85,0,0.447,0,1,0
TXN103144,142.55,8,0.14,122.26,0,0.136,0,1,0
TXN103145,7.31,12,2.29,275.12,0,0.125,0,1,0
TXN103146,127.29926592460971,9,37.767348732739705,231.28,0,0.7333159974771841,0,0,0
TXN103147,52.66,12,5.36,11.07,0,0.243,0,1,0
TXN103148,8.49,1,21.07,21.31,0,0.459,1,1,0
TXN103149,83.67,11,2.29,236.15,0,0.389,0,1,0
TXN103150,40.24,16,10.57,61.45,0,0.299,0,1,0
TXN103151,76.8,14,2.12,180.9,0,0.285,0,1,0
TXN103152,53.4755363319983,19,36.800164490158956,68.97,0,0.523642665458945,0,1,0
TXN103153,135.55,0,18.49,71.28,0,0.272,0,0,0
TXN103154,28.73,5,1.32,72.23,0,0.087,1,1,0
TXN103155,142.33,20,6.45,168.75,0,0.263,0,1,0
TXN103156,19.04,8,4.79,191.61,0,0.124,0,1,0
TXN103157,55.29,11,6.34,11.65,0,0.453,1,0,0
TXN103158,51.89,21,18.42,13.78,0,0.185,0,1,0
TXN103159,83.64,22,3.81,24.27,0,0.213,0,1,0
TXN103160,168.68,9,3.7,147.84,0,0.3,0,1,0
TXN103161,118.63,21,5.49,48.27,0,0.422,0,1,0
TXN103162,32.65,1,3.7,89.28,0,0.2,0,1,0
TXN103163,105.63,11,1.46,199.63,0,0.191,0,0,0
TXN103164,99.4,11,6.75,7.53,0,0.132,0,1,0
TXN103165,84.2,11,4.28,107.82,1,0.21,0,1,0
TXN103166,155.34,12,7.74,67.22,0,0.457,0,1,0
TXN103167,42.77,20,5.59,0.48,0,0.653,0,1,0
TXN103168,94.18,18,8.69,38.3,0,0.323,0,1,0
TXN103169,58.56,16,1.58,33.2,1,0.149,0,1,0
TXN103170,48.88,2,1.44,24.56,0,0.262,0,1,0
TXN103171,37.07,8,7.52,30.11,1,0.201,0,1,0
TXN103172,62.04,17,252.58,0.77,2,0.742,0,1,1
TXN103173,713.4450775209777,3,124.79972280289789,231.68,1,0.7639272294346848,1,1,0
TXN103174,68.28,16,1.64,446.03,0,0.407,0,0,0
TXN103175,45.03,18,8.26,542.62,1,0.187,0,1,0
TXN103176,68.58,8,4.9,41.72,0,0.252,0,0,0
TXN103177,45.93,21,3.85,80.52,0,0.124,0,0,0
TXN103178,56.05,20,1.4,114.83,0,0.193,0,0,0
TXN103179,52.81,17,4.36,42.48,0,0.16,0,0,0
TXN103180,10.65,7,8.01,101.88,1,0.213,0,0,0
TXN103181,146.2,11,5.74,88.64,0,0.374,0,1,0
TXN103182,80.27,20,10.57,166.19,0,0.088,0,1,0
TXN103183,312.25,5,262.33,4.97,6,0.922,1,0,1
TXN103184,52.69,19,18.26,120.41,0,0.603,0,1,0
TXN103185,110.0,13,1.0,485.87,0,0.167,0,1,0
TXN103186,164.24,10,7.92,49.16,0,0.28,0,0,0
TXN103187,24.85,8,0.93,122.21,2,0.26,0,1,0
TXN103188,151.22,19,9.42,139.49,0,0.492,0,0,0
TXN103189,71.28,10,3.66,172.74,0,0.287,0,1,0
TXN103190,67.91,17,1.57,209.45,0,0.598,0,0,0
TXN103191,16.21,15,6.87,18.63,0,0.448,0,0,0
TXN103192,144.57,14,11.48,45.13,0,0.041,0,1,0
TXN103193,13.0,13,10.01,15.98,0,0.295,0,1,0
TXN103194,39.81,9,20.34,79.78,0,0.163,0,0,0
TXN103195,33.17,11,3.84,47.39,0,0.479,0,1,0
TXN103196,32.42,11,2.37,14.52,0,0.538,0,1,0
TXN103197,50.22,8,7.95,50.76,0,0.592,0,1,0
TXN103198,122.08,10,7.75,41.83,0,0.37,0,0,0
TXN103199,229.3499108966115,15,87.68503517588927,20.15,0,0.7237545906433474,0,0,0
TXN103200,29.17,23,0.77,257.37,0,0.245,0,0,0
TXN103201,33.44,9,3.17,9.99,1,0.279,0,1,0
TXN103202,85.69,10,4.62,311.36,1,0.386,0,1,0
TXN103203,127.42,11,8.01,17.28,0,0.377,0,1,0
TXN103204,96.26,18,20.81,108.33,0,0.23,1,1,0
TXN103205,97.78,21,2.41,3.24,1,0.374,0,0,0
TXN103206,131.62,10,2.18,275.39,0,0.372,0,0,0
TXN103207,17.54,11,3.75,20.65,0,0.434,0,1,0
TXN103208,78.99,11,5.21,34.27,0,0.105,0,1,0
TXN103209,98.6,8,7.49,45.39,0,0.519,1,1,0
TXN103210,72.93,18,3.82,233.7,0,0.307,0,1,0
TXN103211,51.66,2,16.61,113.38,0,0.372,0,1,0
TXN103212,745.12,7,102.74,5.53,4,0.843,1,0,1
TXN103213,88.78,16,13.79,22.26,1,0.434,0,1,0
TXN103214,58.95,23,8.54,181.81,0,0.148,0,1,0
TXN103215,178.01478507619754,14,33.82501289534937,27.56,0,0.5740516184259497,0,1,0
TXN103216,21.84,17,21.82,14.85,1,0.418,0,1,0
TXN103217,69.38,17,8.04,403.48,0,0.389,0,1,0
TXN103218,92.43,20,1.27,147.23,0,0.051,0,1,0
TXN103219,56.75,4,6.99,187.46,1,0.147,0,1,0
TXN103220,58.95,20,3.64,28.95,1,0.344,0,1,0
TXN103221,106.67,4,3.66,165.38,1,0.387,0,0,0
TXN103222,137.4,12,7.66,93.81,0,0.212,0,1,0
TXN103223,57.06,20,5.47,120.82,0,0.39,0,1,0
TXN103224,86.65,9,1.34,411.43,0,0.149,0,1,0
TXN103225,46.97,11,2.51,339.31,0,0.088,0,1,0
TXN103226,150.64,20,2.71,12.69,0,0.468,0,1,0
TXN103227,79.08,12,10.15,159.66,0,0.345,0,1,0
TXN103228,52.99,20,7.87,751.34,1,0.055,0,0,0
TXN103229,78.9,17,13.83,75.08,1,0.313,0,1,0
TXN103230,23.33,13,7.83,125.67,0,0.193,0,1,0
TXN103231,46.13,16,2.01,71.93,0,0.535,0,1,0
TXN103232,44.05,8,11.02,169.83,1,0.325,0,1,0
TXN103233,41.16,11,11.86,46.1,0,0.521,0,1,0
TXN103234,296.02,19,2.42,86.18,0,0.423,0,1,0
TXN103235,171.22,17,5.6,191.8,2,0.019,1,1,0
TXN103236,93.26,3,5.68,30.4,0,0.14,0,1,0
TXN103237,75.39,17,11.31,91.11,1,0.338,0,0,0
TXN103238,100.6,3,4.32,47.07,0,0.536,1,1,0
TXN103239,85.13,17,2.12,178.09,0,0.419,0,1,0
TXN103240,82.66,14,16.94,46.45,1,0.202,0,1,0
TXN103241,137.98,20,0.17,38.61,1,0.064,0,0,0
TXN103242,93.81,14,8.95,183.51,0,0.709,0,1,0
TXN103243,30.92,14,4.94,142.14,0,0.535,0,1,0
TXN103244,64.68,2,7.62,28.24,0,0.05,0,1,0
TXN103245,159.31,19,14.7,229.59,1,0.136,0,1,0
TXN103246,9.56,10,3.89,489.1,0,0.046,0,0,0
TXN103247,61.85,5,6.46,52.92,0,0.241,0,1,0
TXN103248,91.9702543619312,19,314.38503294578584,48.6,0,0.5925214727713101,0,0,0
TXN103249,104.19,19,20.08,91.98,0,0.327,0,1,0
TXN103250,114.88,2,17.29,2.7,0,0.065,0,1,0
TXN103251,12.8,9,2.93,55.98,1,0.422,0,1,0
TXN103252,119.53,6,3.65,3.73,0,0.353,0,1,0
TXN103253,43.18,16,1.14,136.98,0,0.454,0,1,0
TXN103254,42.27,14,7.49,275.2,0,0.106,0,1,0
TXN103255,32.17449040837055,12,30.274853442972475,5.56,7,0.2689833829607058,1,0,1
TXN103256,66.51,20,10.81,2.63,0,0.317,0,1,0
TXN103257,33.74,9,1.74,8.38,0,0.462,0,0,0
TXN103258,28.1,3,3.55,94.92,0,0.669,0,1,0
TXN103259,22.38,12,29.37,174.13,0,0.166,0,0,0
TXN103260,27.02,16,0.79,84.11,1,0.114,0,1,0
TXN103261,152.36,11,8.64,230.14,1,0.296,0,1,0
TXN103262,26.81,0,2.57,527.5,0,0.179,0,1,0
TXN103263,49.97,19,7.42,255.69,1,0.649,0,1,0
TXN103264,161.92,23,17.37,21.94,1,0.227,1,1,0
TXN103265,117.1,10,6.45,29.26,0,0.329,0,0,0
TXN103266,153.36,0,8.21,41.06,0,0.224,0,0,0
TXN103267,79.86,15,25.32,73.68,0,0.751,1,1,0
TXN103268,43.05,19,6.39,51.07,1,0.362,0,1,0
TXN103269,158.2,22,0.41,53.34,0,0.312,0,1,0
TXN103270,35.99,8,7.81,342.35,0,0.259,0,1,0
TXN103271,61.31,9,15.55,7.99,0,0.306,0,0,0
TXN103272,138.99,16,5.98,17.4,0,0.03,0,1,0
TXN103273,390.47,13,0.91,239.32,1,0.154,0,1,0
TXN103274,58.19,14,8.55,206.65,1,0.463,0,0,0
TXN103275,32.33,20,7.87,251.3,1,0.07,0,1,0
TXN103276,129.30899616488892,8,28.795323041355598,59.71,0,0.5512025151974469,0,1,0
TXN103277,14.69,1,8.17,41.61,0,0.131,0,1,0
TXN103278,11.0,15,28.03,143.71,0,0.471,0,1,0
TXN103279,160.37,16,4.21,35.06,0,0.04,0,1,0
TXN103280,264.08,15,8.1,325.71,0,0.526,0,1,0
TXN103281,203.23167876618217,19,102.72661360395753,98.67,0,0.6786201409352928,0,1,0
TXN103282,10.07,13,6.73,448.75,0,0.267,0,1,0
TXN103283,154.41,19,2.29,28.06,0,0.399,1,1,0
TXN103284,131.24,4,10.05,56.47,0,0.277,0,1,0
TXN103285,30.1,5,2.74,23.32,0,0.019,0,1,0
TXN103286,107.35,17,67.07,19.02,1,0.782,1,0,1
TXN103287,133.91,14,10.15,204.83,0,0.162,0,1,0
TXN103288,35.34,15,7.58,10.9,0,0.182,0,0,0
TXN103289,48.45,11,3.19,34.42,0,0.205,0,1,0
TXN103290,24.4,15,1.79,49.64,0,0.531,0,1,0
TXN103291,94.89,23,9.13,12.62,2,0.095,0,1,0
TXN103292,77.5,16,7.52,12.47,0,0.346,0,1,0
TXN103293,110.49,21,11.23,101.94,0,0.119,0,1,0
TXN103294,27.15,23,1.48,74.61,0,0.413,0,1,0
TXN103295,74.43,19,0.55,53.18,1,0.401,0,1,0
TXN103296,40.76,15,4.94,1.16,0,0.066,0,0,0
TXN103297,104.16,10,7.94,15.88,0,0.139,0,0,0
TXN103298,84.95,18,9.85,31.56,1,0.145,1,1,0
TXN103299,68.7,17,2.49,11.1,0,0.078,0,1,0
TXN103300,51.18,9,9.8,6.76,0,0.214,0,1,0
TXN103301,266.09,11,2.99,35.32,3,0.159,0,0,0
TXN103302,57.67,18,3.2,0.06,0,0.457,0,1,0
TXN103303,34.84,20,15.87,87.79,0,0.278,0,1,0
TXN103304,14.26,11,1.13,107.23,2,0.196,0,0,0
TXN103305,35.32,14,2.41,69.38,0,0.629,0,1,0
TXN103306,39.76,20,5.0,85.49,0,0.235,1,1,0
TXN103307,41.58,10,4.06,49.36,0,0.28,0,1,0
TXN103308,46.91,18,15.99,65.56,0,0.374,0,1,0
TXN103309,35.09,17,4.04,161.04,0,0.14,0,1,0
TXN103310,671.38,6,182.13,0.64,3,0.692,1,0,1
TXN103311,61.28,5,2.13,89.86,0,0.502,0,1,0
TXN103312,107.87,7,5.4,47.27,1,0.204,0,1,0
TXN103313,88.28,17,5.33,154.68,1,0.397,0,1,0
TXN103314,105.4,10,9.09,124.72,0,0.185,0,1,0
TXN103315,57.81,6,2.63,110.55,1,0.387,0,1,0
TXN103316,106.62,6,4.39,81.93,0,0.274,0,1,0
TXN103317,148.59,23,2.64,339.37,0,0.2,0,1,0
TXN103318,7.44,9,13.27,14.11,0,0.165,0,0,0
TXN103319,27.35,6,9.78,70.7,1,0.235,0,1,0
TXN103320,54.14,17,0.89,153.9,0,0.513,0,1,0
TXN103321,176.61,17,3.77,90.04,0,0.17,0,0,0
TXN103322,49.66,7,0.82,10.04,0,0.033,0,1,0
TXN103323,57.61,14,2.59,175.65,0,0.22,0,1,0
TXN103324,101.34,20,9.11,37.82,0,0.474,0,1,0
TXN103325,108.8,15,2.93,1.88,1,0.287,0,0,0
TXN103326,151.57,16,5.84,34.07,0,0.356,1,1,0
TXN103327,18.66,16,2.21,70.86,0,0.154,0,1,0
TXN103328,62.85,19,11.88,40.86,0,0.142,0,1,0
TXN103329,59.34,11,18.62,337.11,0,0.05,0,1,0
TXN103330,11.57,18,9.3,19.77,0,0.566,0,1,0
TXN103331,31.46,7,8.8,261.9,0,0.147,0,0,0
TXN103332,27.37,0,1.32,7.52,1,0.599,0,1,0
TXN103333,154.53,10,1.75,7.55,0,0.105,0,1,0
TXN103334,75.65,13,6.9,101.12,1,0.365,0,0,0
TXN103335,30.86,10,6.4,67.23,0,0.146,0,1,0
TXN103336,57.53,17,13.34,26.17,0,0.201,0,1,0
TXN103337,117.93,19,4.19,44.6,0,0.459,0,1,0
TXN103338,284.99,3,191.97,3.38,7,0.643,1,0,1
TXN103339,63.18,5,8.04,153.97,1,0.053,0,1,0
TXN103340,44.58,10,17.6,38.25,0,0.091,0,0,0
TXN103341,140.79,12,3.74,32.28,0,0.286,0,0,0
TXN103342,111.39,8,12.83,96.86,2,0.352,0,0,0
TXN103343,143.61,12,8.48,75.85,0,0.476,0,1,0
TXN103344,23.72,15,8.47,142.27,0,0.222,0,1,0
TXN103345,26.96,15,2.16,4.15,1,0.335,0,1,0
TXN103346,113.32,6,1.45,552.58,0,0.551,1,1,0
TXN103347,156.34,18,5.66,153.65,0,0.061,0,1,0
TXN103348,22.21,4,1.61,40.73,1,0.065,0,1,0
TXN103349,52.73,11,7.67,202.85,0,0.045,0,1,0
TXN103350,120.28,9,4.05,93.36,0,0.23,0,1,0
TXN103351,69.08,11,14.53,34.77,0,0.217,0,1,0
TXN103352,167.63,20,13.43,39.77,0,0.115,0,1,0
TXN103353,136.28,8,8.52,392.82,0,0.624,0,1,0
TXN103354,42.51,10,41.96,142.75,0,0.554,0,1,0
TXN103355,28.91,8,1.68,260.88,0,0.067,0,0,0
TXN103356,58.2,14,6.19,14.79,0,0.554,0,1,0
TXN103357,34.21,0,0.08,142.88,1,0.262,0,1,0
TXN103358,95.53,3,0.61,8.77,0,0.159,0,1,0
TXN103359,125.08700766439507,12,4.120345779908393,26.75,2,0.2083403725881629,1,0,1
TXN103360,135.66,9,10.23,46.13,0,0.356,0,1,0
TXN103361,198.3431153674981,17,5.255983042605787,197.85,0,0.7431985329497726,0,1,0
TXN103362,94.24,7,4.1,24.99,0,0.039,0,1,0
TXN103363,33.42127328956883,13,73.36736627894176,138.05,0,0.6984890226826441,0,0,0
TXN103364,77.08,20,10.26,37.05,1,0.14,0,1,0
TXN103365,88.95,17,5.83,37.96,1,0.314,0,1,0
TXN103366,112.21,9,2.07,289.96,0,0.197,0,1,0
TXN103367,214.38,0,8.42,347.48,0,0.424,0,1,0
TXN103368,73.11,9,10.79,288.52,1,0.043,0,1,0
TXN103369,20.01,14,7.91,71.92,0,0.328,0,0,0
TXN103370,25.85,14,7.89,124.91,1,0.096,0,1,0
TXN103371,51.16,12,10.54,34.28,0,0.303,0,1,0
TXN103372,113.15,17,12.92,105.89,2,0.17,0,1,0
TXN103373,154.16,19,3.61,28.38,0,0.318,0,1,0
TXN103374,103.12,20,7.01,10.26,1,0.067,0,1,0
TXN103375,1.48,15,5.75,180.01,0,0.396,0,1,0
TXN103376,123.29,17,13.16,23.36,1,0.371,0,1,0
TXN103377,54.37,20,14.38,442.44,0,0.311,0,1,0
TXN103378,27.43,12,5.89,19.58,0,0.074,0,0,0
TXN103379,118.56,22,9.77,277.7,0,0.315,0,0,0
TXN103380,67.57,13,7.33,366.97,0,0.326,0,0,0
TXN103381,212.76,4,4.31,44.77,0,0.461,0,1,0
TXN103382,19.481856985721507,18,44.063469652203224,27.13,0,0.5512686607216344,0,0,0
TXN103383,47.89,17,3.1,240.0,0,0.292,0,0,0
TXN103384,56.83,4,0.61,6.9,0,0.57,0,1,0
TXN103385,105.85,12,1.4,159.03,0,0.086,0,0,0
TXN103386,41.61,19,3.04,112.92,0,0.372,0,1,0
TXN103387,161.65,10,7.67,184.9,0,0.53,0,1,0
TXN103388,71.47,9,5.06,50.84,0,0.156,0,1,0
TXN103389,51.38,16,3.49,170.74,0,0.481,0,1,0
TXN103390,64.06,20,6.14,95.13,0,0.131,0,1,0
TXN103391,7.46,11,10.8,118.51,0,0.177,0,1,0
TXN103392,43.28,17,1.62,77.36,0,0.228,0,1,0
TXN103393,33.82,16,11.64,108.73,0,0.325,0,0,0
TXN103394,332.83,9,2.97,62.7,0,0.161,0,0,0
TXN103395,39.47,11,3.08,197.21,0,0.364,0,1,0
TXN103396,95.35,19,3.8,15.69,0,0.08,0,1,0
TXN103397,149.39,8,4.86,277.21,1,0.42,0,1,0
TXN103398,129.92,18,1.59,139.35,0,0.243,0,1,0
TXN103399,82.15,12,13.46,95.74,1,0.125,0,1,0
TXN103400,84.89,15,15.46,3.24,0,0.33,0,1,0
TXN103401,135.5,14,24.3,66.04,0,0.413,0,1,0
TXN103402,110.56,2,1.45,151.49,0,0.376,0,1,0
TXN103403,192.96,19,6.98,172.33,1,0.155,1,1,0
TXN103404,210.69,17,2.16,25.66,0,0.42,0,1,0
TXN103405,18.72,17,8.6,51.31,0,0.309,0,1,0
TXN103406,16.7,10,3.72,43.94,1,0.206,0,1,0
TXN103407,149.09,11,9.91,18.0,0,0.192,0,1,0
TXN103408,96.24,11,6.33,160.67,2,0.609,0,1,0
TXN103409,94.64,13,9.21,22.7,0,0.211,0,0,0
TXN103410,79.42,18,4.33,28.83,0,0.25,0,1,0
TXN103411,107.23,7,1.84,24.08,0,0.491,0,1,0
TXN103412,155.66,12,8.39,160.84,0,0.251,1,1,0
TXN103413,170.86659126734256,11,21.705614816246978,1.2,0,0.5675663344134207,0,0,0
TXN103414,132.5,14,12.08,50.82,0,0.339,0,1,0
TXN103415,111.57,11,27.41,30.48,0,0.192,0,0,0
TXN103416,85.01,22,14.78,151.17,0,0.341,0,1,0
TXN103417,299.74,12,104.94,1.53,4,0.978,0,0,1
TXN103418,21.51,14,8.08,161.63,1,0.13,0,1,0
TXN103419,134.6,8,5.88,134.0,0,0.45,0,0,0
TXN103420,126.77,17,3.78,217.42,0,0.327,0,1,0
TXN103421,2.92,11,12.41,188.74,0,0.252,0,1,0
TXN103422,99.85,10,9.41,124.54,0,0.308,1,1,0
TXN103423,105.37,8,7.77,105.8,1,0.125,0,0,0
TXN103424,29.6,21,4.6,8.34,0,0.621,0,1,0
TXN103425,92.83,19,6.17,14.24,0,0.351,0,1,0
TXN103426,44.64,21,41.69,32.28,0,0.306,0,1,0
TXN103427,49.56,18,2.9,13.9,0,0.062,0,1,0
TXN103428,121.39,20,3.6,175.93,0,0.089,0,0,0
TXN103429,62.89,16,8.24,477.25,0,0.348,0,1,0
TXN103430,139.56,14,0.49,99.96,0,0.391,0,1,0
TXN103431,39.3,9,3.66,1.78,0,0.055,0,1,0
TXN103432,49.77,12,10.61,110.95,0,0.231,0,1,0
TXN103433,61.81,15,2.14,56.46,1,0.162,0,1,0
TXN103434,32.58,13,5.19,108.37,0,0.248,0,0,0
TXN103435,251.92,6,5.33,51.36,3,0.124,0,1,0
TXN103436,73.76,11,3.77,3.11,2,0.582,0,1,0
TXN103437,40.21,17,4.34,127.8,1,0.124,0,1,0
TXN103438,59.19,19,2.77,106.2,0,0.125,0,1,0
TXN103439,106.52,13,10.36,129.98,1,0.332,1,1,0
TXN103440,76.18,0,14.04,59.09,0,0.201,0,1,0
TXN103441,76.13,8,7.05,67.65,0,0.417,0,1,0
TXN103442,85.98,10,11.56,48.61,1,0.328,0,1,0
TXN103443,20.57,16,5.72,188.94,0,0.252,0,1,0
TXN103444,67.0,11,10.11,175.11,1,0.063,0,1,0
TXN103445,117.09,13,5.56,104.62,0,0.099,0,1,0
TXN103446,866.03,19,153.67,1.22,5,0.869,1,0,1
TXN103447,67.23,16,8.22,66.66,0,0.323,0,1,0
TXN103448,9.94,7,3.83,110.7,1,0.265,0,1,0
TXN103449,154.8,15,4.31,205.48,0,0.255,0,1,0
TXN103450,40.61,19,3.57,17.85,1,0.225,0,1,0
TXN103451,24.66,9,2.37,47.15,0,0.146,0,1,0
TXN103452,36.24,8,6.24,55.29,1,0.079,0,1,0
TXN103453,74.26,9,3.3,97.13,0,0.119,0,0,0
TXN103454,563.4,23,252.82,3.06,2,0.728,0,1,1
TXN103455,73.38,16,8.12,94.1,1,0.305,0,1,0
TXN103456,30.73,16,12.59,82.55,0,0.044,1,0,0
TXN103457,74.1,17,1.69,200.18,0,0.387,0,1,0
TXN103458,250.5,21,2.53,4.62,0,0.158,0,1,0
TXN103459,515.71,16,441.03,8.56,4,0.847,0,0,1
TXN103460,472.09849680492255,6,122.88061471897811,165.63,0,0.7022045647708448,0,1,0
TXN103461,85.43,10,21.98,204.4,0,0.09,0,1,0
TXN103462,58.53,16,11.06,160.79,0,0.371,0,1,0
TXN103463,79.53,9,0.93,109.17,1,0.166,0,0,0
TXN103464,78.39,23,3.09,88.51,0,0.188,0,1,0
TXN103465,145.36,20,1.79,15.06,0,0.329,0,1,0
TXN103466,52.9,14,1.72,113.55,1,0.125,0,0,0
TXN103467,33.63,22,10.12,130.0,0,0.341,0,1,0
TXN103468,61.88,3,14.2,85.7,0,0.506,0,1,0
TXN103469,170.63,7,1.26,175.36,0,0.107,0,1,0
TXN103470,90.4,11,2.51,409.58,0,0.123,0,1,0
TXN103471,299.1561121739794,12,49.94333323840453,320.51,0,0.6148748249802874,0,1,0
TXN103472,20.16,0,4.68,116.74,0,0.243,0,1,0
TXN103473,246.0,9,4.42,27.64,0,0.747,0,1,0
TXN103474,60.06,16,8.92,56.74,0,0.323,0,0,0
TXN103475,25.96,13,7.99,34.1,0,0.208,0,0,0
TXN103476,129.18,0,5.48,74.56,0,0.049,0,1,0
TXN103477,125.05,13,1.59,11.29,0,0.511,0,0,0
TXN103478,14.04,22,0.67,329.76,0,0.184,0,1,0
TXN103479,28.05,7,10.16,306.5,0,0.46,0,0,0
TXN103480,123.24,10,5.13,55.5,0,0.342,0,1,0
TXN103481,61.82,8,8.1,57.2,0,0.41,0,1,0
TXN103482,8.75,11,0.5,49.43,0,0.343,0,1,0
TXN103483,68.1,11,6.88,86.63,0,0.113,1,1,0
TXN103484,68.57,13,5.49,53.36,1,0.112,0,0,0
TXN103485,66.67,10,7.45,84.99,0,0.079,0,1,0
TXN103486,57.91,15,4.19,28.86,0,0.372,0,0,0
TXN103487,15.42,10,5.03,12.76,0,0.299,0,1,0
TXN103488,71.82,12,10.36,70.07,0,0.499,0,1,0
TXN103489,164.27,17,512.3,3.78,4,0.889,0,1,1
TXN103490,62.6,14,16.62,19.71,0,0.018,0,1,0
TXN103491,69.75,19,5.54,282.37,0,0.384,0,1,0
TXN103492,101.15,20,6.9,17.09,0,0.376,1,1,0
TXN103493,170.11,21,9.41,244.96,0,0.19,0,1,0
TXN103494,828.87,3,108.03,1.36,6,0.987,0,0,1
TXN103495,62.27,22,11.52,93.65,0,0.417,0,1,0
TXN103496,8.7,17,3.76,570.37,0,0.298,0,1,0
TXN103497,85.17,10,6.59,248.27,1,0.053,0,1,0
TXN103498,139.62,15,9.94,85.99,1,0.104,1,1,0
TXN103499,27.15,13,7.11,19.02,1,0.337,1,1,0
TXN103500,72.06,0,8.51,14.17,0,0.112,1,0,0
TXN103501,20.49,9,5.25,111.79,0,0.264,0,1,0
TXN103502,116.46,8,5.71,43.64,0,0.033,0,1,0
TXN103503,14.32,8,4.2,236.91,1,0.038,0,1,0
TXN103504,55.57,17,20.97,40.16,1,0.103,1,1,0
TXN103505,194.0,12,1.91,324.59,1,0.64,0,1,0
TXN103506,18.33,23,4.75,371.94,1,0.291,1,0,0
TXN103507,58.89,17,10.21,23.94,1,0.52,0,1,0
TXN103508,49.56,20,3.16,232.41,0,0.067,0,0,0
TXN103509,41.11,8,3.49,81.82,1,0.376,0,1,0
TXN103510,81.67,10,10.03,59.59,0,0.328,0,1,0
TXN103511,353.11,3,312.99,0.04,6,0.946,0,0,1
TXN103512,60.58,19,7.3,87.57,2,0.117,0,1,0
TXN103513,82.8,9,5.48,29.58,0,0.219,0,1,0
TXN103514,132.33,6,15.07,104.21,0,0.278,0,1,0
TXN103515,95.91,15,1.96,28.31,0,0.48,0,1,0
TXN103516,18.38,12,16.71,7.39,0,0.096,0,1,0
TXN103517,91.61,1,18.08,390.74,0,0.203,0,1,0
TXN103518,45.6,6,8.42,279.18,0,0.295,0,0,0
TXN103519,82.85,15,3.84,100.56,1,0.294,0,1,0
TXN103520,42.0,16,2.73,35.77,0,0.508,0,1,0
TXN103521,32.85033407238905,3,51.92548759826932,78.52,1,0.5046053321448767,0,1,0
TXN103522,42.56,10,8.71,46.29,0,0.33,0,0,0
TXN103523,35.28,17,6.36,974.19,0,0.468,0,0,0
TXN103524,86.51,17,10.84,578.48,0,0.506,0,1,0
TXN103525,87.97,23,7.33,19.62,1,0.381,0,0,0
TXN103526,184.72,13,6.6,96.18,0,0.068,0,1,0
TXN103527,192.04,17,2.11,617.22,1,0.18,0,1,0
TXN103528,42.65,5,3.01,140.63,0,0.431,0,1,0
TXN103529,275.09,8,0.65,36.36,1,0.441,0,1,0
TXN103530,5.1,22,1.49,66.19,0,0.388,0,1,0
TXN103531,226.57,18,2.77,13.59,0,0.193,0,0,0
TXN103532,88.29,8,4.77,5.39,0,0.264,0,0,0
TXN103533,50.89,18,4.53,130.94,0,0.227,1,1,0
TXN103534,92.13,1,8.58,119.13,0,0.132,0,1,0
TXN103535,67.09,0,11.23,78.63,1,0.634,0,0,0
TXN103536,115.98,19,0.02,146.47,0,0.19,0,0,0
TXN103537,138.38,9,15.67,226.88,0,0.105,0,1,0
TXN103538,12.74,7,1.4,34.78,0,0.083,0,1,0
TXN103539,46.86,20,2.26,158.1,0,0.083,0,1,0
TXN103540,121.19,8,8.93,393.82,0,0.378,0,1,0
TXN103541,39.51,17,4.13,122.39,1,0.494,0,1,0
TXN103542,83.32,21,5.14,61.26,1,0.302,0,0,0
TXN103543,96.35,6,1.41,183.2,0,0.056,0,1,0
TXN103544,140.67,18,3.43,90.36,0,0.156,0,1,0
TXN103545,75.07,18,3.32,114.44,0,0.138,0,1,0
TXN103546,437.8433762948785,16,106.03319738974695,43.31,0,0.7400262111563838,0,1,0
TXN103547,2.3,15,4.79,110.79,0,0.357,0,0,0
TXN103548,107.98,18,8.86,63.92,0,0.107,0,1,0
TXN103549,93.91,5,31.45,71.16,1,0.426,0,1,0
TXN103550,22.23,14,5.39,188.74,0,0.163,0,1,0
TXN103551,36.81,20,0.8,29.11,0,0.185,0,1,0
TXN103552,41.05,19,3.46,6.6,0,0.074,0,0,0
TXN103553,372.23,18,228.94,3.13,3,0.706,1,0,1
TXN103554,17.33,14,4.45,0.76,1,0.352,0,1,0
TXN103555,88.73426030944508,8,48.84421020913757,20.42,1,0.7345063115008358,0,1,0
TXN103556,36.9,14,4.18,168.57,0,0.142,0,1,0
TXN103557,83.49,11,3.07,54.7,0,0.416,0,0,0
TXN103558,42.51,14,35.25,32.31,0,0.323,0,0,0
TXN103559,32.45,22,5.12,104.17,0,0.407,0,1,0
TXN103560,14.11,15,14.13,133.87,0,0.309,0,1,0
TXN103561,45.66,19,5.09,146.36,0,0.246,0,1,0
TXN103562,97.56,0,14.82,76.01,0,0.386,0,1,0
TXN103563,24.4,20,2.18,7.95,0,0.244,0,1,0
TXN103564,10.76,17,1.6,185.79,0,0.34,0,0,0
TXN103565,45.54,16,1.96,33.06,1,0.352,0,0,0
TXN103566,84.66,2,10.32,59.44,0,0.645,0,0,0
TXN103567,145.48,18,18.67,14.76,0,0.1,0,1,0
TXN103568,59.33,17,15.71,277.63,0,0.16,0,0,0
TXN103569,35.99,21,4.47,462.49,0,0.201,0,1,0
TXN103570,82.12,3,4.17,14.12,0,0.374,0,0,0
TXN103571,66.68,17,12.79,120.82,1,0.118,0,1,0
TXN103572,53.05,20,1.63,12.46,0,0.117,0,1,0
TXN103573,107.15,6,3.46,184.95,0,0.191,0,0,0
TXN103574,46.18,12,7.42,232.0,1,0.354,0,1,0
TXN103575,26.35,16,1.65,173.94,0,0.395,0,1,0
TXN103576,20.27,23,6.04,223.97,0,0.296,0,0,0
TXN103577,149.03,20,0.73,32.58,0,0.05,0,1,0
TXN103578,17.65,8,4.93,35.58,0,0.238,0,1,0
TXN103579,158.55,20,15.63,112.5,0,0.098,0,1,0
TXN103580,53.49,20,5.36,3.7,0,0.407,0,0,0
TXN103581,22.29,20,9.15,22.25,0,0.307,0,1,0
TXN103582,83.67,16,7.83,9.01,0,0.851,0,1,0
TXN103583,238.95,13,1.32,6.04,1,0.652,0,1,0
TXN103584,18.52,9,0.22,109.18,1,0.347,0,0,0
TXN103585,133.43,21,288.18,8.43,5,0.843,1,0,1
TXN103586,79.61750903016232,19,13.200615507343054,388.51,0,0.5514152096541122,0,1,0
TXN103587,153.01,16,4.34,199.22,0,0.237,0,0,0
TXN103588,197.22,20,2.64,160.83,0,0.196,0,1,0
TXN103589,38.52,20,0.93,25.45,0,0.141,0,1,0
TXN103590,250.41,2,4.65,112.64,0,0.444,0,1,0
TXN103591,34.07,6,9.36,49.58,0,0.074,0,1,0
TXN103592,64.32,8,10.06,49.35,0,0.23,0,0,0
TXN103593,49.91,3,0.76,81.3,2,0.608,0,1,0
TXN103594,120.04,20,10.11,107.23,2,0.231,0,1,0
TXN103595,70.5,6,1.76,3.05,0,0.436,0,1,0
TXN103596,47.28,11,3.38,27.69,0,0.228,0,1,0
TXN103597,60.92,9,13.3,65.91,0,0.1,0,1,0
TXN103598,73.91,16,2.79,22.56,0,0.447,0,1,0
TXN103599,31.39,0,4.74,5.31,0,0.045,0,0,0
TXN103600,96.49,21,3.61,182.64,0,0.305,0,1,0
TXN103601,27.27,19,3.9,83.38,0,0.176,0,1,0
TXN103602,109.72,11,9.54,28.43,0,0.25,0,0,0
TXN103603,37.02,2,2.16,160.56,1,0.248,0,1,0
TXN103604,659.95,14,291.45,1.38,5,0.8,0,0,1
TXN103605,129.13,15,16.19,85.72,0,0.039,0,1,0
TXN103606,49.06,10,0.43,83.67,0,0.078,0,1,0
TXN103607,40.67,12,5.88,14.06,0,0.042,0,0,0
TXN103608,635.77,5,369.11,0.29,3,0.876,0,0,1
TXN103609,33.79,18,7.67,535.09,0,0.476,0,0,0
TXN103610,69.68,19,4.05,101.93,0,0.179,0,1,0
TXN103611,11.91,9,0.91,171.93,0,0.211,0,0,0
TXN103612,346.07530313276055,15,106.32622379892511,25.94,0,0.6711830319420796,0,0,0
TXN103613,41.08,11,12.2,14.74,0,0.243,0,1,0
TXN103614,373.339704268825,9,11.171330917652055,20.91,0,0.7469004857007793,0,1,0
TXN103615,113.11,17,2.12,124.86,0,0.097,0,0,0
TXN103616,45.63,0,5.94,132.54,0,0.329,1,1,0
TXN103617,203.45,20,2.7,32.2,1,0.302,0,1,0
TXN103618,26.02,18,1.81,43.48,0,0.236,0,1,0
TXN103619,67.25,19,4.52,276.79,0,0.177,0,1,0
TXN103620,60.61,8,2.49,163.45,0,0.073,0,1,0
TXN103621,33.99,20,4.92,82.76,1,0.429,0,1,0
TXN103622,26.6,16,15.52,66.01,0,0.211,0,1,0
TXN103623,265.97,13,2.31,81.92,0,0.462,0,0,0
TXN103624,106.94,9,8.5,237.38,0,0.36,0,0,0
TXN103625,27.95,12,28.93,27.08,1,0.349,0,1,0
TXN103626,206.48,16,12.2,1.94,1,0.19,0,1,0
TXN103627,19.63,12,4.7,229.61,0,0.331,0,1,0
TXN103628,27.16,14,8.32,18.14,1,0.233,0,1,0
TXN103629,183.7,18,3.76,172.14,0,0.618,0,1,0
TXN103630,121.05,14,0.56,311.95,0,0.584,0,0,0
TXN103631,54.24,13,7.95,162.6,0,0.163,1,1,0
TXN103632,103.13,14,0.1,210.75,1,0.409,0,1,0
TXN103633,124.18,12,0.16,158.99,1,0.225,0,0,0
TXN103634,12.93,15,11.78,77.25,0,0.337,0,1,0
TXN103635,139.34,16,2.85,72.08,0,0.316,0,0,0
TXN103636,116.08,16,11.53,136.03,2,0.554,0,0,0
TXN103637,25.57,1,10.4,389.46,0,0.239,0,0,0
TXN103638,68.01,8,11.16,204.69,0,0.374,0,0,0
TXN103639,188.32,11,410.66,6.36,4,0.332,0,1,1
TXN103640,26.18,17,0.11,120.45,0,0.187,0,0,0
TXN103641,21.09,13,11.48,130.4,0,0.393,0,1,0
TXN103642,70.31,9,9.27,151.3,0,0.232,0,1,0
TXN103643,236.19,2,1.19,174.58,1,0.303,0,1,0
TXN103644,211.59010813245666,15,119.21408777975148,51.09,0,0.5508429087766809,0,1,0
TXN103645,16.6,2,6.33,556.95,1,0.446,0,1,0
TXN103646,76.44,17,6.2,42.15,0,0.358,0,1,0
TXN103647,108.92,8,8.62,308.42,0,0.568,0,1,0
TXN103648,91.76,22,0.58,48.46,0,0.21,0,1,0
TXN103649,93.71,21,3.1,17.37,0,0.226,0,1,0
TXN103650,11.59,19,3.65,1.97,0,0.289,0,1,0
TXN103651,162.54,6,13.96,160.29,0,0.366,0,1,0
TXN103652,165.61,11,10.41,27.07,0,0.477,0,1,0
TXN103653,199.68,15,9.74,39.47,0,0.428,0,1,0
TXN103654,42.51,8,6.04,13.03,0,0.335,0,1,0
TXN103655,251.27,23,5.37,106.94,0,0.27,0,0,0
TXN103656,48.22,12,15.39,0.63,0,0.083,0,0,0
TXN103657,107.99,8,14.33,247.78,0,0.248,0,1,0
TXN103658,11.11,16,2.3,9.86,0,0.213,0,1,0
TXN103659,89.36,20,4.33,239.72,0,0.076,0,1,0
TXN103660,110.75,23,6.42,146.24,0,0.229,0,0,0
TXN103661,70.82,17,8.34,56.42,2,0.104,0,0,0
TXN103662,17.81,19,15.65,15.86,0,0.234,0,0,0
TXN103663,60.58,12,11.94,12.47,0,0.331,0,1,0
TXN103664,45.16,12,2.37,89.27,0,0.005,0,1,0
TXN103665,43.87,1,0.46,300.12,0,0.396,0,1,0
TXN103666,625.83,2,110.23,2.93,7,0.777,1,0,1
TXN103667,114.85,8,4.5,127.81,1,0.409,0,1,0
TXN103668,83.2,2,8.14,105.11,0,0.165,0,1,0
TXN103669,77.8,8,8.73,384.19,0,0.405,0,0,0
TXN103670,71.67,15,6.6,124.56,0,0.242,0,0,0
TXN103671,116.98,5,10.85,147.29,0,0.066,0,1,0
TXN103672,169.19,18,14.33,77.52,0,0.211,0,1,0
TXN103673,37.88,7,7.82,17.05,1,0.318,0,1,0
TXN103674,52.62,9,3.62,67.0,1,0.253,0,1,0
TXN103675,86.85,10,4.82,19.79,0,0.142,1,0,0
TXN103676,17.73,0,9.87,12.38,0,0.334,0,1,0
TXN103677,21.83,0,4.78,116.25,0,0.321,0,1,0
TXN103678,112.84,12,12.14,63.06,0,0.067,0,1,0
TXN103679,37.93,9,1.45,56.69,0,0.216,0,1,0
TXN103680,87.21,6,1.49,20.24,1,0.402,1,1,0
TXN103681,38.51,15,7.52,524.95,0,0.182,0,1,0
TXN103682,58.52,2,4.32,16.93,0,0.33,0,1,0
TXN103683,160.41,23,3.01,88.33,2,0.09,0,1,0
TXN103684,418.41,8,22.49,106.6,0,0.456,0,1,0
TXN103685,78.23,22,23.43,81.47,0,0.533,1,1,0
TXN103686,50.44,18,6.4,70.5,0,0.31,0,1,0
TXN103687,180.51,14,0.44,66.02,0,0.239,0,1,0
TXN103688,24.14,14,1.72,38.58,0,0.336,0,1,0
TXN103689,80.05,13,13.17,88.54,1,0.198,0,1,0
TXN103690,493.55515700687084,8,81.3252220026924,66.0,1,0.6813392489652952,1,0,0
TXN103691,85.75,15,1.14,1.77,0,0.229,0,0,0
TXN103692,132.51,13,13.52,14.11,1,0.123,0,1,0
TXN103693,42.16,15,2.27,87.51,0,0.189,0,1,0
TXN103694,26.29,12,2.04,476.26,1,0.101,0,0,0
TXN103695,123.46,13,150.77,0.73,4,0.753,1,0,1
TXN103696,17.23,17,7.72,140.77,0,0.395,0,0,0
TXN103697,31.7,14,2.45,50.19,0,0.431,0,1,0
TXN103698,36.48,2,18.24,73.97,1,0.172,0,1,0
TXN103699,27.73,15,7.21,293.82,0,0.205,0,1,0
TXN103700,63.71,8,5.51,23.4,0,0.245,0,1,0
TXN103701,53.53,15,5.24,0.36,0,0.279,0,1,0
TXN103702,82.09,10,5.03,285.45,0,0.449,1,0,0
TXN103703,35.98,11,3.36,237.27,1,0.144,0,1,0
TXN103704,77.81,8,15.39,74.27,0,0.507,0,1,0
TXN103705,221.51,19,5.76,82.91,0,0.32,0,1,0
TXN103706,7.86,1,7.65,67.24,0,0.08,1,1,0
TXN103707,26.36,12,5.42,105.14,0,0.231,0,0,0
TXN103708,170.37,17,3.82,329.52,0,0.451,0,0,0
TXN103709,40.65,9,7.03,316.54,0,0.437,0,1,0
TXN103710,146.12,15,13.59,397.94,0,0.181,0,1,0
TXN103711,102.32,18,0.71,100.64,1,0.28,1,1,0
TXN103712,110.21,14,10.68,88.58,0,0.173,0,0,0
TXN103713,143.62,9,31.72,144.36,0,0.221,0,0,0
TXN103714,92.99,18,3.77,20.97,1,0.303,0,0,0
TXN103715,22.78,9,3.59,309.13,0,0.446,0,1,0
TXN103716,70.76,15,10.95,222.32,2,0.195,0,1,0
TXN103717,351.74402885207974,20,98.53574795964198,2.05,0,0.7596703387599479,0,1,0
TXN103718,44.76,12,4.86,114.85,0,0.511,0,0,0
TXN103719,65.96,5,1.71,65.9,1,0.606,0,1,0
TXN103720,159.05,20,1.59,60.26,1,0.16,0,1,0
TXN103721,146.11,11,12.59,0.72,0,0.265,0,1,0
TXN103722,61.12,2,10.36,13.51,0,0.278,0,1,0
TXN103723,119.88,7,1.89,142.93,0,0.342,0,1,0
TXN103724,188.56,14,1.78,107.63,0,0.323,0,1,0
TXN103725,35.03,10,1.56,9.05,1,0.259,0,1,0
TXN103726,144.59,6,4.79,17.58,0,0.222,0,1,0
TXN103727,61.47,8,7.3,129.7,0,0.1,0,1,0
TXN103728,375.261584536489,14,252.18257288036915,212.02,0,0.589817893500231,0,0,0
TXN103729,166.61,20,0.05,64.1,1,0.268,0,1,0
TXN103730,133.7,20,2.49,393.39,0,0.447,0,1,0
TXN103731,155.92322293838936,8,7.492400808256792,145.78,0,0.5184115382961635,0,0,0
TXN103732,66.83,17,1.56,197.73,1,0.315,0,0,0
TXN103733,26.0,22,7.22,2.53,0,0.164,0,1,0
TXN103734,58.98,16,18.99,321.41,0,0.459,0,0,0
TXN103735,84.88,14,1.85,232.57,0,0.279,0,1,0
TXN103736,114.37,12,19.66,43.04,0,0.105,0,1,0
TXN103737,48.58,13,4.08,101.63,0,0.244,0,1,0
TXN103738,10.24,9,2.75,56.22,2,0.544,0,1,0
TXN103739,116.74,13,29.31,9.79,0,0.146,0,0,0
TXN103740,57.36,14,6.82,231.93,0,0.556,0,0,0
TXN103741,36.19,18,13.88,42.06,0,0.273,0,1,0
TXN103742,78.53,15,5.23,55.39,0,0.39,0,1,0
TXN103743,174.31,12,1.59,0.69,0,0.106,0,1,0
TXN103744,84.5,15,12.18,0.19,0,0.37,0,1,0
TXN103745,34.53,8,2.47,117.54,0,0.212,0,1,0
TXN103746,88.24,10,6.35,184.73,2,0.213,0,1,0
TXN103747,216.17,11,7.71,76.11,0,0.546,0,1,0
TXN103748,46.75,14,15.94,8.09,0,0.36,0,1,0
TXN103749,86.22,12,8.92,6.34,1,0.168,0,1,0
TXN103750,35.9,20,5.58,25.37,1,0.303,0,1,0
TXN103751,59.63,13,4.58,102.0,0,0.28,0,1,0
TXN103752,203.89,18,12.68,12.52,1,0.308,0,1,0
TXN103753,53.29,5,5.51,113.14,1,0.153,0,1,0
TXN103754,70.9,22,5.15,104.62,1,0.05,0,1,0
TXN103755,24.2,17,20.27,66.61,0,0.278,0,1,0
TXN103756,119.84,9,5.1,412.22,1,0.046,0,1,0
TXN103757,45.06,21,7.26,34.34,1,0.375,0,0,0
TXN103758,103.2,11,8.71,120.65,1,0.428,0,0,0
TXN103759,84.18,7,34.17,33.08,0,0.137,0,1,0
TXN103760,11.01,20,18.49,80.33,1,0.387,0,1,0
TXN103761,23.36,10,1.15,209.58,0,0.391,0,1,0
TXN103762,401.79061365932114,8,29.44819062489645,8.97,0,0.7480766889252751,0,1,0
TXN103763,24.89,15,7.97,39.89,1,0.243,0,1,0
TXN103764,32.48,11,1.35,278.41,1,0.123,0,0,0
TXN103765,109.96,15,1.13,43.95,0,0.21,0,1,0
TXN103766,97.99,15,6.88,13.47,0,0.365,0,1,0
TXN103767,213.9,5,2.59,29.85,0,0.319,0,1,0
TXN103768,162.03,7,1.05,26.05,0,0.55,0,1,0
TXN103769,5.25,21,2.47,18.86,0,0.411,0,1,0
TXN103770,99.44,12,0.36,462.81,0,0.186,0,0,0
TXN103771,60.69,18,7.12,34.13,0,0.397,0,1,0
TXN103772,182.03,20,5.07,31.46,0,0.43,0,1,0
TXN103773,31.78,18,20.12,94.96,0,0.208,0,1,0
TXN103774,86.6,7,1.2,4.85,0,0.465,0,1,0
TXN103775,133.62,10,5.98,899.74,0,0.387,0,1,0
TXN103776,66.87,8,3.02,60.3,0,0.251,1,1,0
TXN103777,71.86,11,3.26,98.37,1,0.525,0,1,0
TXN103778,48.68,14,1.73,54.63,0,0.04,0,0,0
TXN103779,55.52,13,9.38,342.7,0,0.26,0,1,0
TXN103780,76.12,8,13.81,20.85,0,0.422,0,1,0
TXN103781,41.41,9,5.81,78.64,1,0.3,0,1,0
TXN103782,131.76,16,9.41,16.69,0,0.118,0,0,0
TXN103783,17.86,20,17.72,41.04,0,0.027,0,1,0
TXN103784,65.77,2,23.54,187.24,0,0.457,0,1,0
TXN103785,18.38,20,1.29,204.77,0,0.457,0,1,0
TXN103786,28.91,3,2.49,10.01,0,0.059,0,0,0
TXN103787,18.46,21,3.8,43.77,0,0.486,0,1,0
TXN103788,35.89,10,15.78,15.19,0,0.015,0,1,0
TXN103789,45.09,8,7.16,58.83,1,0.097,0,1,0
TXN103790,75.04,7,5.77,127.68,0,0.258,0,1,0
TXN103791,98.42,19,4.67,110.4,0,0.452,0,1,0
TXN103792,15.52,15,5.16,33.91,0,0.266,0,0,0
TXN103793,94.49,15,6.42,39.9,0,0.5,0,1,0
TXN103794,41.72,20,4.07,30.75,0,0.067,0,1,0
TXN103795,33.03,11,23.04,230.61,1,0.3,0,1,0
TXN103796,128.23,18,4.13,177.04,1,0.342,0,0,0
TXN103797,71.87,1,8.59,364.62,0,0.119,0,1,0
TXN103798,108.09,0,5.53,59.98,1,0.447,0,1,0
TXN103799,86.11,11,4.35,18.06,1,0.255,0,1,0
TXN103800,40.09,10,5.44,49.3,0,0.4,0,1,0
TXN103801,107.34,12,3.54,181.6,0,0.535,0,1,0
TXN103802,43.35,11,0.98,246.2,0,0.242,0,1,0
TXN103803,128.49,20,1.39,40.75,0,0.123,0,0,0
TXN103804,10.33,7,10.47,76.01,1,0.14,0,1,0
TXN103805,106.53,9,10.75,24.52,1,0.39,0,1,0
TXN103806,89.68,13,2.97,24.67,0,0.065,0,1,0
TXN103807,55.41,11,9.81,102.4,0,0.187,0,1,0
TXN103808,19.11,13,15.4,208.23,0,0.058,0,1,0
TXN103809,31.91,7,9.8,37.56,0,0.608,0,1,0
TXN103810,94.13,2,3.54,37.88,0,0.153,0,1,0
TXN103811,29.64,9,3.27,70.42,0,0.17,0,1,0
TXN103812,71.34,22,3.42,114.0,0,0.162,1,0,0
TXN103813,53.78,11,4.41,143.13,0,0.202,0,1,0
TXN103814,147.28,14,16.52,15.17,0,0.209,0,0,0
TXN103815,69.64,6,9.94,103.62,0,0.393,0,1,0
TXN103816,96.84,0,0.45,61.21,0,0.542,0,1,0
TXN103817,93.25,18,312.6,3.06,4,0.819,0,0,1
TXN103818,46.47,20,8.11,77.1,0,0.425,0,1,0
TXN103819,67.5,19,10.28,39.4,0,0.081,0,0,0
TXN103820,240.88955897343172,19,116.01132625376121,44.02,0,0.68220924825529,0,1,0
TXN103821,71.65757864357455,15,32.72543513152515,31.17,1,0.5733760634340938,0,1,0
TXN103822,49.57,6,28.18,290.99,1,0.093,0,1,0
TXN103823,65.63,15,0.87,24.21,1,0.269,1,1,0
TXN103824,32.7,9,3.62,117.88,0,0.169,0,1,0
TXN103825,54.91,22,0.79,23.63,0,0.078,0,1,0
TXN103826,33.17,9,1.39,43.01,0,0.625,0,1,0
TXN103827,104.67,7,3.02,22.43,0,0.544,0,0,0
TXN103828,111.34,12,2.99,1.25,1,0.448,0,1,0
TXN103829,156.66,12,6.03,311.4,1,0.24,0,1,0
TXN103830,124.88485116730735,0,166.87451407844813,1.58,2,0.7996615966851964,0,1,0
TXN103831,100.66,14,2.4,14.21,0,0.65,0,0,0
TXN103832,83.69,11,4.24,137.91,0,0.066,0,0,0
TXN103833,171.98,16,0.26,62.41,0,0.403,0,1,0
TXN103834,78.33,10,4.69,389.54,0,0.118,0,1,0
TXN103835,20.11,12,7.03,303.6,0,0.701,0,1,0
TXN103836,41.1,16,3.59,85.05,0,0.403,0,1,0
TXN103837,676.4441260180181,20,41.63356703568585,46.0,0,0.6951838008768644,0,0,0
TXN103838,33.92,1,12.83,25.1,0,0.318,0,1,0
TXN103839,18.07,16,6.9,60.68,0,0.44,0,1,0
TXN103840,95.94,9,5.52,256.29,0,0.178,0,1,0
TXN103841,89.56,9,2.51,53.21,0,0.161,0,1,0
TXN103842,51.87,15,6.9,55.57,0,0.228,0,1,0
TXN103843,85.56,19,1.56,33.55,0,0.418,0,1,0
TXN103844,27.79,12,9.26,2.91,0,0.165,0,1,0
TXN103845,77.52,18,1.95,161.77,0,0.193,1,1,0
TXN103846,67.26,5,10.69,73.16,1,0.13,0,1,0
TXN103847,50.03,22,29.92,170.83,0,0.208,0,1,0
TXN103848,42.7,10,12.74,3.82,0,0.491,0,0,0
TXN103849,83.95,10,4.06,150.36,0,0.426,0,0,0
TXN103850,66.12,3,6.31,92.59,0,0.062,0,0,0
TXN103851,76.89,18,1.55,56.83,0,0.269,0,0,0
TXN103852,196.24,12,0.54,41.75,0,0.437,0,1,0
TXN103853,11.73,1,8.17,249.83,0,0.35,0,1,0
TXN103854,54.79,23,2.86,82.0,0,0.562,0,1,0
TXN103855,104.24,19,13.83,50.65,0,0.219,0,1,0
TXN103856,324.12,3,1.71,139.34,1,0.114,0,1,0
TXN103857,89.45,17,6.56,18.72,0,0.389,0,1,0
TXN103858,73.96,23,0.61,96.52,0,0.322,0,0,0
TXN103859,148.3,13,5.16,219.22,0,0.568,0,0,0
TXN103860,41.61,23,32.76,31.89,0,0.328,0,1,0
TXN103861,90.18,19,3.03,190.3,0,0.269,0,0,0
TXN103862,120.73,15,3.14,132.85,0,0.49,0,1,0
TXN103863,114.78,7,4.29,46.77,1,0.435,0,1,0
TXN103864,77.18,18,8.92,53.14,0,0.197,0,1,0
TXN103865,68.41,20,5.44,35.14,0,0.156,0,1,0
TXN103866,38.709670995761,5,62.47765482001204,4.7,3,0.26871144500080635,1,1,1
TXN103867,27.24,18,8.49,158.89,0,0.562,0,1,0
TXN103868,44.17,17,4.64,396.64,0,0.192,0,0,0
TXN103869,37.75,13,4.45,5.44,0,0.15,0,0,0
TXN103870,106.19,9,8.34,128.2,0,0.131,0,1,0
TXN103871,22.52,6,8.0,5.99,0,0.318,0,1,0
TXN103872,302.3,2,129.62,2.55,7,0.823,0,1,1
TXN103873,12.21,10,5.94,162.41,1,0.126,0,0,0
TXN103874,164.88,19,3.83,137.17,1,0.407,0,0,0
TXN103875,30.02,8,4.19,33.81,1,0.137,1,1,0
TXN103876,35.82,10,36.55,26.25,0,0.624,1,1,0
TXN103877,476.38688387867944,8,219.66940272655958,34.47,1,0.5887061394569189,0,1,0
TXN103878,55.92,8,3.07,10.14,1,0.252,0,1,0
TXN103879,19.42,7,26.64,28.31,1,0.783,0,0,0
TXN103880,16.23,10,3.5,13.57,0,0.204,0,1,0
TXN103881,94.67,12,8.92,146.67,0,0.484,0,1,0
TXN103882,146.17,11,7.75,45.83,1,0.712,0,1,0
TXN103883,52.63,20,3.06,2.69,0,0.669,0,1,0
TXN103884,53.58,17,18.46,1034.69,0,0.254,0,1,0
TXN103885,36.66,15,14.68,301.01,0,0.736,0,1,0
TXN103886,111.0,17,12.12,102.15,1,0.194,0,1,0
TXN103887,131.33,18,5.18,43.23,0,0.235,0,0,0
TXN103888,89.96,11,4.89,31.95,0,0.661,0,0,0
TXN103889,41.43,12,4.44,13.44,0,0.192,0,1,0
TXN103890,73.59,15,7.01,437.18,0,0.268,0,1,0
TXN103891,87.13,13,19.01,59.98,1,0.484,0,1,0
TXN103892,66.59,9,8.57,38.65,0,0.258,0,1,0
TXN103893,64.6,13,2.91,18.81,1,0.448,0,1,0
TXN103894,61.58,17,1.5,326.2,1,0.157,0,1,0
TXN103895,51.25,11,0.65,31.14,0,0.479,0,1,0
TXN103896,146.28,1,8.28,206.76,0,0.695,0,1,0
TXN103897,80.51,11,7.13,185.42,0,0.445,0,1,0
TXN103898,62.54,14,1.55,8.66,1,0.323,0,1,0
TXN103899,33.82,10,12.05,77.64,1,0.211,0,1,0
TXN103900,59.99,5,4.12,150.87,0,0.283,0,1,0
TXN103901,21.42,13,9.85,47.28,0,0.025,0,1,0
TXN103902,60.89,10,1.35,84.85,0,0.644,0,1,0
TXN103903,33.54,13,8.5,16.54,0,0.215,0,0,0
TXN103904,100.36,7,19.87,334.77,1,0.225,0,0,0
TXN103905,8.3,17,9.81,48.23,0,0.147,0,0,0
TXN103906,42.54,8,7.74,96.05,1,0.121,0,1,0
TXN103907,7.18,9,11.35,48.03,0,0.098,0,1,0
TXN103908,108.19,12,8.23,90.34,0,0.132,0,1,0
TXN103909,40.65,21,0.3,83.0,0,0.316,0,1,0
TXN103910,143.32,14,10.45,147.99,0,0.254,0,1,0
TXN103911,107.2,18,7.15,789.01,1,0.499,0,1,0
TXN103912,37.57,17,6.69,168.8,0,0.118,0,1,0
TXN103913,70.87,13,23.13,115.58,0,0.279,0,1,0
TXN103914,39.04,10,14.05,97.01,0,0.302,0,1,0
TXN103915,177.51,16,41.06,21.45,0,0.166,0,1,0
TXN103916,166.23,8,12.9,10.46,0,0.42,0,1,0
TXN103917,115.96,8,13.82,30.12,0,0.045,1,1,0
TXN103918,78.41,2,4.71,21.92,0,0.436,0,1,0
TXN103919,42.15,20,3.1,13.59,1,0.094,0,1,0
TXN103920,40.33,9,19.47,366.37,0,0.176,0,1,0
TXN103921,82.88,20,6.79,214.21,0,0.289,0,1,0
TXN103922,210.39,1,13.89,33.02,0,0.249,0,1,0
TXN103923,210.98,16,6.49,85.37,0,0.119,0,1,0
TXN103924,163.09,17,35.9,323.82,0,0.184,0,1,0
TXN103925,17.07,10,10.54,15.31,1,0.022,0,0,0
TXN103926,41.23,11,4.78,86.37,0,0.081,0,1,0
TXN103927,24.41,19,3.09,28.58,1,0.526,0,1,0
TXN103928,113.31,15,6.8,71.33,1,0.096,0,1,0
TXN103929,63.95,20,2.99,581.99,0,0.176,0,1,0
TXN103930,65.14,18,10.0,19.16,0,0.345,0,1,0
TXN103931,31.15,20,8.96,21.75,0,0.315,0,1,0
TXN103932,21.09,11,4.84,360.21,0,0.305,0,1,0
TXN103933,20.64,16,16.49,99.88,0,0.303,0,1,0
TXN103934,114.29,19,8.77,26.95,0,0.471,0,1,0
TXN103935,94.15,2,58.07,49.25,0,0.567,0,1,0
TXN103936,266.21,23,11.78,3.73,0,0.271,0,1,0
TXN103937,6.15,7,4.26,264.66,0,0.048,0,1,0
TXN103938,137.98,20,7.29,104.57,1,0.469,0,1,0
TXN103939,172.16,17,6.54,52.63,0,0.185,1,1,0
TXN103940,150.44,3,4.33,107.75,0,0.163,0,0,0
TXN103941,43.46,5,6.42,417.79,1,0.182,0,1,0
TXN103942,66.13,10,8.72,52.07,1,0.243,0,0,0
TXN103943,152.29,14,9.23,13.77,0,0.316,0,1,0
TXN103944,66.76,3,6.42,208.91,0,0.301,0,1,0
TXN103945,71.06,8,0.11,36.3,0,0.254,0,1,0
TXN103946,50.28,15,17.78,184.86,0,0.195,0,1,0
TXN103947,20.26,14,1.16,14.27,0,0.466,0,1,0
TXN103948,115.27,4,7.39,3.05,0,0.436,0,0,0
TXN103949,55.96,12,4.07,88.31,1,0.159,0,1,0
TXN103950,10.32,12,2.83,229.21,0,0.277,0,1,0
TXN103951,113.58,11,0.33,104.72,0,0.456,0,1,0
TXN103952,98.83,7,2.56,69.04,0,0.2,0,1,0
TXN103953,126.21,21,20.68,5.88,0,0.149,0,1,0
TXN103954,6.16,14,4.74,8.07,0,0.367,0,0,0
TXN103955,149.63765611087007,14,32.619774571622614,98.16,0,0.7375120618182719,0,1,0
TXN103956,128.71,11,7.26,19.27,0,0.314,0,1,0
TXN103957,75.48,17,2.26,13.44,0,0.574,0,1,0
TXN103958,70.81,0,1.78,63.27,1,0.053,0,1,0
TXN103959,67.69,19,11.17,137.17,0,0.448,0,1,0
TXN103960,171.38,13,10.87,246.05,0,0.424,0,0,0
TXN103961,90.55,19,7.03,39.73,1,0.316,0,1,0
TXN103962,90.87,15,13.33,178.05,0,0.459,0,0,0
TXN103963,9.86,20,10.28,106.95,1,0.316,1,0,0
TXN103964,51.83,8,6.15,180.1,0,0.135,0,0,0
TXN103965,59.08,8,0.51,86.67,0,0.012,0,1,0
TXN103966,316.7458191374,14,54.40986229583658,74.21,0,0.630318070793284,0,0,0
TXN103967,82.55,16,0.82,88.85,1,0.064,0,1,0
TXN103968,66.96,14,17.44,278.81,0,0.383,0,1,0
TXN103969,169.85,14,6.5,201.2,1,0.326,0,1,0
TXN103970,64.16,11,0.87,0.29,0,0.096,1,1,0
TXN103971,210.55,1,305.68,7.14,5,0.823,1,0,1
TXN103972,88.09,8,8.53,0.8,0,0.318,0,1,0
TXN103973,33.39,0,8.72,180.35,0,0.336,1,1,0
TXN103974,172.6,11,6.79,179.09,0,0.094,0,1,0
TXN103975,62.84,18,1.36,13.54,0,0.398,0,1,0
TXN103976,124.06,6,0.24,4.8,0,0.494,0,1,0
TXN103977,278.35222716772324,12,206.19742914735045,347.07,0,0.688777226962132,0,1,0
TXN103978,86.33,19,12.97,326.34,0,0.133,0,0,0
TXN103979,22.22,11,1.13,6.41,1,0.135,0,1,0
TXN103980,30.41,2,10.88,99.46,1,0.576,0,1,0
TXN103981,14.36,18,7.7,251.74,0,0.68,0,1,0
TXN103982,144.83,23,8.13,403.14,0,0.487,0,1,0
TXN103983,58.2,18,3.21,254.65,0,0.361,0,1,0
TXN103984,96.39,11,17.47,67.05,0,0.511,0,1,0
TXN103985,46.19,18,28.28,76.69,0,0.214,0,1,0
TXN103986,56.62,20,3.24,126.32,1,0.624,0,0,0
TXN103987,79.57,17,6.56,157.27,0,0.323,0,1,0
TXN103988,37.81,3,8.5,31.12,0,0.149,0,0,0
TXN103989,24.86,21,3.11,73.91,1,0.412,0,1,0
TXN103990,14.18,12,18.33,121.46,0,0.281,0,1,0
TXN103991,52.13,16,8.18,58.58,0,0.405,0,1,0
TXN103992,73.71,19,5.07,113.05,1,0.498,0,1,0
TXN103993,282.64,17,14.86,27.32,1,0.753,0,1,0
TXN103994,8.85,16,5.04,38.26,0,0.239,0,0,0
TXN103995,26.28,18,1.88,257.53,0,0.611,0,0,0
TXN103996,33.88,10,7.91,250.63,1,0.308,0,1,0
TXN103997,78.95,14,9.37,189.22,0,0.319,0,1,0
TXN103998,126.95,11,4.61,61.17,0,0.264,0,1,0
TXN103999,1.6,4,10.01,168.53,0,0.149,0,1,0
TXN104000,131.65,17,1.86,13.49,0,0.18,0,1,0
TXN104001,53.65,19,3.57,130.32,0,0.136,0,0,0
TXN104002,75.82,9,0.59,56.02,0,0.211,0,1,0
TXN104003,121.76,3,15.37,200.88,0,0.33,0,0,0
TXN104004,41.91,22,1.45,637.19,0,0.453,0,0,0
TXN104005,114.03,18,16.35,190.84,0,0.584,1,0,0
TXN104006,15.03,12,9.77,233.99,1,0.109,0,1,0
TXN104007,166.28,8,0.09,411.43,0,0.224,0,1,0
TXN104008,29.09,14,1.58,54.64,0,0.388,0,1,0
TXN104009,105.81,9,17.32,107.6,0,0.255,0,1,0
TXN104010,95.18,19,2.05,51.37,0,0.109,0,1,0
TXN104011,69.51,15,14.57,304.3,0,0.05,0,1,0
TXN104012,42.95,10,8.8,288.14,0,0.455,0,1,0
TXN104013,83.55,10,1.33,35.98,0,0.297,0,1,0
TXN104014,12.0,9,7.96,87.74,1,0.074,0,1,0
TXN104015,210.54,12,18.66,340.64,0,0.7,0,1,0
TXN104016,84.2,7,5.73,473.15,0,0.403,0,1,0
TXN104017,189.48539723791887,5,31.190220459744733,381.84,0,0.5713855548328903,0,1,0
TXN104018,52.53,22,6.29,457.4,0,0.418,0,1,0
TXN104019,32.17,18,12.78,116.82,0,0.252,0,0,0
TXN104020,24.21,15,2.64,97.13,0,0.153,1,1,0
TXN104021,436.13,10,185.28,1.35,5,0.328,1,0,1
TXN104022,149.64,8,18.94,75.75,0,0.331,0,1,0
TXN104023,170.69,22,9.41,105.72,0,0.119,0,1,0
TXN104024,98.17,19,3.12,138.71,0,0.494,0,1,0
TXN104025,65.51,10,15.96,6.52,0,0.098,0,1,0
TXN104026,74.24,4,23.93,62.33,0,0.373,0,1,0
TXN104027,24.62,18,4.25,287.85,1,0.234,0,1,0
TXN104028,51.67,17,10.47,123.23,1,0.254,0,1,0
TXN104029,73.97,6,3.39,122.82,0,0.294,0,1,0
TXN104030,39.42,19,2.57,231.4,0,0.388,0,1,0
TXN104031,59.39,22,11.76,39.73,0,0.367,0,1,0
TXN104032,119.81,12,5.45,41.54,0,0.272,0,1,0
TXN104033,226.56239599377153,3,14.793740988242408,748.08,0,0.6166502106538053,0,1,0
TXN104034,72.97,10,12.04,75.25,1,0.645,0,1,0
TXN104035,104.24,11,10.37,0.18,0,0.344,0,1,0
TXN104036,101.34,15,10.52,124.31,0,0.118,0,0,0
TXN104037,88.49,13,24.67,96.37,0,0.257,0,1,0
TXN104038,75.71,12,1.57,5.22,0,0.512,0,1,0
TXN104039,23.04,19,8.11,92.47,0,0.292,0,0,0
TXN104040,78.66,11,2.91,97.55,0,0.252,0,1,0
TXN104041,6.19,15,1.21,411.32,0,0.148,0,1,0
TXN104042,83.52038982046042,9,36.749699813503945,70.71,0,0.7080122213776301,0,1,0
TXN104043,35.02,10,5.12,157.05,0,0.266,0,1,0
TXN104044,30.41,11,6.67,83.65,1,0.441,0,1,0
TXN104045,385.26,0,192.44,3.15,5,0.792,1,0,1
TXN104046,85.66,19,10.51,42.56,0,0.422,0,0,0
TXN104047,49.64,12,10.73,1.24,1,0.417,0,1,0
TXN104048,116.87,8,28.16,239.71,0,0.097,0,1,0
TXN104049,34.27,12,5.59,58.35,0,0.182,0,1,0
TXN104050,55.7,13,4.94,49.06,0,0.527,0,1,0
TXN104051,127.69,16,7.63,33.77,0,0.342,0,1,0
TXN104052,60.71,20,17.59,25.95,0,0.082,0,1,0
TXN104053,47.1,18,14.19,34.99,0,0.503,0,0,0
TXN104054,506.51,2,278.86,13.45,3,0.853,1,0,1
TXN104055,30.7,19,4.2,37.32,1,0.641,0,1,0
TXN104056,2.77,17,8.97,35.11,0,0.21,0,1,0
TXN104057,169.44,12,22.94,102.3,0,0.209,0,1,0
TXN104058,177.11092095787558,10,13.83594728943014,141.51,1,0.6391480278837867,0,1,0
TXN104059,70.03,9,1.04,38.79,0,0.479,0,1,0
TXN104060,35.99,6,1.68,62.81,0,0.618,0,1,0
TXN104061,172.65,16,0.17,114.97,0,0.408,0,1,0
TXN104062,38.97,0,7.1,9.79,0,0.518,0,1,0
TXN104063,64.5,10,11.66,21.71,1,0.256,0,1,0
TXN104064,37.01,7,4.69,139.0,0,0.159,0,1,0
TXN104065,16.25,3,5.14,755.41,0,0.398,0,1,0
TXN104066,92.11,9,11.15,424.6,0,0.346,0,1,0
TXN104067,31.27,20,8.69,490.51,0,0.54,0,1,0
TXN104068,15.37,21,16.19,34.59,0,0.604,0,1,0
TXN104069,54.99,20,12.54,125.23,0,0.512,0,0,0
TXN104070,54.04,6,0.35,41.12,0,0.274,0,1,0
TXN104071,25.87,8,21.79,182.79,0,0.333,0,1,0
TXN104072,480.37,20,142.7,4.77,3,0.865,1,0,1
TXN104073,106.08,20,2.33,91.42,0,0.207,0,1,0
TXN104074,13.02,8,11.66,96.43,0,0.27,0,1,0
TXN104075,116.41,11,3.77,136.06,0,0.064,0,1,0
TXN104076,45.86,8,8.59,171.54,1,0.153,0,1,0
TXN104077,53.6,0,16.32,151.07,0,0.212,0,1,0
TXN104078,121.73,11,5.36,47.41,0,0.262,0,1,0
TXN104079,70.5,15,2.67,118.84,0,0.481,0,1,0
TXN104080,96.53,2,144.11,14.39,3,0.859,0,0,1
TXN104081,101.1,19,4.48,128.06,1,0.411,0,1,0
TXN104082,171.0,0,158.9,6.73,1,0.818,1,0,1
TXN104083,105.08,13,10.57,27.19,0,0.283,0,1,0
TXN104084,43.83,18,15.34,199.78,0,0.155,0,1,0
TXN104085,37.82,15,10.44,131.31,0,0.702,0,1,0
TXN104086,116.42,19,0.81,30.75,0,0.521,0,1,0
TXN104087,89.47,18,9.67,278.3,0,0.303,0,1,0
TXN104088,149.3,12,10.48,60.74,0,0.265,1,1,0
TXN104089,853.73,0,56.71,15.38,0,0.815,1,0,1
TXN104090,81.33,20,10.73,153.03,0,0.388,0,1,0
TXN104091,192.7,9,10.6,36.02,0,0.222,0,0,0
TXN104092,43.9,18,13.89,103.12,0,0.06,0,1,0
TXN104093,49.25,18,11.45,23.59,0,0.371,0,1,0
TXN104094,66.09,13,11.72,65.43,0,0.295,0,1,0
TXN104095,18.64,0,7.48,2.54,0,0.096,0,1,0
TXN104096,44.54,14,0.27,285.75,0,0.146,0,0,0
TXN104097,108.08,14,0.77,129.12,0,0.176,0,1,0
TXN104098,77.26,11,10.1,35.27,2,0.044,0,0,0
TXN104099,37.2,5,12.07,27.76,0,0.017,0,0,0
TXN104100,152.81,14,25.53,103.86,0,0.12,0,1,0
TXN104101,25.84,21,13.78,98.13,1,0.305,0,1,0
TXN104102,290.69944136086707,9,76.65651834183627,117.82,0,0.6089283518411801,0,1,0
TXN104103,30.46,23,22.54,53.97,0,0.226,0,0,0
TXN104104,47.76,17,1.52,18.9,1,0.496,0,1,0
TXN104105,38.99,0,12.81,105.7,1,0.229,0,1,0
TXN104106,19.87,17,4.12,28.44,0,0.385,0,1,0
TXN104107,231.61,6,8.2,55.95,1,0.432,0,1,0
TXN104108,37.75,9,3.89,217.79,0,0.107,0,0,0
TXN104109,75.54,10,8.63,93.91,0,0.102,1,1,0
TXN104110,102.95,19,8.99,63.31,0,0.247,0,0,0
TXN104111,207.62,6,6.65,323.27,0,0.136,0,0,0
TXN104112,31.01,17,2.75,199.55,0,0.301,0,1,0
TXN104113,142.42,22,5.91,99.01,0,0.176,0,1,0
TXN104114,114.84,17,3.73,109.7,0,0.548,0,0,0
TXN104115,160.8112664974555,13,45.2686646785329,46.18,0,0.7030937739456085,0,0,0
TXN104116,32.02,23,8.06,168.68,0,0.04,0,1,0
TXN104117,42.68,1,9.22,67.92,0,0.509,0,1,0
TXN104118,87.26,13,1.11,37.73,1,0.119,1,1,0
TXN104119,41.75,19,5.96,135.6,0,0.495,0,1,0
TXN104120,58.32,8,6.16,200.38,0,0.205,0,1,0
TXN104121,65.23,20,13.19,54.61,0,0.11,0,1,0
TXN104122,106.26,10,5.3,27.36,0,0.704,0,1,0
TXN104123,45.75,19,1.66,52.24,0,0.126,0,1,0
TXN104124,65.43,20,3.0,107.36,0,0.335,0,0,0
TXN104125,49.93,13,4.6,527.24,0,0.168,0,1,0
TXN104126,99.82,4,3.01,56.88,0,0.092,0,1,0
TXN104127,184.72759258246262,8,220.3572501256051,136.39,0,0.5158259845707983,0,1,0
TXN104128,21.72,4,316.92,0.67,7,0.541,0,0,1
TXN104129,46.26,2,8.38,137.19,0,0.478,0,1,0
TXN104130,125.8,18,6.01,43.87,0,0.217,0,1,0
TXN104131,104.79,22,9.33,63.96,0,0.421,0,1,0
TXN104132,14.01,20,5.69,109.06,0,0.228,1,0,0
TXN104133,26.31,18,10.49,433.9,0,0.199,0,0,0
TXN104134,70.65,20,0.47,17.17,0,0.026,0,0,0
TXN104135,32.24,11,6.78,16.6,0,0.453,0,1,0
TXN104136,127.64,8,5.39,116.63,0,0.081,0,0,0
TXN104137,5.58,3,9.19,1.06,0,0.092,1,0,0
TXN104138,81.8,17,20.56,393.22,2,0.169,0,1,0
TXN104139,18.22,11,13.39,183.86,1,0.38,0,0,0
TXN104140,99.93,12,2.76,35.33,0,0.422,0,1,0
TXN104141,50.68,20,2.63,128.52,0,0.159,0,1,0
TXN104142,104.17,13,19.52,46.0,0,0.329,0,1,0
TXN104143,12.87,18,10.62,45.43,0,0.314,0,0,0
TXN104144,122.33,8,20.64,120.14,0,0.079,0,1,0
TXN104145,76.27,15,1.8,66.97,0,0.094,0,1,0
TXN104146,104.19,13,6.05,2.65,0,0.142,0,1,0
TXN104147,38.51,12,2.8,268.04,2,0.198,0,1,0
TXN104148,87.73,7,8.25,52.95,0,0.206,0,1,0
TXN104149,143.48,16,0.3,294.37,0,0.193,0,0,0
TXN104150,42.43,1,42.21,254.35,0,0.355,0,0,0
TXN104151,174.75,1,6.53,181.56,0,0.627,0,0,0
TXN104152,710.3665079549548,9,59.30880108659958,3.64,0,0.7807257748119008,0,1,0
TXN104153,143.66,11,11.79,89.26,0,0.502,0,1,0
TXN104154,125.2,8,13.41,82.48,0,0.186,0,1,0
TXN104155,57.01,9,6.63,5.91,0,0.147,0,1,0
TXN104156,28.26,7,7.11,4.12,0,0.457,0,0,0
TXN104157,87.62,10,0.79,50.29,0,0.04,0,0,0
TXN104158,49.17,19,10.89,416.1,1,0.448,0,1,0
TXN104159,58.49,11,9.45,254.79,2,0.235,1,0,0
TXN104160,43.92,15,6.9,83.57,0,0.702,0,0,0
TXN104161,4.61,11,2.96,194.83,0,0.331,0,0,0
TXN104162,71.23,20,7.29,73.69,1,0.593,0,1,0
TXN104163,58.91,14,3.03,392.29,1,0.285,0,0,0
TXN104164,80.78,9,4.82,136.62,0,0.337,0,1,0
TXN104165,90.28,19,25.97,123.92,1,0.34,0,1,0
TXN104166,156.2,7,7.87,41.73,0,0.133,0,1,0
TXN104167,33.25,1,6.13,76.54,2,0.197,0,1,0
TXN104168,27.01,17,21.11,167.56,1,0.623,0,1,0
TXN104169,32.42,3,4.66,22.18,0,0.369,0,1,0
TXN104170,107.76,15,13.23,71.5,0,0.047,0,1,0
TXN104171,33.18,13,3.99,61.45,0,0.646,0,1,0
TXN104172,277.57,8,13.47,92.1,0,0.545,0,1,0
TXN104173,57.65,22,1.25,88.55,0,0.135,0,1,0
TXN104174,85.76,17,2.8,115.98,0,0.062,0,1,0
TXN104175,52.3,14,9.67,51.24,0,0.259,0,0,0
TXN104176,71.8,10,4.4,16.59,1,0.559,1,1,0
TXN104177,70.06,9,17.39,5.1,0,0.328,0,0,0
TXN104178,94.5,9,3.68,94.35,0,0.093,0,1,0
TXN104179,83.61,16,12.04,15.73,0,0.092,0,1,0
TXN104180,37.96,15,7.53,25.89,1,0.064,0,1,0
TXN104181,49.71,14,10.51,270.1,0,0.134,0,1,0
TXN104182,40.12,13,12.26,220.04,1,0.727,0,1,0
TXN104183,71.62,19,3.12,16.71,0,0.35,0,1,0
TXN104184,10.08,10,13.6,168.22,0,0.292,0,1,0
TXN104185,82.71,9,6.82,285.98,0,0.285,0,1,0
TXN104186,259.38,11,64.46,7.32,7,0.708,1,0,1
TXN104187,62.26,13,8.57,255.07,0,0.301,0,1,0
TXN104188,21.26,12,10.23,35.04,1,0.559,0,1,0
TXN104189,15.16,11,3.8,92.85,0,0.435,0,1,0
TXN104190,49.15,10,8.21,30.57,1,0.147,1,1,0
TXN104191,63.2,12,1.49,91.19,0,0.596,0,1,0
TXN104192,36.18,18,2.03,81.39,0,0.058,0,0,0
TXN104193,93.14,6,24.74,262.87,1,0.41,0,1,0
TXN104194,20.77,0,14.26,188.77,0,0.677,0,0,0
TXN104195,41.71,6,22.23,87.77,0,0.255,0,0,0
TXN104196,80.69,20,1.01,31.03,0,0.088,0,1,0
TXN104197,243.52866000406732,9,92.41163059789885,112.96,1,0.7366466425876017,0,0,0
TXN104198,46.71,10,19.18,23.99,0,0.154,0,1,0
TXN104199,87.46,1,0.89,32.95,0,0.069,0,1,0
TXN104200,94.08,2,13.76,15.15,0,0.255,0,1,0
TXN104201,244.12320788513094,23,76.3238768271816,125.07,0,0.5917661681309782,0,1,0
TXN104202,209.24,5,3.16,196.29,0,0.441,0,1,0
TXN104203,29.83,16,4.8,42.8,0,0.236,0,1,0
TXN104204,132.46,17,13.04,150.52,1,0.12,0,0,0
TXN104205,113.5,9,82.4,1.85,6,0.496,1,0,1
TXN104206,16.65,13,1.38,155.3,1,0.287,0,1,0
TXN104207,188.08,16,10.63,53.46,0,0.102,0,1,0
TXN104208,47.28,18,0.65,150.97,1,0.083,0,1,0
TXN104209,29.54,17,4.46,221.96,1,0.36,1,1,0
TXN104210,145.31,8,3.43,8.11,0,0.289,0,1,0
TXN104211,245.52,12,1.25,95.37,0,0.311,0,1,0
TXN104212,5.85,3,23.79,172.91,0,0.391,0,1,0
TXN104213,34.28,10,5.21,232.68,0,0.466,0,1,0
TXN104214,18.63,11,0.86,520.2,1,0.224,0,1,0
TXN104215,606.5149123993929,5,218.6271754319555,230.08,2,0.5213838384103024,0,1,0
TXN104216,212.0,1,274.21,3.35,5,0.772,1,0,1
TXN104217,56.61,5,7.67,118.6,0,0.428,0,1,0
TXN104218,118.91,12,23.5,11.77,0,0.3,0,1,0
TXN104219,81.76,14,16.24,2.89,0,0.065,0,1,0
TXN104220,117.37,11,3.17,41.45,1,0.658,0,1,0
TXN104221,59.29,15,15.26,17.17,0,0.489,0,1,0
TXN104222,96.79,15,1.18,27.42,0,0.661,0,1,0
TXN104223,57.79,15,3.23,7.32,0,0.315,0,0,0
TXN104224,36.56,5,4.36,279.56,0,0.14,0,1,0
TXN104225,35.79,20,2.52,200.23,1,0.226,0,1,0
TXN104226,27.54,11,9.01,38.72,0,0.537,0,1,0
TXN104227,13.09,14,5.9,50.82,0,0.078,0,1,0
TXN104228,34.41,19,1.4,87.26,0,0.162,0,1,0
TXN104229,233.3058397304806,14,2.890643945473542,264.54,0,0.7308302911380282,0,1,0
TXN104230,44.5,18,0.24,43.16,0,0.228,0,0,0
TXN104231,33.35,15,5.44,287.19,0,0.571,0,1,0
TXN104232,106.7,14,0.9,17.2,1,0.104,0,1,0
TXN104233,97.27,2,4.38,75.68,0,0.223,0,1,0
TXN104234,74.47,20,9.19,81.38,3,0.142,0,1,0
TXN104235,299.48,13,5.85,32.37,0,0.395,0,1,0
TXN104236,56.5,18,4.89,57.18,0,0.227,0,1,0
TXN104237,82.01,22,1.65,8.45,0,0.139,0,1,0
TXN104238,23.41,2,2.92,266.53,0,0.297,0,1,0
TXN104239,54.01,1,2.31,15.52,0,0.225,0,0,0
TXN104240,29.46,16,5.33,206.44,1,0.072,1,1,0
TXN104241,30.14,19,6.21,168.23,0,0.036,0,1,0
TXN104242,54.64,15,7.39,34.28,0,0.209,0,1,0
TXN104243,41.67,9,2.58,193.77,0,0.25,0,1,0
TXN104244,67.09,8,8.09,53.3,1,0.184,0,1,0
TXN104245,86.01,16,1.17,82.45,0,0.171,0,0,0
TXN104246,26.79,20,3.55,66.0,1,0.22,0,1,0
TXN104247,198.56,0,6.89,30.39,0,0.161,0,1,0
TXN104248,32.27,10,9.37,274.81,0,0.122,0,1,0
TXN104249,90.39,5,0.62,84.7,1,0.196,0,1,0
TXN104250,20.71,13,4.03,79.35,0,0.56,0,1,0
TXN104251,85.8,22,13.38,32.99,0,0.351,0,1,0
TXN104252,69.45,10,1.31,78.94,0,0.214,0,0,0
TXN104253,68.65,9,3.58,295.42,0,0.043,0,0,0
TXN104254,124.79,19,5.36,168.5,1,0.256,0,1,0
TXN104255,10.45,18,3.35,69.44,0,0.465,1,0,0
TXN104256,22.01,3,2.35,74.12,0,0.074,0,1,0
TXN104257,31.36,23,0.95,8.06,0,0.465,0,0,0
TXN104258,30.73,12,8.52,59.01,0,0.357,0,1,0
TXN104259,232.47,5,12.8,232.43,0,0.552,0,1,0
TXN104260,27.47,18,6.57,94.9,2,0.18,0,0,0
TXN104261,123.82,9,3.63,56.11,0,0.181,0,0,0
TXN104262,35.46,16,7.92,191.1,0,0.37,0,1,0
TXN104263,34.48,0,7.29,21.5,0,0.275,1,0,0
TXN104264,2.93,18,19.96,68.71,0,0.251,0,1,0
TXN104265,6.75,4,3.62,35.57,0,0.243,0,0,0
TXN104266,72.38,15,27.89,21.28,0,0.158,0,1,0
TXN104267,28.27,9,5.56,44.22,2,0.429,0,0,0
TXN104268,37.17,21,11.83,82.21,0,0.475,0,1,0
TXN104269,371.21,0,31.24,6.41,3,0.396,0,0,1
TXN104270,111.18,17,7.14,65.65,0,0.281,0,1,0
TXN104271,114.18,15,3.47,15.48,0,0.184,0,1,0
TXN104272,204.42,19,3.55,22.15,0,0.27,0,1,0
TXN104273,66.68,1,19.24,4.55,0,0.278,0,1,0
TXN104274,24.79,14,15.42,80.0,0,0.59,0,1,0
TXN104275,27.26,10,14.78,275.35,0,0.096,0,1,0
TXN104276,292.28,9,15.01,207.28,0,0.222,0,0,0
TXN104277,13.95,11,14.24,60.92,0,0.252,0,1,0
TXN104278,51.25,0,17.5,31.89,2,0.305,0,1,0
TXN104279,95.03,8,3.26,280.68,0,0.386,0,1,0
TXN104280,81.73,8,3.66,18.25,0,0.408,0,1,0
TXN104281,71.02,13,7.7,69.03,1,0.5,0,1,0
TXN104282,98.41,19,2.33,55.66,1,0.415,0,1,0
TXN104283,161.17,11,14.3,359.73,0,0.362,0,1,0
TXN104284,65.55,17,6.85,40.63,0,0.164,0,1,0
TXN104285,13.58,18,0.34,159.11,0,0.273,0,1,0
TXN104286,33.63,18,4.77,52.56,0,0.636,0,1,0
TXN104287,61.4,11,1.42,97.66,1,0.242,0,1,0
TXN104288,26.52,21,7.67,95.16,0,0.37,0,1,0
TXN104289,61.41,8,8.59,145.3,0,0.401,0,1,0
TXN104290,30.2,13,3.32,26.25,0,0.282,0,1,0
TXN104291,144.49,22,13.91,72.82,0,0.055,0,1,0
TXN104292,36.72,20,7.34,156.7,0,0.284,0,1,0
TXN104293,106.08,20,0.92,124.9,0,0.167,0,1,0
TXN104294,53.65,14,1.82,218.91,0,0.515,1,1,0
TXN104295,9.97,10,5.61,187.33,1,0.422,0,1,0
TXN104296,71.69,13,5.36,32.93,1,0.139,0,1,0
TXN104297,97.73,9,0.74,287.4,0,0.186,0,1,0
TXN104298,3.1,6,15.95,351.45,0,0.259,0,0,0
TXN104299,63.78,8,4.01,137.14,0,0.307,0,1,0
TXN104300,61.99466333444963,12,189.12385457489805,209.3,0,0.6932232473071649,0,0,0
TXN104301,245.93018658240587,18,80.06835263273662,27.91,1,0.5747837312737095,0,1,0
TXN104302,105.7,10,7.61,4.19,0,0.382,0,0,0
TXN104303,52.47,6,6.49,176.46,2,0.237,0,0,0
TXN104304,63.88,17,8.51,58.38,2,0.103,0,1,0
TXN104305,78.49,9,1.35,7.23,0,0.684,1,1,0
TXN104306,69.25,10,3.5,125.53,0,0.478,1,1,0
TXN104307,13.13,3,8.49,118.47,0,0.153,0,1,0
TXN104308,146.52,22,2.3,114.13,0,0.296,0,0,0
TXN104309,35.83,11,22.29,553.36,0,0.276,0,0,0
TXN104310,12.76,6,8.16,505.82,0,0.25,0,1,0
TXN104311,36.26,12,14.73,48.69,0,0.146,0,1,0
TXN104312,88.36,1,1.48,104.74,3,0.096,0,1,0
TXN104313,246.22,8,7.01,404.93,0,0.113,0,0,0
TXN104314,76.86,17,8.61,146.27,0,0.315,0,0,0
TXN104315,44.79,15,4.45,26.89,0,0.338,0,1,0
TXN104316,127.16,9,0.07,66.92,0,0.537,0,1,0
TXN104317,181.48,13,5.49,15.93,0,0.194,1,1,0
TXN104318,70.6,15,13.69,417.77,1,0.496,0,0,0
TXN104319,27.16,19,24.54,27.44,0,0.455,0,1,0
TXN104320,113.69,11,2.52,18.42,0,0.138,0,1,0
TXN104321,4.62,21,21.91,163.67,0,0.1,0,1,0
TXN104322,129.35,8,13.33,320.16,0,0.027,1,1,0
TXN104323,66.8380497502935,15,31.732027094236347,17.39,0,0.7614931790823503,0,1,0
TXN104324,176.67,18,8.84,167.04,0,0.106,0,1,0
TXN104325,256.01,13,12.31,404.76,0,0.021,0,1,0
TXN104326,37.52,16,2.35,144.22,0,0.221,0,1,0
TXN104327,163.98,3,15.28,102.64,0,0.527,0,1,0
TXN104328,50.52,15,7.89,34.79,0,0.203,0,1,0
TXN104329,16.49,20,1.08,64.12,0,0.365,0,0,0
TXN104330,140.0,14,2.6,103.65,0,0.354,0,1,0
TXN104331,119.08,23,0.61,17.36,0,0.17,0,1,0
TXN104332,266.81035340805107,9,62.06251799489508,18.83,1,0.6160015208543805,0,1,0
TXN104333,38.56,4,6.48,138.85,1,0.315,1,1,0
TXN104334,170.27,15,7.31,52.24,1,0.48,0,1,0
TXN104335,24.87,16,2.76,10.59,0,0.378,0,1,0
TXN104336,203.97,22,7.27,26.71,0,0.191,0,1,0
TXN104337,63.42,14,10.81,19.32,0,0.232,0,1,0
TXN104338,38.53,14,1.27,28.38,0,0.621,0,1,0
TXN104339,89.76,15,2.6,102.64,1,0.524,0,1,0
TXN104340,67.88,14,10.15,55.65,0,0.279,0,0,0
TXN104341,117.18,23,6.27,82.3,1,0.35,0,1,0
TXN104342,39.97,15,1.62,455.6,1,0.039,0,1,0
TXN104343,53.98,14,10.28,294.26,1,0.132,0,1,0
TXN104344,171.5,12,9.53,215.45,1,0.178,0,0,0
TXN104345,48.91,4,3.26,193.13,0,0.079,1,1,0
TXN104346,140.71,13,4.64,20.61,0,0.615,0,1,0
TXN104347,150.48,15,9.45,174.19,1,0.093,0,1,0
TXN104348,79.84,8,1.26,187.11,0,0.353,0,0,0
TXN104349,49.41,18,5.07,1.53,0,0.169,0,1,0
TXN104350,92.2,23,4.78,70.12,0,0.293,0,1,0
TXN104351,40.41,12,2.93,77.28,0,0.205,0,1,0
TXN104352,23.4,2,4.83,24.76,0,0.433,0,1,0
TXN104353,32.62,12,6.18,131.03,0,0.526,0,1,0
TXN104354,43.44,20,5.77,127.49,1,0.2,0,1,0
TXN104355,20.99,18,14.15,196.73,0,0.447,0,1,0
TXN104356,88.83,10,15.75,1.94,0,0.326,0,1,0
TXN104357,132.29,5,7.78,50.46,0,0.287,0,1,0
TXN104358,93.88,12,4.21,72.98,0,0.111,0,1,0
TXN104359,53.87,2,25.48,21.88,0,0.543,0,1,0
TXN104360,96.83,11,9.46,125.37,0,0.104,0,1,0
TXN104361,186.70468555052483,19,79.30153565478076,171.39,0,0.52277115260211,0,1,0
TXN104362,97.09,19,13.34,8.91,1,0.736,0,1,0
TXN104363,46.43,19,8.82,253.07,0,0.471,0,1,0
TXN104364,59.86,11,8.97,0.07,0,0.247,1,1,0
TXN104365,50.45,1,1.21,49.26,0,0.189,0,1,0
TXN104366,54.76,7,12.51,58.61,0,0.161,0,0,0
TXN104367,64.61,9,4.37,109.42,0,0.265,0,1,0
TXN104368,54.48,11,11.18,16.23,0,0.142,0,1,0
TXN104369,22.21,3,13.16,112.32,0,0.162,0,1,0
TXN104370,13.97,2,2.71,6.92,0,0.495,0,1,0
TXN104371,121.25,19,1.42,51.76,1,0.196,0,1,0
TXN104372,33.04,8,17.75,196.85,0,0.218,0,1,0
TXN104373,185.48,11,2.34,63.12,0,0.332,0,1,0
TXN104374,36.94,16,2.53,294.96,0,0.581,0,1,0
TXN104375,55.34,18,1.59,115.91,1,0.368,0,1,0
TXN104376,54.12,14,9.58,38.64,0,0.175,0,1,0
TXN104377,110.82,8,20.25,377.3,0,0.166,0,0,0
TXN104378,34.08,21,22.04,45.46,1,0.132,0,1,0
TXN104379,136.46,11,3.32,51.43,1,0.51,0,1,0
TXN104380,32.48,0,7.45,34.21,1,0.295,0,1,0
TXN104381,136.86,20,2.32,4.23,0,0.569,0,1,0
TXN104382,23.74,18,22.87,22.41,0,0.109,0,0,0
TXN104383,69.34,14,6.95,153.48,0,0.289,0,1,0
TXN104384,191.25930985352437,1,75.6300593048799,575.39,0,0.7493985320614922,0,1,0
TXN104385,37.91,20,6.02,101.01,0,0.358,0,1,0
TXN104386,15.23,6,6.31,192.98,1,0.29,0,1,0
TXN104387,41.32,16,2.51,257.46,1,0.141,0,1,0
TXN104388,56.82,9,7.45,63.24,0,0.245,0,1,0
TXN104389,152.72,1,4.61,22.26,1,0.133,0,1,0
TXN104390,22.85,10,3.88,207.29,0,0.147,0,1,0
TXN104391,243.85,15,0.21,7.77,0,0.129,0,1,0
TXN104392,23.24,18,18.95,58.17,0,0.241,0,1,0
TXN104393,60.04,13,4.18,38.92,1,0.387,0,1,0
TXN104394,93.21,23,6.92,29.46,0,0.107,0,1,0
TXN104395,54.36,17,1.33,43.64,0,0.236,0,1,0
TXN104396,58.91,16,21.42,82.09,0,0.328,0,1,0
TXN104397,10.21,4,7.33,95.36,0,0.328,0,1,0
TXN104398,167.42,16,6.06,331.55,1,0.386,0,0,0
TXN104399,39.45,12,6.16,70.49,1,0.499,0,1,0
TXN104400,98.92,14,3.76,36.6,0,0.471,0,1,0
TXN104401,7.44,19,7.84,9.54,0,0.223,0,1,0
TXN104402,217.33,20,6.26,18.06,0,0.238,0,1,0
TXN104403,45.53,0,14.28,88.66,0,0.039,0,1,0
TXN104404,46.69,1,30.49,25.92,0,0.298,0,1,0
TXN104405,72.04,4,3.18,29.78,0,0.311,0,0,0
TXN104406,121.82,21,8.18,321.67,0,0.135,1,1,0
TXN104407,103.46483485265973,20,145.10526145266869,256.5,0,0.5262413443241765,0,1,0
TXN104408,181.16,13,4.91,57.1,0,0.066,0,1,0
TXN104409,276.18151429729096,11,45.83314849799917,24.2,2,0.6781497148322256,0,1,0
TXN104410,747.73,0,814.15,9.06,5,0.828,1,1,1
TXN104411,26.93,8,5.12,19.95,2,0.133,0,1,0
TXN104412,65.77,20,3.69,77.85,0,0.164,0,1,0
TXN104413,98.21,14,1.97,60.88,0,0.148,0,1,0
TXN104414,34.99,8,4.9,86.52,1,0.087,0,0,0
TXN104415,64.76,15,3.38,44.89,0,0.345,0,0,0
TXN104416,50.45,10,6.1,227.24,0,0.321,0,0,0
TXN104417,134.42,14,3.32,14.56,1,0.517,0,1,0
TXN104418,108.54,8,4.58,74.97,0,0.113,0,0,0
TXN104419,27.76,8,0.8,134.95,0,0.016,0,1,0
TXN104420,17.69,15,34.59,509.83,0,0.373,0,1,0
TXN104421,44.72,13,4.81,46.93,0,0.406,0,1,0
TXN104422,84.06,14,3.83,323.52,0,0.134,0,1,0
TXN104423,167.93,21,11.72,88.22,0,0.213,0,1,0
TXN104424,10.88,22,2.79,47.13,1,0.223,0,1,0
TXN104425,73.13,12,13.31,149.11,0,0.384,0,1,0
TXN104426,56.4,10,1.85,37.23,0,0.105,0,1,0
TXN104427,130.6,19,9.34,65.07,1,0.087,0,1,0
TXN104428,104.37,18,4.76,22.55,0,0.358,0,0,0
TXN104429,37.4,18,6.09,233.11,0,0.45,0,1,0
TXN104430,134.1,16,5.53,115.0,0,0.562,0,1,0
TXN104431,28.26,10,12.32,62.55,0,0.416,0,1,0
TXN104432,31.12,12,11.68,12.73,0,0.041,0,1,0
TXN104433,56.95,18,9.37,93.87,0,0.443,0,1,0
TXN104434,107.04,17,5.68,56.66,0,0.369,0,1,0
TXN104435,101.63,10,0.81,133.23,0,0.227,0,1,0
TXN104436,84.33,12,4.2,18.15,1,0.442,0,1,0
TXN104437,21.43,6,4.53,192.17,0,0.427,0,1,0
TXN104438,143.7,10,9.61,10.11,3,0.323,0,1,0
TXN104439,70.58,15,8.19,215.07,0,0.626,0,1,0
TXN104440,51.29,10,11.66,21.12,0,0.133,0,1,0
TXN104441,13.8,11,3.95,4.41,0,0.305,0,1,0
TXN104442,31.25,11,26.53,57.04,0,0.858,0,1,0
TXN104443,306.82,2,307.31,1.41,4,0.457,0,0,1
TXN104444,19.22,11,5.97,331.87,0,0.398,0,1,0
TXN104445,196.41,2,180.22,0.65,5,0.874,1,0,1
TXN104446,34.89,11,0.94,141.67,0,0.481,0,1,0
TXN104447,26.57,14,4.85,5.5,1,0.378,0,1,0
TXN104448,52.99,18,5.82,43.81,0,0.411,0,1,0
TXN104449,31.08,18,2.93,136.58,0,0.223,0,1,0
TXN104450,29.82,15,11.54,343.55,0,0.094,0,1,0
TXN104451,179.01,15,1.68,97.99,0,0.388,1,1,0
TXN104452,137.57,17,0.41,1.8,0,0.193,0,1,0
TXN104453,19.22,17,2.65,52.43,0,0.075,0,0,0
TXN104454,265.08,9,7.82,152.38,0,0.443,0,1,0
TXN104455,16.55,11,0.93,144.68,0,0.365,0,0,0
TXN104456,214.98,6,10.5,158.11,0,0.467,1,1,0
TXN104457,38.88,1,14.33,59.31,0,0.082,0,1,0
TXN104458,103.49,14,2.93,196.26,0,0.063,0,1,0
TXN104459,112.64,16,11.67,103.81,0,0.175,0,1,0
TXN104460,82.31,5,15.81,209.88,0,0.42,0,1,0
TXN104461,60.22,16,10.76,9.36,0,0.664,0,1,0
TXN104462,16.27,11,0.22,115.01,0,0.685,0,1,0
TXN104463,15.65,8,8.27,25.63,0,0.625,0,1,0
TXN104464,59.86,10,6.6,51.3,1,0.176,0,1,0
TXN104465,99.77,12,2.29,319.93,0,0.228,0,1,0
TXN104466,126.95,21,8.49,12.84,0,0.126,0,0,0
TXN104467,34.37,2,4.36,17.25,0,0.311,0,1,0
TXN104468,44.0,5,16.17,31.24,0,0.195,0,1,0
TXN104469,37.49,6,8.65,22.04,0,0.171,0,1,0
TXN104470,23.68,13,15.48,318.81,0,0.074,0,1,0
TXN104471,129.88,7,1.93,27.44,0,0.29,0,1,0
TXN104472,74.68,13,2.1,138.29,0,0.27,0,0,0
TXN104473,60.42,10,1.61,93.27,1,0.494,0,0,0
TXN104474,83.38,11,3.15,182.37,0,0.352,0,1,0
TXN104475,101.65,11,0.8,18.37,1,0.331,0,0,0
TXN104476,20.04,17,0.5,178.35,0,0.088,0,1,0
TXN104477,23.47,3,2.79,19.26,0,0.257,0,1,0
TXN104478,58.69,8,4.69,414.01,0,0.09,0,1,0
TXN104479,64.27,8,18.12,78.4,0,0.186,0,1,0
TXN104480,49.55,7,6.2,5.18,0,0.223,0,1,0
TXN104481,153.34,5,13.55,0.44,0,0.302,0,1,0
TXN104482,149.0,20,3.55,127.41,0,0.293,0,1,0
TXN104483,34.32,20,1.26,36.54,0,0.187,0,1,0
TXN104484,55.63,20,0.71,16.37,0,0.217,0,0,0
TXN104485,33.94,7,10.81,11.9,0,0.42,0,1,0
TXN104486,47.21,12,6.47,13.82,1,0.555,0,0,0
TXN104487,90.75,4,4.77,46.93,1,0.383,0,1,0
TXN104488,155.88,0,5.99,226.94,1,0.264,0,1,0
TXN104489,56.39,20,9.27,93.22,0,0.467,1,1,0
TXN104490,26.1,17,6.26,11.32,0,0.241,0,1,0
TXN104491,39.4,17,2.19,201.24,1,0.254,0,1,0
TXN104492,131.2,8,7.67,38.37,2,0.374,0,1,0
TXN104493,43.98,0,4.98,209.73,0,0.188,0,0,0
TXN104494,138.9714149066211,15,36.240833493818855,58.95,0,0.7994440435623635,0,1,0
TXN104495,72.99,16,21.22,243.33,0,0.088,0,1,0
TXN104496,19.25,12,0.53,263.74,0,0.286,0,1,0
TXN104497,50.75,12,5.19,249.19,1,0.31,0,1,0
TXN104498,124.44,17,12.79,75.88,0,0.388,0,0,0
TXN104499,105.31,9,10.4,486.1,0,0.166,0,1,0
TXN104500,159.24,8,5.97,3.34,0,0.218,1,1,0
TXN104501,50.72,13,3.7,1.42,0,0.473,0,1,0
TXN104502,173.96,19,0.83,58.73,1,0.243,0,1,0
TXN104503,181.52,22,4.68,67.24,0,0.255,0,0,0
TXN104504,161.03,11,3.45,93.98,0,0.423,0,1,0
TXN104505,5.64,9,6.88,271.15,0,0.22,0,1,0
TXN104506,24.94,16,14.59,38.85,0,0.337,0,0,0
TXN104507,74.27,22,2.53,15.98,0,0.428,1,1,0
TXN104508,91.75,19,5.73,23.47,0,0.392,0,1,0
TXN104509,55.17,18,9.98,127.94,0,0.178,0,1,0
TXN104510,82.59,12,18.36,137.97,0,0.187,0,1,0
TXN104511,48.4,19,7.07,93.71,0,0.367,0,1,0
TXN104512,201.17,8,14.85,46.17,0,0.141,0,1,0
TXN104513,31.67,20,3.89,27.02,0,0.252,0,0,0
TXN104514,34.06,9,0.63,32.28,1,0.245,0,1,0
TXN104515,30.97,22,5.6,54.17,1,0.419,0,1,0
TXN104516,121.07,12,14.39,115.59,0,0.397,0,1,0
TXN104517,58.2,15,5.5,4.16,1,0.095,0,1,0
TXN104518,68.37,17,6.03,33.17,1,0.145,1,1,0
TXN104519,137.52,3,7.44,94.36,0,0.367,0,1,0
TXN104520,49.57,18,17.26,199.06,1,0.126,0,1,0
TXN104521,17.92,17,2.08,61.32,0,0.274,0,1,0
TXN104522,39.22,10,11.29,61.33,1,0.266,0,1,0
TXN104523,29.42,19,5.84,24.88,0,0.131,0,1,0
TXN104524,66.74,5,2.88,21.89,0,0.573,0,0,0
TXN104525,62.11,19,13.82,233.29,0,0.168,0,0,0
TXN104526,299.34,10,1.08,19.13,0,0.369,0,0,0
TXN104527,173.52,7,20.31,131.27,1,0.213,0,1,0
TXN104528,38.3,11,16.55,159.81,0,0.193,0,1,0
TXN104529,210.36218895604887,12,112.69927480497127,25.01,0,0.6726134101770138,1,1,0
TXN104530,15.58,1,12.3,35.25,0,0.577,0,1,0
TXN104531,59.73,9,7.16,17.59,0,0.545,0,1,0
TXN104532,6.98,8,8.78,322.3,1,0.25,0,1,0
TXN104533,232.95,4,169.94,3.83,6,0.572,1,0,1
TXN104534,35.77,7,3.81,196.06,0,0.346,0,0,0
TXN104535,213.57,16,4.01,7.18,0,0.086,0,1,0
TXN104536,9.17,22,2.81,41.94,0,0.071,0,1,0
TXN104537,165.11,9,25.52,24.96,1,0.282,0,1,0
TXN104538,39.57,12,0.84,125.54,0,0.182,0,0,0
TXN104539,60.38,9,3.27,12.56,0,0.123,0,1,0
TXN104540,27.23,19,3.61,155.82,0,0.187,0,1,0
TXN104541,99.56,9,17.72,129.34,1,0.33,0,1,0
TXN104542,17.62,11,3.02,144.54,1,0.067,0,1,0
TXN104543,121.94,9,6.66,43.33,0,0.136,0,1,0
TXN104544,68.67,13,4.92,57.09,1,0.226,0,1,0
TXN104545,149.13,18,8.1,148.94,1,0.202,0,1,0
TXN104546,164.21,20,262.84,3.79,5,0.757,0,0,1
TXN104547,299.66,12,3.86,65.54,0,0.102,0,0,0
TXN104548,96.1,16,8.19,41.45,0,0.247,0,1,0
TXN104549,122.19,10,5.03,7.67,0,0.252,0,0,0
TXN104550,19.06,9,0.43,115.66,0,0.086,0,1,0
TXN104551,30.05,23,1.74,119.62,0,0.345,0,0,0
TXN104552,31.35,14,4.74,259.91,0,0.192,0,1,0
TXN104553,34.54,13,2.7,47.9,0,0.177,0,1,0
TXN104554,197.22551440332367,8,50.54892344681725,60.69,1,0.7001957182833356,0,1,0
TXN104555,32.28,17,9.81,118.78,2,0.185,0,0,0
TXN104556,21.94,19,2.54,216.05,0,0.274,0,0,0
TXN104557,97.06,4,6.05,704.6,0,0.411,0,0,0
TXN104558,214.23,19,4.54,34.53,1,0.373,0,0,0
TXN104559,80.47,16,8.6,173.91,0,0.223,0,1,0
TXN104560,8.68,16,1.88,21.14,0,0.347,0,1,0
TXN104561,83.38,15,0.99,189.19,0,0.195,0,0,0
TXN104562,99.17,12,4.54,100.59,1,0.27,0,1,0
TXN104563,36.31,9,13.86,241.81,0,0.032,0,1,0
TXN104564,91.9,6,0.9,246.22,0,0.094,0,1,0
TXN104565,79.63,9,3.91,68.07,0,0.571,0,0,0
TXN104566,35.97,10,3.77,69.28,0,0.111,0,0,0
TXN104567,12.8,20,21.62,210.27,0,0.343,0,0,0
TXN104568,36.92,2,5.08,53.77,1,0.376,0,1,0
TXN104569,97.28,13,15.99,0.51,0,0.24,0,0,0
TXN104570,43.9,11,1.76,254.81,0,0.352,0,1,0
TXN104571,34.84,15,2.49,18.9,0,0.255,0,1,0
TXN104572,65.99,19,9.51,8.28,0,0.159,0,1,0
TXN104573,17.9,9,9.22,2.65,0,0.223,0,1,0
TXN104574,27.41,13,9.62,91.33,0,0.529,0,1,0
TXN104575,98.7,17,7.38,55.31,0,0.296,0,0,0
TXN104576,103.39,6,1.49,3.73,0,0.3,0,1,0
TXN104577,158.48,10,14.59,39.08,1,0.471,0,0,0
TXN104578,69.4,20,0.26,187.09,0,0.666,0,1,0
TXN104579,47.59,18,8.79,5.42,1,0.105,0,1,0
TXN104580,36.8,16,14.09,14.68,2,0.507,0,1,0
TXN104581,91.95,6,9.66,2.18,0,0.168,0,1,0
TXN104582,153.58,1,16.31,21.25,0,0.203,0,1,0
TXN104583,882.07,8,166.83,13.06,5,0.842,1,0,1
TXN104584,71.6,9,2.74,55.04,1,0.414,0,1,0
TXN104585,11.34,12,9.48,442.12,0,0.261,0,1,0
TXN104586,42.18,19,4.64,20.99,0,0.209,0,1,0
TXN104587,76.57,15,4.09,9.52,1,0.45,0,1,0
TXN104588,134.87,3,12.37,410.29,0,0.098,0,1,0
TXN104589,73.42,18,5.74,136.07,0,0.123,0,1,0
TXN104590,17.12,12,6.12,29.57,0,0.407,0,1,0
TXN104591,22.96,11,10.99,23.05,0,0.224,0,1,0
TXN104592,75.43,7,12.03,6.36,2,0.111,0,0,0
TXN104593,52.29,16,1.79,99.93,0,0.174,0,1,0
TXN104594,97.02,12,6.7,23.25,0,0.341,0,1,0
TXN104595,36.38,19,18.21,27.23,0,0.168,0,1,0
TXN104596,66.19,12,5.74,493.44,1,0.316,0,0,0
TXN104597,68.85719737564676,15,2.705338118194071,33.73,0,0.6136334551224996,0,1,0
TXN104598,50.8,4,2.91,163.58,1,0.333,0,1,0
TXN104599,163.11,1,4.6,286.25,0,0.343,0,1,0
TXN104600,167.45,8,25.15,239.66,1,0.109,0,1,0
TXN104601,77.68,5,11.06,142.89,0,0.15,1,1,0
TXN104602,87.49,18,19.87,94.91,0,0.149,0,0,0
TXN104603,75.22,19,9.71,87.88,0,0.61,0,1,0
TXN104604,55.05,23,4.5,2.6,0,0.377,1,1,0
TXN104605,49.57,14,1.65,254.32,1,0.068,0,1,0
TXN104606,137.63,17,3.1,122.46,1,0.415,0,1,0
TXN104607,134.94,22,7.3,6.94,0,0.532,0,1,0
TXN104608,66.98,9,5.06,335.5,0,0.365,0,1,0
TXN104609,167.15415145321793,1,212.4185001966044,181.62,0,0.6069655343099627,0,1,0
TXN104610,67.21,15,8.68,48.75,0,0.416,0,0,0
TXN104611,798.39,14,131.6,16.03,4,0.721,1,0,1
TXN104612,41.24,22,24.03,142.34,0,0.325,0,1,0
TXN104613,174.63576293156592,18,30.963197353640652,8.82,0,0.579616216527124,1,0,0
TXN104614,104.9,12,5.48,150.8,0,0.412,0,0,0
TXN104615,76.26,17,11.49,210.69,0,0.127,0,1,0
TXN104616,32.33,0,5.67,262.88,0,0.701,0,1,0
TXN104617,5.18,15,9.14,104.97,1,0.251,1,1,0
TXN104618,142.19,1,1.28,4.16,0,0.57,0,1,0
TXN104619,142.08,16,1.88,0.62,1,0.667,0,1,0
TXN104620,162.5763804254267,12,88.0734079788241,14.63,0,0.5172971697740257,0,0,0
TXN104621,28.28,12,4.7,99.74,0,0.179,0,1,0
TXN104622,884.33,4,111.76,2.86,2,0.675,1,0,1
TXN104623,26.5,14,3.77,12.41,0,0.281,0,1,0
TXN104624,22.26,9,0.73,23.7,0,0.739,0,1,0
TXN104625,221.16437946768062,21,58.03120297028028,271.19,0,0.6890227990331452,0,1,0
TXN104626,51.3,18,11.23,132.89,0,0.273,0,1,0
TXN104627,72.83,10,8.81,118.65,1,0.451,0,1,0
TXN104628,36.81,17,2.57,111.49,0,0.255,0,1,0
TXN104629,32.95,10,10.86,52.48,0,0.19,0,1,0
TXN104630,8.96,11,3.18,5.21,0,0.038,0,1,0
TXN104631,18.57,17,1.03,35.2,2,0.163,0,1,0
TXN104632,192.48,14,5.0,37.46,0,0.345,0,1,0
TXN104633,39.61,20,2.75,234.13,0,0.242,0,1,0
TXN104634,32.44,8,9.59,82.25,0,0.514,0,1,0
TXN104635,104.84,19,1.04,48.35,0,0.441,0,1,0
TXN104636,179.63,12,5.6,0.94,0,0.389,0,1,0
TXN104637,21.51,15,11.31,27.39,0,0.402,0,1,0
TXN104638,31.13,3,15.03,100.4,0,0.218,0,0,0
TXN104639,59.49,10,5.56,45.49,0,0.386,0,1,0
TXN104640,175.67,7,11.45,38.45,0,0.255,0,1,0
TXN104641,37.55,17,1.34,334.46,1,0.108,0,1,0
TXN104642,51.15,14,1.77,72.79,0,0.135,0,1,0
TXN104643,141.61,23,7.91,15.74,0,0.154,0,1,0
TXN104644,104.47,18,0.25,25.54,0,0.149,0,0,0
TXN104645,148.33,17,2.36,23.79,0,0.176,0,1,0
TXN104646,170.32,19,3.65,26.24,0,0.192,0,0,0
TXN104647,157.25,6,8.82,16.61,1,0.164,0,1,0
TXN104648,46.05,8,4.95,35.75,0,0.407,1,0,0
TXN104649,62.91,18,2.94,162.2,0,0.219,0,1,0
TXN104650,28.32,22,2.32,113.11,0,0.181,0,0,0
TXN104651,115.12,4,1.12,320.1,1,0.055,0,1,0
TXN104652,83.49,2,3.37,225.26,0,0.192,0,1,0
TXN104653,20.86,10,7.94,46.47,1,0.586,1,0,0
TXN104654,46.14,5,3.76,0.47,0,0.254,0,1,0
TXN104655,49.59,20,8.75,42.28,1,0.105,1,0,0
TXN104656,65.23,21,8.05,78.57,0,0.117,0,1,0
TXN104657,81.55,18,7.64,208.58,0,0.458,0,0,0
TXN104658,114.06,12,4.3,134.9,0,0.244,0,1,0
TXN104659,57.77,21,1.31,139.97,1,0.153,0,0,0
TXN104660,45.64,18,5.26,55.48,0,0.116,0,1,0
TXN104661,192.72,16,13.58,443.74,0,0.578,0,0,0
TXN104662,105.94,2,4.59,44.97,0,0.4,0,1,0
TXN104663,67.69,22,17.38,1.69,0,0.219,0,1,0
TXN104664,7.59,10,11.48,48.41,1,0.615,0,1,0
TXN104665,17.81,10,9.5,53.5,0,0.614,0,1,0
TXN104666,130.5,12,15.88,164.21,0,0.253,0,1,0
TXN104667,79.91,22,11.88,105.36,1,0.408,0,1,0
TXN104668,156.51,9,8.71,71.64,0,0.177,1,1,0
TXN104669,79.31,8,6.34,62.44,0,0.073,0,1,0
TXN104670,42.2,15,1.79,150.75,0,0.165,0,1,0
TXN104671,93.15,19,9.82,58.85,0,0.208,1,1,0
TXN104672,105.68,8,9.19,13.37,1,0.267,0,1,0
TXN104673,84.89,20,7.57,266.13,0,0.502,0,1,0
TXN104674,58.0,16,2.87,74.84,0,0.04,0,1,0
TXN104675,52.59,11,12.16,151.52,0,0.115,0,1,0
TXN104676,7.65,16,2.89,166.49,0,0.195,0,1,0
TXN104677,50.74,23,7.57,257.64,0,0.188,0,1,0
TXN104678,87.36,11,5.94,339.61,0,0.226,0,1,0
TXN104679,91.97,9,6.31,162.67,0,0.219,0,1,0
TXN104680,44.34,11,6.02,246.91,0,0.152,0,1,0
TXN104681,94.9,17,8.07,323.23,1,0.106,0,1,0
TXN104682,173.72,12,16.13,106.82,0,0.36,0,1,0
TXN104683,42.03,7,18.81,108.94,0,0.309,0,1,0
TXN104684,120.53,19,9.78,178.11,0,0.08,0,1,0
TXN104685,321.11871373337215,18,21.126688271142385,169.1,0,0.794634348561727,0,0,0
TXN104686,95.88,2,4.32,88.69,1,0.429,0,1,0
TXN104687,97.86,11,7.9,379.16,0,0.027,0,0,0
TXN104688,143.16,8,0.43,69.14,0,0.371,0,0,0
TXN104689,76.33,22,17.06,70.63,0,0.087,0,1,0
TXN104690,57.46,11,6.74,147.04,0,0.346,0,1,0
TXN104691,175.62,9,7.46,88.33,1,0.23,0,1,0
TXN104692,150.18,11,10.73,44.03,1,0.715,0,1,0
TXN104693,30.19,15,4.38,40.88,1,0.302,0,1,0
TXN104694,28.82,2,0.69,829.33,0,0.248,0,1,0
TXN104695,34.81,22,5.17,69.6,0,0.227,0,1,0
TXN104696,59.23,1,6.24,32.92,0,0.314,0,1,0
TXN104697,16.48,13,7.37,125.73,0,0.312,0,1,0
TXN104698,95.79,14,4.38,29.59,0,0.103,0,1,0
TXN104699,42.89,10,1.29,58.38,1,0.595,0,1,0
TXN104700,32.56,8,3.55,151.51,1,0.499,0,1,0
TXN104701,42.64,15,2.46,452.75,0,0.239,0,0,0
TXN104702,207.87,12,15.74,21.28,0,0.287,0,1,0
TXN104703,26.49,20,2.58,125.98,0,0.407,0,1,0
TXN104704,106.44,17,4.74,164.88,0,0.514,0,0,0
TXN104705,80.39,2,5.09,260.13,1,0.144,0,1,0
TXN104706,285.36,10,9.82,53.04,0,0.299,0,1,0
TXN104707,48.71,17,6.71,396.03,1,0.443,0,1,0
TXN104708,18.76,10,8.16,69.68,1,0.321,0,1,0
TXN104709,112.06,4,6.72,54.29,0,0.231,0,0,0
TXN104710,151.49532288745104,6,81.7786939280107,133.14,1,0.7477977652546011,0,1,0
TXN104711,59.55,16,0.85,43.13,0,0.22,0,1,0
TXN104712,75.75,8,4.29,167.88,0,0.376,0,0,0
TXN104713,60.55,14,3.53,65.03,0,0.25,0,1,0
TXN104714,80.7,15,18.27,167.5,0,0.182,0,0,0
TXN104715,36.84,13,5.28,189.97,0,0.139,0,1,0
TXN104716,66.4,6,0.93,113.95,0,0.176,0,1,0
TXN104717,52.79,1,1.31,514.88,1,0.333,0,1,0
TXN104718,111.5,15,4.87,8.57,1,0.075,0,0,0
TXN104719,11.97,18,2.68,37.47,1,0.29,0,0,0
TXN104720,15.68,16,30.11,321.0,1,0.068,0,1,0
TXN104721,156.3,19,7.67,117.91,1,0.364,0,1,0
TXN104722,35.29,18,3.97,54.78,0,0.777,0,0,0
TXN104723,929.63,5,131.66,25.59,1,0.528,0,0,1
TXN104724,58.03,1,5.77,54.16,0,0.234,0,0,0
TXN104725,101.86,7,1.77,69.51,0,0.334,1,1,0
TXN104726,40.02,10,8.17,17.82,0,0.085,0,1,0
TXN104727,29.27,23,8.65,116.69,0,0.207,0,1,0
TXN104728,73.05,21,2.68,71.43,0,0.145,0,1,0
TXN104729,120.61,18,2.76,147.98,0,0.357,0,1,0
TXN104730,211.35,16,7.91,47.85,0,0.076,0,1,0
TXN104731,144.78,10,9.39,61.81,0,0.336,0,1,0
TXN104732,38.75,21,2.82,49.85,0,0.289,0,1,0
TXN104733,70.34,12,7.99,40.82,0,0.484,0,1,0
TXN104734,79.64,0,2.55,202.36,0,0.3,0,1,0
TXN104735,127.36,14,3.1,1.08,0,0.344,0,1,0
TXN104736,315.3894252983321,15,23.22099780098014,101.26,0,0.5235024430566485,0,1,0
TXN104737,109.73,19,2.75,5.73,1,0.658,0,1,0
TXN104738,192.88,1,12.49,99.94,0,0.538,0,1,0
TXN104739,124.07,18,0.46,209.25,0,0.47,0,1,0
TXN104740,267.44,13,12.45,36.66,0,0.439,0,1,0
TXN104741,146.26,14,4.54,36.63,0,0.45,0,1,0
TXN104742,29.46,17,6.33,22.37,0,0.147,0,1,0
TXN104743,64.72,15,3.29,2.34,0,0.3,0,1,0
TXN104744,8.27,22,0.45,129.71,1,0.181,0,1,0
TXN104745,81.76,19,0.47,245.22,0,0.382,0,1,0
TXN104746,42.61,10,7.2,48.81,0,0.364,0,1,0
TXN104747,36.78,20,0.58,13.58,1,0.473,0,0,0
TXN104748,8.92,13,15.18,75.85,2,0.285,0,0,0
TXN104749,108.95,16,2.48,2.88,1,0.218,0,1,0
TXN104750,48.18,16,3.53,147.46,0,0.645,0,1,0
TXN104751,171.52,18,2.17,71.54,0,0.192,0,1,0
TXN104752,59.88,4,2.69,178.04,0,0.544,0,0,0
TXN104753,79.65,12,7.2,116.05,0,0.234,0,1,0
TXN104754,122.36,18,9.58,334.15,0,0.579,0,1,0
TXN104755,899.8634929263532,16,91.22953444644625,232.04,1,0.6919008658442276,0,1,0
TXN104756,153.54,7,4.3,164.88,1,0.134,0,1,0
TXN104757,70.35,6,10.81,116.24,0,0.495,0,1,0
TXN104758,50.04,8,8.45,265.43,0,0.228,0,1,0
TXN104759,207.82577428119333,16,111.5016619843043,0.09,0,0.7526150486389177,0,1,0
TXN104760,128.82,8,3.43,27.4,0,0.225,0,1,0
TXN104761,274.02,3,10.3,71.07,0,0.129,0,0,0
TXN104762,33.69,13,35.68,37.68,0,0.02,0,1,0
TXN104763,90.01,17,11.44,18.26,0,0.393,0,0,0
TXN104764,45.82,10,2.51,113.01,0,0.332,0,1,0
TXN104765,139.3,11,12.72,130.85,0,0.243,0,1,0
TXN104766,43.32,8,9.39,137.24,0,0.377,0,1,0
TXN104767,40.7,17,16.36,61.9,0,0.496,1,1,0
TXN104768,7.61,17,8.26,122.42,0,0.276,0,1,0
TXN104769,82.28,17,12.04,71.93,0,0.235,0,0,0
TXN104770,8.96,12,8.12,242.96,0,0.571,0,1,0
TXN104771,12.81,18,3.37,271.11,0,0.331,0,1,0
TXN104772,142.83,0,5.77,211.41,0,0.225,0,0,0
TXN104773,104.98,15,8.69,62.49,0,0.479,1,1,0
TXN104774,22.4,21,4.35,354.29,1,0.534,0,1,0
TXN104775,87.43,10,7.46,40.49,0,0.179,0,1,0
TXN104776,57.07,13,0.63,239.76,0,0.079,0,1,0
TXN104777,77.87,5,21.12,27.21,1,0.154,0,1,0
TXN104778,225.0,5,378.17,5.19,6,0.88,0,1,1
TXN104779,88.81,12,6.16,294.16,0,0.223,0,1,0
TXN104780,93.0,4,8.17,40.9,0,0.159,0,1,0
TXN104781,90.0,10,1.6,6.63,0,0.52,0,0,0
TXN104782,150.77,10,2.06,134.27,0,0.477,0,1,0
TXN104783,18.1,16,4.89,65.5,1,0.21,0,0,0
TXN104784,225.79747669317854,14,49.25456515973029,24.7,0,0.6905725552959461,0,0,0
TXN104785,33.57,11,6.37,336.92,0,0.253,0,1,0
TXN104786,103.19,10,14.99,62.55,0,0.098,0,1,0
TXN104787,77.7,0,5.8,2.54,0,0.101,0,1,0
TXN104788,45.84,10,3.61,138.03,1,0.075,0,1,0
TXN104789,33.0,2,0.45,127.51,0,0.183,0,1,0
TXN104790,38.21,22,11.16,117.28,0,0.604,0,1,0
TXN104791,94.72,9,11.48,335.63,0,0.333,0,1,0
TXN104792,57.83,20,2.0,454.66,1,0.306,0,0,0
TXN104793,225.96,4,3.89,73.88,0,0.661,0,1,0
TXN104794,142.16,9,5.73,177.57,0,0.481,0,1,0
TXN104795,37.38802480325833,18,14.335438469708771,113.77,0,0.7667266935247424,0,1,0
TXN104796,123.97,11,5.95,166.52,0,0.407,0,0,0
TXN104797,73.43,11,1.85,198.96,0,0.12,0,0,0
TXN104798,14.31,13,1.5,150.22,0,0.067,0,1,0
TXN104799,47.11,11,16.53,19.83,1,0.104,0,1,0
TXN104800,43.8,19,3.06,9.36,1,0.135,0,1,0
TXN104801,312.56,19,1.59,92.26,0,0.266,0,1,0
TXN104802,54.48,15,1.15,3.66,1,0.611,0,1,0
TXN104803,43.54,4,6.39,316.3,0,0.551,0,1,0
TXN104804,9.64,16,10.83,6.28,0,0.259,0,0,0
TXN104805,47.24,16,2.0,196.33,1,0.273,0,1,0
TXN104806,45.53,15,20.02,34.14,1,0.288,0,1,0
TXN104807,61.26,18,5.96,96.41,0,0.373,0,0,0
TXN104808,1.96,7,8.33,409.14,0,0.367,0,1,0
TXN104809,27.53,9,8.32,81.88,1,0.314,0,1,0
TXN104810,31.85,9,8.35,47.5,2,0.192,0,1,0
TXN104811,74.24,16,3.14,0.12,1,0.314,0,0,0
TXN104812,59.47,20,5.2,21.4,0,0.218,0,1,0
TXN104813,137.95,19,2.49,227.43,0,0.302,0,1,0
TXN104814,52.13,3,14.85,23.37,0,0.137,0,1,0
TXN104815,90.55,2,6.41,19.62,0,0.112,0,1,0
TXN104816,47.14,18,8.21,16.52,0,0.19,0,1,0
TXN104817,46.78,16,19.34,380.36,0,0.103,0,1,0
TXN104818,66.18,10,8.8,34.46,0,0.142,0,1,0
TXN104819,89.54,18,5.73,583.22,1,0.252,0,0,0
TXN104820,203.58,19,139.12,9.74,4,0.776,1,0,1
TXN104821,42.86,5,10.73,117.91,0,0.142,0,0,0
TXN104822,11.31,10,11.43,154.44,1,0.378,0,0,0
TXN104823,2.23,2,10.38,16.48,0,0.077,1,1,0
TXN104824,110.32,13,2.9,112.08,0,0.638,0,1,0
TXN104825,114.79,9,12.78,5.58,1,0.034,0,1,0
TXN104826,25.69,9,2.74,18.11,0,0.199,0,1,0
TXN104827,114.8,15,3.8,12.8,0,0.345,0,1,0
TXN104828,50.71,18,2.97,0.65,0,0.181,0,1,0
TXN104829,14.99,11,10.1,166.37,2,0.57,0,0,0
TXN104830,72.91,18,28.6,91.31,0,0.582,0,1,0
TXN104831,399.75,7,86.06,1.95,4,0.634,1,0,1
TXN104832,227.87,16,12.89,81.09,1,0.063,0,1,0
TXN104833,15.68,9,9.59,21.43,1,0.207,0,1,0
TXN104834,191.84,0,6.29,216.95,0,0.488,0,1,0
TXN104835,37.07,11,2.99,103.97,0,0.464,0,0,0
TXN104836,65.13,19,3.81,181.08,0,0.194,0,1,0
TXN104837,537.0020066331065,11,34.05536555907195,16.91,0,0.7722946886914812,0,1,0
TXN104838,44.02,8,24.12,52.12,0,0.494,0,1,0
TXN104839,98.36,11,6.31,108.7,0,0.422,0,1,0
TXN104840,57.93,19,8.17,65.21,0,0.162,0,1,0
TXN104841,17.22,20,10.99,56.9,0,0.211,0,1,0
TXN104842,67.15,15,25.23,168.85,0,0.382,0,1,0
TXN104843,114.05,9,3.02,13.66,0,0.215,0,1,0
TXN104844,49.73,12,2.53,17.21,1,0.218,0,1,0
TXN104845,75.48,18,1.06,113.35,0,0.359,0,1,0
TXN104846,138.36,12,1.93,12.0,1,0.526,0,0,0
TXN104847,21.65,11,6.21,94.04,1,0.579,0,1,0
TXN104848,79.75,19,6.36,181.77,1,0.393,0,1,0
TXN104849,20.4,14,11.59,368.96,0,0.243,0,1,0
TXN104850,46.94,3,6.23,65.15,0,0.241,0,1,0
TXN104851,89.49,12,7.08,33.12,0,0.069,0,0,0
TXN104852,22.92,8,0.7,74.88,0,0.374,0,0,0
TXN104853,209.99,16,1.72,65.12,0,0.097,0,0,0
TXN104854,108.09,23,11.0,209.78,0,0.046,0,1,0
TXN104855,110.66,23,4.99,177.52,1,0.42,0,1,0
TXN104856,60.26,19,1.51,68.01,2,0.333,0,1,0
TXN104857,46.43,17,14.02,110.81,0,0.272,0,1,0
TXN104858,58.22,17,19.81,147.31,0,0.158,0,1,0
TXN104859,58.49,18,0.5,258.26,1,0.133,0,1,0
TXN104860,24.1,9,5.81,102.12,0,0.029,0,1,0
TXN104861,217.1954348159111,13,167.06735287400113,21.78,0,0.752315723352871,0,1,0
TXN104862,117.66,17,11.08,138.66,0,0.308,0,1,0
TXN104863,29.41,19,1.3,72.89,1,0.088,0,1,0
TXN104864,48.22,11,3.44,65.92,0,0.173,0,1,0
TXN104865,5.42,2,1.7,34.11,0,0.089,0,1,0
TXN104866,29.69,9,4.18,17.59,0,0.236,0,1,0
TXN104867,86.36,17,0.19,102.79,0,0.62,0,1,0
TXN104868,61.61,10,4.61,229.35,0,0.392,1,1,0
TXN104869,169.71,16,15.82,37.55,0,0.123,0,1,0
TXN104870,49.4,16,2.68,76.09,0,0.328,0,1,0
TXN104871,79.7,12,16.12,57.73,1,0.223,0,1,0
TXN104872,59.42,15,3.24,160.72,0,0.343,1,1,0
TXN104873,70.54,22,8.64,130.98,1,0.167,1,1,0
TXN104874,123.48,17,5.65,64.9,0,0.369,1,0,0
TXN104875,71.41,11,1.16,37.96,0,0.356,0,0,0
TXN104876,200.54,10,13.45,88.34,0,0.274,0,1,0
TXN104877,12.43,17,4.66,124.92,0,0.224,0,1,0
TXN104878,80.38,18,9.6,141.22,0,0.024,0,1,0
TXN104879,53.9,17,17.09,22.24,0,0.379,0,1,0
TXN104880,68.19,11,28.78,140.15,0,0.256,0,1,0
TXN104881,145.36,18,3.31,233.88,1,0.369,0,1,0
TXN104882,157.04,10,2.3,251.8,0,0.322,0,1,0
TXN104883,45.04,20,3.83,8.42,1,0.377,0,0,0
TXN104884,32.03,9,14.57,18.52,1,0.391,0,1,0
TXN104885,111.65,10,8.21,4.73,0,0.147,1,1,0
TXN104886,122.35,2,5.93,10.44,1,0.478,0,1,0
TXN104887,156.12,8,3.42,185.26,0,0.24,0,0,0
TXN104888,81.95,11,7.34,67.49,0,0.129,0,0,0
TXN104889,66.29,8,11.81,310.38,0,0.175,0,1,0
TXN104890,112.15,11,14.89,128.72,0,0.506,0,1,0
TXN104891,15.58,15,3.96,37.98,0,0.059,0,1,0
TXN104892,24.37,9,0.25,1.77,1,0.051,0,1,0
TXN104893,67.77,16,9.97,54.38,0,0.091,0,0,0
TXN104894,44.13,10,27.44,37.71,0,0.368,0,1,0
TXN104895,56.39,4,4.06,8.14,0,0.204,0,1,0
TXN104896,178.99,19,10.77,84.19,0,0.438,0,0,0
TXN104897,92.85,22,13.63,151.74,1,0.219,0,1,0
TXN104898,177.43,15,3.84,52.81,1,0.288,0,1,0
TXN104899,108.04,7,7.82,50.54,1,0.411,0,1,0
TXN104900,15.41,19,15.68,68.36,1,0.625,1,1,0
TXN104901,16.41,14,22.76,29.68,0,0.16,0,0,0
TXN104902,77.22,8,2.3,651.23,0,0.363,0,1,0
TXN104903,326.4099122166234,9,131.5056003469361,11.72,1,0.731119084322551,0,1,0
TXN104904,110.71,17,4.28,76.52,0,0.423,0,0,0
TXN104905,246.01119747685757,19,27.220360235155383,108.7,0,0.6719745940393624,0,0,0
TXN104906,46.91,17,9.6,49.29,0,0.062,0,1,0
TXN104907,42.69,13,5.29,21.76,1,0.151,0,1,0
TXN104908,153.98,11,10.51,24.23,0,0.168,0,1,0
TXN104909,45.33,10,0.67,93.55,0,0.084,0,1,0
TXN104910,154.57,20,5.86,161.28,0,0.191,0,1,0
TXN104911,28.87,23,1.45,286.54,1,0.087,0,1,0
TXN104912,37.56,13,0.64,259.19,0,0.144,0,0,0
TXN104913,136.98,21,4.8,69.28,2,0.166,0,1,0
TXN104914,89.8,10,2.31,92.58,1,0.122,0,1,0
TXN104915,111.6,11,3.71,69.46,0,0.185,0,1,0
TXN104916,31.11,19,15.79,26.13,1,0.167,0,0,0
TXN104917,125.98,3,12.79,61.06,0,0.142,0,1,0
TXN104918,122.83,11,1.08,99.78,0,0.055,0,1,0
TXN104919,94.64,8,4.0,45.16,0,0.175,0,1,0
TXN104920,24.24,11,0.43,11.88,0,0.118,0,1,0
TXN104921,40.77,4,2.67,113.11,0,0.211,0,1,0
TXN104922,145.63,13,5.22,189.52,1,0.434,0,0,0
TXN104923,1059.45,10,94.6,17.63,8,0.835,0,0,1
TXN104924,68.72,8,9.55,246.16,0,0.132,0,1,0
TXN104925,745.88,0,78.71,6.62,4,0.895,1,0,1
TXN104926,129.26,8,4.18,65.2,0,0.311,0,0,0
TXN104927,30.14,13,8.67,151.06,0,0.24,0,1,0
TXN104928,84.58,10,13.88,203.05,0,0.123,0,1,0
TXN104929,102.07,10,4.32,175.2,0,0.244,0,1,0
TXN104930,27.3,6,0.92,205.73,0,0.148,0,1,0
TXN104931,58.66,5,7.59,0.4,0,0.499,0,1,0
TXN104932,121.58,16,1.22,99.66,0,0.349,0,1,0
TXN104933,54.1,15,14.68,271.51,0,0.191,0,1,0
TXN104934,44.82,12,6.44,42.09,1,0.175,0,1,0
TXN104935,231.1893656817691,11,23.800702231219343,187.17,0,0.7219005859502106,1,1,0
TXN104936,85.6,12,4.29,263.59,2,0.377,0,0,0
TXN104937,124.38,20,6.02,357.84,1,0.425,0,0,0
TXN104938,33.44,10,12.66,134.93,1,0.012,0,1,0
TXN104939,67.25,14,21.76,142.49,0,0.093,0,0,0
TXN104940,300.54,21,124.49,3.39,4,0.639,1,0,1
TXN104941,32.37,19,11.8,380.86,0,0.461,0,1,0
TXN104942,77.14,12,13.31,63.14,0,0.136,0,0,0
TXN104943,100.22,9,4.3,206.54,1,0.41,0,1,0
TXN104944,72.54,16,6.6,64.55,0,0.252,1,0,0
TXN104945,101.18,18,7.83,89.21,0,0.12,0,0,0
TXN104946,11.91,3,52.1,145.81,0,0.308,0,1,0
TXN104947,32.98,7,4.35,440.97,0,0.07,0,1,0
TXN104948,33.0,11,7.72,151.97,0,0.037,1,1,0
TXN104949,70.63,20,0.58,25.51,1,0.396,0,0,0
TXN104950,32.74,11,3.75,86.48,0,0.617,0,1,0
TXN104951,42.51,10,13.94,352.92,0,0.137,0,0,0
TXN104952,83.39,7,5.75,266.66,1,0.333,0,1,0
TXN104953,70.14,2,8.49,37.74,0,0.18,0,1,0
TXN104954,49.91,1,18.06,279.98,0,0.163,0,1,0
TXN104955,100.12,18,6.94,35.82,0,0.247,0,1,0
TXN104956,167.71,12,15.43,256.87,0,0.248,0,1,0
TXN104957,17.72,18,3.93,86.08,0,0.165,0,1,0
TXN104958,113.63,18,13.89,9.87,0,0.499,0,1,0
TXN104959,20.42,14,7.38,92.95,1,0.323,0,1,0
TXN104960,109.74,5,1.46,29.91,0,0.18,1,1,0
TXN104961,58.44,13,4.03,59.88,0,0.293,0,1,0
TXN104962,46.76,4,12.13,105.18,1,0.067,0,0,0
TXN104963,39.23,14,25.55,30.25,0,0.084,0,0,0
TXN104964,41.15,15,5.06,268.47,0,0.208,0,1,0
TXN104965,70.34,15,3.72,166.62,0,0.057,0,1,0
TXN104966,32.14,16,6.13,4.73,1,0.359,0,1,0
TXN104967,85.3,9,5.82,2.39,1,0.273,0,1,0
TXN104968,30.59,11,6.19,89.27,0,0.361,0,1,0
TXN104969,32.26,14,2.42,49.93,0,0.202,0,1,0
TXN104970,104.02,18,19.22,67.3,0,0.302,0,1,0
TXN104971,96.65,11,5.55,65.96,0,0.398,0,0,0
TXN104972,117.63,11,4.37,121.67,0,0.439,0,0,0
TXN104973,94.99,18,4.06,97.49,1,0.396,0,1,0
TXN104974,33.94,1,5.13,139.53,0,0.165,0,1,0
TXN104975,22.41,5,1.6,299.75,0,0.022,0,1,0
TXN104976,88.73,14,5.17,76.85,0,0.159,0,1,0
TXN104977,194.65,17,3.41,276.18,0,0.101,0,1,0
TXN104978,210.76,11,4.24,6.17,1,0.19,0,1,0
TXN104979,284.71,3,371.25,2.21,4,0.83,0,0,1
TXN104980,13.99,21,3.96,201.28,0,0.121,0,1,0
TXN104981,153.12,12,13.2,289.08,2,0.197,0,0,0
TXN104982,64.34,20,1.8,150.92,1,0.26,0,1,0
TXN104983,138.99,20,6.43,285.18,0,0.239,0,1,0
TXN104984,131.93,17,0.04,13.2,0,0.133,0,1,0
TXN104985,47.64,13,1.28,55.53,0,0.427,0,1,0
TXN104986,48.56,11,2.71,122.2,1,0.077,0,1,0
TXN104987,20.28,13,2.99,339.59,0,0.082,0,1,0
TXN104988,56.76,19,0.48,16.44,0,0.267,0,0,0
TXN104989,38.62,8,3.48,201.63,0,0.391,0,1,0
TXN104990,99.6,12,4.77,9.88,0,0.478,0,0,0
TXN104991,83.97,7,7.56,239.43,0,0.061,0,1,0
TXN104992,71.34,17,7.18,648.96,0,0.276,0,1,0
TXN104993,38.45,20,14.27,114.61,0,0.443,0,0,0
TXN104994,61.79,18,18.32,47.9,0,0.196,0,1,0
TXN104995,39.88,22,2.45,67.22,0,0.592,0,1,0
TXN104996,175.85,15,5.65,7.97,0,0.076,0,1,0
TXN104997,64.14,10,0.87,27.94,0,0.111,0,1,0
TXN104998,53.78,20,10.9,197.42,1,0.118,0,1,0
TXN104999,123.16,6,3.26,73.54,0,0.231,0,1,0
TXN105000,118.76,14,8.28,92.92,0,0.271,0,1,0
TXN105001,120.1,1,8.9,94.72,0,0.351,0,1,0
TXN105002,65.26,11,7.94,241.74,0,0.136,0,0,0
TXN105003,56.48,15,2.35,16.66,0,0.248,0,1,0
TXN105004,204.32,11,10.35,69.3,0,0.118,0,1,0
TXN105005,51.76,17,1.32,387.05,2,0.215,0,1,0
TXN105006,72.02,6,7.6,145.66,1,0.31,0,1,0
TXN105007,126.77,11,7.05,123.35,0,0.492,0,0,0
TXN105008,44.57,9,3.41,152.79,0,0.625,0,1,0
TXN105009,46.88,19,8.54,179.09,0,0.455,0,1,0
TXN105010,87.16,23,18.47,43.96,1,0.259,0,1,0
TXN105011,47.78,18,2.34,46.73,0,0.409,0,1,0
TXN105012,51.98,9,17.72,97.69,1,0.269,0,1,0
TXN105013,241.01749125383756,7,56.24072508600842,113.56,0,0.7486510967151803,0,1,0
TXN105014,141.8,4,346.67,0.07,4,0.924,0,0,1
TXN105015,10.7,8,8.5,10.03,0,0.422,0,1,0
TXN105016,36.72,2,11.95,200.66,2,0.303,0,1,0
TXN105017,10.08,20,2.84,19.32,1,0.212,0,0,0
TXN105018,41.61,13,14.77,17.99,0,0.072,0,0,0
TXN105019,79.01,1,0.84,148.12,0,0.511,0,1,0
TXN105020,48.31,5,3.22,31.75,0,0.383,0,0,0
TXN105021,77.21,10,7.72,16.39,0,0.11,0,1,0
TXN105022,45.22,7,2.49,21.75,0,0.461,0,0,0
TXN105023,70.48,10,5.65,12.0,0,0.393,0,0,0
TXN105024,58.09,11,11.28,375.65,0,0.384,0,1,0
TXN105025,113.29,12,2.42,71.43,2,0.201,0,1,0
TXN105026,62.72,11,10.76,284.28,0,0.285,0,1,0
TXN105027,7.4,12,7.01,19.27,0,0.277,0,1,0
TXN105028,51.83,0,6.75,274.2,1,0.132,0,0,0
TXN105029,123.16,11,4.44,69.99,1,0.336,0,1,0
TXN105030,224.83,17,0.83,6.49,1,0.299,0,0,0
TXN105031,345.1160825137117,18,46.652156662994,91.45,0,0.7398628064651682,0,1,0
TXN105032,24.44,17,3.16,87.45,0,0.186,0,0,0
TXN105033,169.22,4,4.51,463.51,0,0.126,0,0,0
TXN105034,212.41,12,1.33,159.01,0,0.241,0,1,0
TXN105035,104.65,14,15.7,71.44,0,0.214,0,1,0
TXN105036,47.09,1,5.09,328.72,0,0.386,0,0,0
TXN105037,38.43,13,3.53,70.96,0,0.31,0,1,0
TXN105038,82.69,19,3.86,519.69,0,0.364,0,1,0
TXN105039,86.18,18,4.11,136.07,0,0.51,0,1,0
TXN105040,163.03,2,19.9,20.83,0,0.182,0,0,0
TXN105041,80.29,11,0.89,136.61,1,0.422,0,0,0
TXN105042,92.06,14,6.89,38.69,0,0.416,0,1,0
TXN105043,30.19,12,15.92,154.02,0,0.526,0,1,0
TXN105044,210.59,19,2.85,133.28,0,0.521,0,1,0
TXN105045,1247.14,2,101.93,2.81,6,0.629,0,0,1
TXN105046,50.24,13,10.94,83.32,2,0.146,0,1,0
TXN105047,65.76,19,1.21,78.42,0,0.37,0,1,0
TXN105048,100.4,8,12.97,1.29,0,0.5,0,0,0
TXN105049,229.15,15,7.5,107.13,0,0.223,0,1,0
TXN105050,74.58,7,5.19,20.35,2,0.346,0,1,0
TXN105051,137.97,9,11.88,65.88,0,0.133,0,1,0
TXN105052,59.28,9,9.42,56.69,0,0.361,0,1,0
TXN105053,37.86,17,9.42,77.31,0,0.057,0,1,0
TXN105054,79.56,20,9.83,80.1,0,0.548,0,1,0
TXN105055,40.84,18,2.27,76.14,0,0.764,0,1,0
TXN105056,54.37,19,9.43,33.62,0,0.502,0,1,0
TXN105057,350.62,11,4.73,25.39,0,0.153,0,0,0
TXN105058,123.52,3,7.5,1.59,0,0.118,0,1,0
TXN105059,90.21,19,5.73,25.63,0,0.228,0,1,0
TXN105060,85.4,16,5.52,175.6,0,0.299,0,1,0
TXN105061,171.2,9,16.44,37.39,2,0.55,0,1,0
TXN105062,182.37,20,15.12,104.14,0,0.375,0,1,0
TXN105063,68.31,13,5.4,36.34,0,0.426,0,1,0
TXN105064,89.51,10,10.91,123.38,0,0.307,0,1,0
TXN105065,75.58,16,6.71,8.89,0,0.413,0,1,0
TXN105066,33.58,18,2.98,9.65,2,0.32,0,1,0
TXN105067,92.99,7,10.31,67.23,0,0.331,0,1,0
TXN105068,20.55,20,1.83,251.57,2,0.376,0,1,0
TXN105069,47.02,16,2.43,90.97,0,0.395,0,1,0
TXN105070,157.19715776189125,19,48.86490175826601,4.37,1,0.7819665655415207,0,1,0
TXN105071,109.57,16,0.81,317.49,0,0.259,0,1,0
TXN105072,183.79,11,10.89,453.76,0,0.122,0,1,0
TXN105073,44.05,14,2.37,45.04,0,0.357,0,1,0
TXN105074,103.1,9,0.72,66.46,0,0.284,0,1,0
TXN105075,32.2,12,8.32,62.49,0,0.217,0,1,0
TXN105076,77.74,4,1.45,282.0,0,0.217,0,1,0
TXN105077,84.7,9,7.32,339.11,0,0.147,0,1,0
TXN105078,16.01,11,4.37,29.31,0,0.417,0,1,0
TXN105079,101.97,13,12.46,170.48,1,0.231,0,1,0
TXN105080,50.54,18,6.38,199.38,0,0.225,0,1,0
TXN105081,68.69,19,19.63,225.31,0,0.41,0,0,0
TXN105082,96.18,1,4.29,43.75,2,0.3,0,0,0
TXN105083,77.75,15,4.48,141.36,0,0.22,0,1,0
TXN105084,71.62,13,5.92,63.37,0,0.44,0,0,0
TXN105085,100.89,14,1.65,12.55,2,0.14,0,1,0
TXN105086,66.99,20,6.1,124.16,0,0.265,0,1,0
TXN105087,37.02,20,7.52,40.92,0,0.28,0,1,0
TXN105088,147.83,20,0.05,166.27,0,0.358,0,1,0
TXN105089,204.1363055888715,13,43.72895050148404,15.03,0,0.7529873286085913,0,1,0
TXN105090,120.27,8,5.12,5.33,0,0.265,0,1,0
TXN105091,110.47,19,1.93,350.12,0,0.137,0,1,0
TXN105092,32.81,19,1.42,112.29,0,0.274,0,1,0
TXN105093,100.92,13,2.32,103.28,0,0.708,0,1,0
TXN105094,63.67,8,17.95,206.69,0,0.119,0,1,0
TXN105095,214.88,10,7.36,32.98,0,0.116,0,1,0
TXN105096,79.07,11,4.62,303.95,0,0.354,0,1,0
TXN105097,153.98,13,2.9,33.33,0,0.417,0,1,0
TXN105098,46.51,3,11.61,146.5,0,0.233,0,1,0
TXN105099,304.29,19,187.1,2.1,5,0.903,0,0,1
TXN105100,21.4,23,1.98,57.28,1,0.531,0,0,0
TXN105101,18.72,13,9.89,166.87,0,0.363,0,1,0
TXN105102,123.08,20,15.52,15.62,0,0.099,0,1,0
TXN105103,189.32,3,2.51,218.82,0,0.174,0,1,0
TXN105104,46.21,23,0.76,24.39,0,0.103,1,1,0
TXN105105,35.54,3,11.24,56.29,1,0.11,0,1,0
TXN105106,144.9,11,4.06,167.72,0,0.198,0,1,0
TXN105107,45.02,19,1.75,92.67,0,0.566,0,0,0
TXN105108,134.34,5,6.17,126.14,1,0.308,0,1,0
TXN105109,89.8,20,14.81,63.11,0,0.328,0,0,0
TXN105110,12.89,7,10.2,104.69,1,0.264,0,1,0
TXN105111,138.47,16,10.77,502.25,0,0.443,0,0,0
TXN105112,49.26,21,4.33,5.16,0,0.081,0,1,0
TXN105113,201.91,18,5.39,253.96,0,0.34,0,0,0
TXN105114,205.01,16,3.35,82.52,0,0.219,0,1,0
TXN105115,54.73,17,15.54,32.44,0,0.234,0,1,0
TXN105116,76.22,9,16.11,215.8,1,0.151,0,1,0
TXN105117,36.41,15,2.79,384.03,0,0.312,0,1,0
TXN105118,57.22,8,6.79,49.61,0,0.256,0,1,0
TXN105119,98.91,21,281.72,7.87,4,0.888,1,0,1
TXN105120,49.42,17,6.82,36.5,0,0.341,0,1,0
TXN105121,51.19,18,8.97,35.74,0,0.278,0,1,0
TXN105122,76.89,2,2.95,107.57,0,0.19,1,0,0
TXN105123,41.35,3,3.73,29.35,1,0.577,0,0,0
TXN105124,77.88,7,6.94,223.66,0,0.075,0,1,0
TXN105125,154.77,18,1.84,40.09,1,0.264,0,0,0
TXN105126,368.98581263943026,15,145.51239403077193,104.4,0,0.6920776262489445,0,1,0
TXN105127,271.23,11,15.27,104.7,0,0.349,0,1,0
TXN105128,38.45,13,6.51,89.34,0,0.432,1,0,0
TXN105129,54.54,16,12.31,14.83,3,0.26,0,0,0
TXN105130,12.99,11,12.46,55.62,0,0.214,0,0,0
TXN105131,66.94,14,0.1,49.48,1,0.254,0,1,0
TXN105132,164.36,10,12.59,42.71,0,0.534,0,0,0
TXN105133,67.05,19,13.2,217.55,0,0.513,0,1,0
TXN105134,94.54,20,401.87,2.01,4,0.753,1,0,1
TXN105135,50.28,21,12.13,40.61,0,0.12,0,0,0
TXN105136,197.54,14,1.11,95.96,0,0.109,0,1,0
TXN105137,13.15,10,7.42,81.53,0,0.304,0,1,0
TXN105138,167.87,7,8.13,160.55,0,0.208,0,1,0
TXN105139,673.7,0,49.19,1.99,4,0.856,1,0,1
TXN105140,153.14,7,21.91,94.67,0,0.578,0,1,0
TXN105141,96.53,22,3.62,121.59,0,0.35,0,1,0
TXN105142,20.73,15,3.05,158.52,1,0.455,0,1,0
TXN105143,62.3,12,3.78,53.16,0,0.427,0,0,0
TXN105144,58.42,11,14.31,0.39,0,0.464,0,1,0
TXN105145,15.38,22,1.92,366.33,0,0.143,0,0,0
TXN105146,97.62,16,6.25,71.34,1,0.15,0,0,0
TXN105147,143.98,9,18.94,16.53,0,0.2,0,1,0
TXN105148,70.03,20,6.57,20.06,0,0.252,1,1,0
TXN105149,49.67,16,5.33,38.87,0,0.322,0,1,0
TXN105150,104.25,9,5.32,110.44,0,0.447,0,1,0
TXN105151,121.50263898158636,22,23.022872277130066,29.14,0,0.7331126959532177,0,0,0
TXN105152,87.69,8,1.39,55.15,0,0.3,0,1,0
TXN105153,36.04,12,4.47,46.42,0,0.272,0,1,0
TXN105154,36.88,17,20.93,66.51,0,0.412,0,0,0
TXN105155,42.23,0,1.71,499.94,2,0.193,0,0,0
TXN105156,144.3,18,0.05,20.75,1,0.332,0,1,0
TXN105157,32.99,4,14.12,167.68,0,0.17,0,0,0
TXN105158,62.31,15,1.69,124.08,0,0.277,0,1,0
TXN105159,58.47,12,1.92,82.22,0,0.455,0,1,0
TXN105160,186.61,18,5.17,318.97,0,0.297,0,0,0
TXN105161,85.65,2,15.16,680.0,0,0.252,0,1,0
TXN105162,61.92,2,1.88,43.68,0,0.088,0,1,0
TXN105163,64.83,0,3.38,13.41,0,0.445,0,1,0
TXN105164,172.85,9,9.85,84.18,0,0.209,0,1,0
TXN105165,261.05,17,2.87,70.42,0,0.535,0,1,0
TXN105166,115.56,15,7.86,70.85,0,0.565,0,0,0
TXN105167,113.42,8,16.14,247.57,0,0.119,0,1,0
TXN105168,744.0,10,133.54,5.52,5,0.849,1,0,1
TXN105169,71.6,11,1.98,250.79,0,0.044,0,1,0
TXN105170,52.65,12,2.87,323.58,0,0.374,0,1,0
TXN105171,59.04,20,6.75,225.2,0,0.325,0,1,0
TXN105172,763.06,23,128.57,5.25,3,0.559,0,1,1
TXN105173,274.57319275288927,5,255.15845970148055,17.49,1,0.5891976806574242,0,1,0
TXN105174,76.63,13,5.56,162.51,0,0.243,0,1,0
TXN105175,46.87,16,2.71,159.91,2,0.059,0,0,0
TXN105176,134.72,13,14.08,10.52,0,0.162,0,1,0
TXN105177,32.68,12,4.0,32.87,0,0.513,0,1,0
TXN105178,92.72,22,7.23,75.23,0,0.241,0,1,0
TXN105179,55.85,3,17.74,30.92,0,0.084,0,1,0
TXN105180,119.41,3,6.79,48.42,1,0.109,0,0,0
TXN105181,33.34,10,3.64,336.38,0,0.108,0,0,0
TXN105182,23.69,13,5.11,296.38,0,0.176,0,1,0
TXN105183,108.52,5,7.08,62.45,0,0.663,0,1,0
TXN105184,34.83,9,15.86,181.45,0,0.232,0,1,0
TXN105185,238.54,20,15.18,67.51,0,0.083,0,0,0
TXN105186,47.15,16,4.53,139.97,0,0.348,0,1,0
TXN105187,12.49,12,3.83,84.86,0,0.022,0,1,0
TXN105188,0.14,6,3.63,222.18,1,0.459,0,1,0
TXN105189,42.13,23,4.57,117.87,0,0.094,0,1,0
TXN105190,74.06,9,7.62,50.37,0,0.59,0,1,0
TXN105191,89.74,12,14.52,39.01,0,0.034,0,1,0
TXN105192,103.06,20,6.33,98.02,0,0.156,0,1,0
TXN105193,55.41,11,5.89,166.75,1,0.223,0,0,0
TXN105194,63.96,23,5.93,15.35,0,0.008,0,1,0
TXN105195,63.34,9,5.0,13.99,0,0.398,0,1,0
TXN105196,134.92,20,3.96,32.91,0,0.153,0,1,0
TXN105197,198.7990324820782,20,56.30471679083444,76.64,0,0.6467702889914329,0,1,0
TXN105198,31.46,15,2.48,165.35,0,0.174,0,1,0
TXN105199,65.79,1,14.66,204.42,2,0.03,0,1,0
TXN105200,416.60880192805456,14,161.10419827399627,191.63,0,0.7145032371204529,0,1,0
TXN105201,81.98,12,6.11,55.22,0,0.261,0,0,0
TXN105202,156.2,9,9.51,92.06,0,0.072,0,0,0
TXN105203,103.4,0,14.15,36.28,0,0.136,0,1,0
TXN105204,35.73,4,2.26,245.74,0,0.386,0,1,0
TXN105205,159.09,20,4.39,119.61,0,0.16,0,1,0
TXN105206,88.16,12,10.62,74.97,0,0.157,0,1,0
TXN105207,135.27,4,1.39,83.56,1,0.178,0,1,0
TXN105208,54.48,17,1.7,109.74,0,0.233,0,0,0
TXN105209,20.37,15,2.61,26.66,0,0.315,0,1,0
TXN105210,153.86,7,7.4,219.53,0,0.123,0,0,0
TXN105211,27.12,17,2.42,72.79,0,0.091,0,1,0
TXN105212,124.0,10,6.39,24.16,0,0.403,0,1,0
TXN105213,71.57,17,29.15,548.89,1,0.269,0,0,0
TXN105214,109.05,18,5.86,50.37,0,0.207,0,1,0
TXN105215,16.21,13,7.51,68.41,1,0.558,0,1,0
TXN105216,107.6,10,11.16,65.0,0,0.272,0,0,0
TXN105217,165.46,9,8.88,16.64,0,0.224,0,1,0
TXN105218,40.11,8,20.5,69.14,0,0.027,0,1,0
TXN105219,50.93,16,1.0,69.44,0,0.391,0,1,0
TXN105220,93.94,13,7.84,11.78,0,0.148,0,1,0
TXN105221,155.18,14,2.41,97.31,0,0.303,0,1,0
TXN105222,49.89,18,2.21,37.91,0,0.207,0,1,0
TXN105223,54.25,10,4.24,62.41,0,0.517,0,0,0
TXN105224,179.08,11,6.39,76.96,0,0.52,0,1,0
TXN105225,140.74,15,7.58,223.78,1,0.493,0,0,0
TXN105226,68.21,8,3.76,41.75,0,0.1,0,1,0
TXN105227,91.12,19,3.9,388.43,0,0.14,0,1,0
TXN105228,20.77,16,11.56,4.5,0,0.486,0,1,0
TXN105229,21.31,13,2.42,19.27,0,0.107,0,1,0
TXN105230,241.42786265637338,10,96.92436880972718,645.31,0,0.6746116729313165,0,1,0
TXN105231,161.16,11,2.66,209.97,0,0.213,0,0,0
TXN105232,26.7,9,8.88,31.7,0,0.268,0,1,0
TXN105233,66.79,18,10.09,1074.16,0,0.332,0,0,0
TXN105234,1275.08,3,268.27,7.36,1,0.764,0,0,1
TXN105235,39.13,17,8.74,17.78,0,0.238,0,0,0
TXN105236,34.66,4,13.43,61.37,0,0.387,0,0,0
TXN105237,395.2850942754841,22,126.34654326677915,222.84,0,0.5406438216906966,1,1,0
TXN105238,29.88,9,3.79,13.92,0,0.25,0,1,0
TXN105239,10.8,18,2.27,158.78,0,0.331,0,0,0
TXN105240,109.57062006735542,20,164.96456913622592,124.14,1,0.7941961453140944,0,0,0
TXN105241,49.27,4,4.6,33.66,0,0.244,0,1,0
TXN105242,65.12,12,10.57,27.43,0,0.257,0,1,0
TXN105243,32.61,18,5.07,76.02,0,0.07,0,1,0
TXN105244,171.96314101573535,15,53.63092856255355,187.54,0,0.7774811712420029,0,1,0
TXN105245,181.83,15,0.61,94.56,0,0.73,0,1,0
TXN105246,98.77,8,12.02,72.62,1,0.298,0,1,0
TXN105247,81.97,20,0.8,315.7,0,0.44,0,1,0
TXN105248,103.25,10,2.5,62.85,0,0.152,1,0,0
TXN105249,27.13,11,3.1,121.05,1,0.154,0,1,0
TXN105250,661.39,17,184.91,8.18,4,0.537,1,0,1
TXN105251,42.04,13,8.85,9.71,0,0.2,0,1,0
TXN105252,37.65,10,2.61,32.99,0,0.183,0,1,0
TXN105253,114.75,13,2.47,18.29,0,0.412,0,0,0
TXN105254,29.17,4,4.51,182.27,1,0.388,0,1,0
TXN105255,228.3740724082805,15,315.8619023870856,87.83,0,0.5302657438807382,1,1,0
TXN105256,115.57,15,3.4,18.02,0,0.544,0,1,0
TXN105257,47.84,7,18.27,148.18,1,0.071,0,1,0
TXN105258,192.1,5,9.21,69.37,0,0.213,0,0,0
TXN105259,111.09,10,2.98,114.51,0,0.315,0,0,0
TXN105260,81.02,5,25.26,61.6,0,0.16,0,1,0
TXN105261,24.48,11,4.49,113.01,1,0.103,0,1,0
TXN105262,51.99,14,3.65,379.36,0,0.194,0,1,0
TXN105263,86.04,15,16.35,311.12,0,0.167,0,1,0
TXN105264,53.57,10,4.21,196.62,0,0.149,0,1,0
TXN105265,152.65824776238753,20,71.1036594983187,206.36,0,0.7051377714776184,0,1,0
TXN105266,61.89,20,4.13,15.64,0,0.511,0,1,0
TXN105267,154.7,18,9.56,25.91,1,0.533,0,1,0
TXN105268,102.97,15,6.46,53.07,0,0.023,0,1,0
TXN105269,121.74,16,6.02,321.06,0,0.476,0,1,0
TXN105270,36.6,19,6.24,381.46,0,0.289,0,1,0
TXN105271,104.43,12,5.89,47.1,0,0.133,0,1,0
TXN105272,63.63,20,8.79,356.92,2,0.404,0,1,0
TXN105273,33.86,12,7.75,198.86,0,0.102,0,0,0
TXN105274,102.26,15,5.43,125.0,0,0.063,0,0,0
TXN105275,140.46,11,12.81,119.83,1,0.225,0,0,0
TXN105276,42.24,19,5.14,130.21,0,0.102,0,1,0
TXN105277,27.37,12,3.38,487.34,3,0.283,0,1,0
TXN105278,124.28,8,5.48,44.66,0,0.277,0,0,0
TXN105279,29.37,8,5.62,143.77,0,0.235,0,1,0
TXN105280,62.26,17,13.78,45.77,0,0.48,0,0,0
TXN105281,99.52,10,1.32,2.5,0,0.037,0,1,0
TXN105282,24.42,8,3.75,477.73,0,0.524,0,0,0
TXN105283,80.28,17,2.37,7.87,1,0.13,0,1,0
TXN105284,47.5,11,14.35,163.17,0,0.239,1,1,0
TXN105285,26.47,10,4.61,27.01,0,0.217,0,1,0
TXN105286,78.47,16,11.92,77.66,0,0.255,0,0,0
TXN105287,98.62,17,5.89,31.06,2,0.169,0,1,0
TXN105288,104.81,8,3.85,114.51,0,0.21,0,0,0
TXN105289,43.9,1,23.42,259.63,1,0.323,0,1,0
TXN105290,281.27,11,4.56,208.87,1,0.135,0,1,0
TXN105291,133.92,2,6.34,30.87,0,0.312,0,0,0
TXN105292,90.79,10,8.86,29.71,0,0.394,0,0,0
TXN105293,76.46,19,4.04,27.43,0,0.137,0,0,0
TXN105294,20.79,10,5.85,91.03,1,0.238,0,1,0
TXN105295,186.19,15,11.37,28.38,0,0.242,0,1,0
TXN105296,124.11,16,1.85,74.0,1,0.478,0,1,0
TXN105297,78.53,22,5.22,2.33,1,0.256,0,1,0
TXN105298,87.93233146691622,1,66.3113895232491,64.09,0,0.6104178097668024,0,1,0
TXN105299,65.11,4,7.64,39.6,0,0.173,0,1,0
TXN105300,106.71,8,5.86,224.92,1,0.446,0,1,0
TXN105301,92.15,22,5.52,31.82,1,0.23,0,0,0
TXN105302,81.87,19,5.06,65.16,0,0.394,0,1,0
TXN105303,56.35,16,1.93,254.61,1,0.266,0,1,0
TXN105304,108.21,1,0.91,60.47,0,0.555,0,1,0
TXN105305,69.42,12,10.24,112.91,0,0.215,0,0,0
TXN105306,41.57729290518827,13,11.639246507804911,98.97,1,0.764315760390661,0,1,0
TXN105307,4.94,13,7.31,224.66,0,0.254,0,1,0
TXN105308,100.94,11,8.26,132.37,0,0.413,0,1,0
TXN105309,39.8,17,8.8,24.28,1,0.155,0,1,0
TXN105310,80.96,11,2.0,95.7,1,0.236,0,1,0
TXN105311,85.94,6,2.15,428.1,0,0.215,0,1,0
TXN105312,40.66,13,16.76,31.32,1,0.204,0,0,0
TXN105313,120.64,20,12.68,128.65,0,0.158,0,1,0
TXN105314,53.95,14,4.98,280.71,0,0.536,0,1,0
TXN105315,66.52,12,6.64,222.84,0,0.088,0,1,0
TXN105316,36.91,14,4.62,72.48,0,0.087,0,1,0
TXN105317,56.53,13,1.66,33.61,2,0.402,0,1,0
TXN105318,78.74,16,10.23,105.4,0,0.282,0,1,0
TXN105319,19.8,1,13.1,57.86,0,0.661,0,1,0
TXN105320,170.51,11,13.24,21.96,1,0.358,0,0,0
TXN105321,198.65,10,10.73,198.08,1,0.617,0,1,0
TXN105322,59.32,8,14.03,43.56,0,0.118,0,1,0
TXN105323,35.51,13,12.44,38.84,0,0.518,0,0,0
TXN105324,120.29,20,7.47,13.71,1,0.482,0,1,0
TXN105325,90.93,12,3.29,171.42,0,0.443,0,1,0
TXN105326,140.83,13,11.61,216.16,0,0.22,0,1,0
TXN105327,63.56,13,2.29,41.13,1,0.382,0,1,0
TXN105328,78.92,18,6.04,251.06,0,0.345,0,1,0
TXN105329,8.67,12,7.58,24.21,0,0.021,0,1,0
TXN105330,95.36,4,14.71,81.66,0,0.309,0,0,0
TXN105331,36.95,14,1.88,107.85,0,0.331,0,1,0
TXN105332,134.67,9,8.46,103.22,0,0.093,0,1,0
TXN105333,109.48,9,2.56,24.8,0,0.183,0,0,0
TXN105334,45.36,19,24.95,81.67,0,0.372,0,1,0
TXN105335,55.17,10,6.43,234.56,0,0.579,0,0,0
TXN105336,41.2,11,4.29,80.5,0,0.262,0,1,0
TXN105337,220.08,17,10.47,272.83,0,0.594,0,1,0
TXN105338,138.94,19,7.61,10.22,0,0.107,0,1,0
TXN105339,158.51,10,10.16,12.01,0,0.117,1,1,0
TXN105340,103.77,5,229.25,11.4,5,0.796,0,0,1
TXN105341,92.97,13,4.58,67.34,0,0.444,0,1,0
TXN105342,66.07,13,6.09,121.2,0,0.631,0,1,0
TXN105343,40.76,0,0.78,218.75,0,0.733,0,1,0
TXN105344,60.02,10,8.68,26.16,0,0.437,0,1,0
TXN105345,126.88,19,12.17,68.67,0,0.308,0,1,0
TXN105346,30.2,9,5.32,233.27,0,0.473,0,1,0
TXN105347,14.4,17,7.42,15.9,2,0.446,0,1,0
TXN105348,51.83,8,4.88,19.46,1,0.111,0,1,0
TXN105349,186.13299351543523,9,31.013544124299088,263.37,0,0.6732843643755984,0,1,0
TXN105350,39.24,8,1.0,30.57,0,0.218,0,1,0
TXN105351,94.84544002327618,12,43.83701311517902,36.73,1,0.6873631358197154,0,1,0
TXN105352,104.48,9,8.27,108.47,0,0.537,0,1,0
TXN105353,299.6570884084115,14,12.866051719895653,161.38,0,0.5540865368745855,0,1,0
TXN105354,21.98,22,9.35,29.3,0,0.295,0,1,0
TXN105355,84.61,19,1.65,507.45,0,0.059,0,1,0
TXN105356,136.83,11,9.87,35.11,0,0.607,0,1,0
TXN105357,101.39,12,25.32,7.57,1,0.571,0,0,0
TXN105358,62.95,10,5.36,36.86,0,0.223,0,1,0
TXN105359,86.95,3,6.45,412.74,0,0.213,0,1,0
TXN105360,74.16,15,6.0,87.47,0,0.187,0,1,0
TXN105361,47.08,16,6.46,43.39,1,0.219,0,1,0
TXN105362,64.67,9,7.61,198.44,0,0.431,0,1,0
TXN105363,58.55,19,13.06,38.68,1,0.432,0,0,0
TXN105364,4.01,21,23.57,10.05,1,0.447,0,0,0
TXN105365,113.54,18,4.99,231.91,0,0.577,0,1,0
TXN105366,22.26,22,8.39,415.22,0,0.227,0,0,0
TXN105367,56.12,12,2.03,232.0,0,0.128,0,1,0
TXN105368,116.0,20,16.49,49.68,0,0.107,0,0,0
TXN105369,81.95,18,4.32,26.93,0,0.185,0,1,0
TXN105370,49.13,14,7.64,4.32,2,0.151,0,0,0
TXN105371,25.19,15,5.13,48.9,0,0.288,0,1,0
TXN105372,31.62,6,2.87,39.17,1,0.211,0,1,0
TXN105373,61.13,7,1.88,13.39,1,0.263,0,1,0
TXN105374,212.29,1,4.61,81.63,0,0.417,0,1,0
TXN105375,123.1,15,0.94,93.85,0,0.407,0,1,0
TXN105376,9.36,11,30.92,87.6,0,0.349,0,1,0
TXN105377,87.18,9,5.65,25.32,1,0.415,0,1,0
TXN105378,76.81,15,0.99,42.41,2,0.245,0,1,0
TXN105379,28.32,10,2.61,32.39,1,0.223,0,0,0
TXN105380,80.26,20,14.09,42.75,1,0.287,0,1,0
TXN105381,68.48,7,4.74,153.87,2,0.087,0,1,0
TXN105382,8.34,21,4.64,371.41,1,0.384,1,1,0
TXN105383,112.19,21,4.07,67.32,0,0.54,0,1,0
TXN105384,16.02,9,1.55,431.89,0,0.312,0,1,0
TXN105385,98.79,19,14.18,140.79,0,0.075,0,1,0
TXN105386,143.78,11,5.79,55.31,0,0.36,0,1,0
TXN105387,42.22,21,1.7,154.22,0,0.256,0,1,0
TXN105388,15.93,17,4.69,109.18,0,0.119,0,1,0
TXN105389,66.24,17,7.4,48.7,1,0.144,0,0,0
TXN105390,93.45,1,3.02,38.44,0,0.59,0,1,0
TXN105391,144.73,18,8.27,271.67,0,0.396,0,1,0
TXN105392,49.74,3,10.02,21.6,0,0.43,0,0,0
TXN105393,23.5,0,8.38,121.5,0,0.415,0,0,0
TXN105394,194.53,15,6.7,110.0,0,0.061,0,1,0
TXN105395,323.73613037559767,12,54.69188780514472,297.35,0,0.5711114466042512,0,1,0
TXN105396,50.85,20,6.04,184.91,1,0.382,0,1,0
TXN105397,79.27,14,4.24,236.88,1,0.377,0,0,0
TXN105398,146.34,14,7.77,339.18,0,0.34,0,1,0
TXN105399,278.6536823253548,19,5.326432063024131,141.54,0,0.5489647736451476,0,1,0
TXN105400,67.07,10,3.82,16.6,0,0.44,0,1,0
TXN105401,82.84,8,7.59,459.43,0,0.086,0,1,0
TXN105402,130.43,10,17.82,10.63,0,0.214,0,1,0
TXN105403,15.71,21,5.69,56.96,0,0.367,0,1,0
TXN105404,23.76,16,3.77,269.58,0,0.253,0,1,0
TXN105405,20.48,14,7.84,94.58,1,0.484,0,1,0
TXN105406,35.22,3,2.92,6.57,1,0.224,0,1,0
TXN105407,61.27,14,3.12,71.08,0,0.228,0,1,0
TXN105408,33.39,0,9.92,129.01,1,0.191,1,0,0
TXN105409,66.43,15,1.41,175.22,0,0.412,0,1,0
TXN105410,42.35,10,1.31,13.49,2,0.421,0,1,0
TXN105411,117.14,20,15.93,96.75,0,0.133,0,1,0
TXN105412,687.96,8,168.93,1.72,5,0.477,1,0,1
TXN105413,14.13,10,13.45,32.06,0,0.461,0,1,0
TXN105414,32.33,17,17.41,10.32,1,0.529,0,1,0
TXN105415,158.14,11,11.71,141.95,1,0.177,0,1,0
TXN105416,83.73,18,4.41,247.5,0,0.428,0,0,0
TXN105417,98.45,0,6.73,7.18,0,0.077,0,0,0
TXN105418,303.59861734718174,13,31.833234334901338,53.24,0,0.6182102017251628,0,1,0
TXN105419,113.81,16,6.56,555.28,1,0.333,0,1,0
TXN105420,90.4,14,10.2,46.24,1,0.571,0,1,0
TXN105421,9.69,19,2.21,75.51,0,0.352,0,1,0
TXN105422,113.97,11,10.73,43.1,0,0.428,0,1,0
TXN105423,151.8451526791962,2,43.992220524349385,5.09,1,0.2593166784461487,0,0,1
TXN105424,71.23,13,6.52,22.46,0,0.132,0,1,0
TXN105425,97.72,10,6.49,319.38,0,0.461,0,1,0
TXN105426,51.19,8,1.9,39.47,1,0.179,0,1,0
TXN105427,117.49,4,20.44,4.46,0,0.088,0,1,0
TXN105428,143.42,11,0.67,42.97,0,0.42,0,1,0
TXN105429,62.2,20,4.22,169.44,0,0.607,1,1,0
TXN105430,71.71,18,7.67,127.95,1,0.331,0,1,0
TXN105431,62.89,12,13.63,95.81,0,0.224,0,1,0
TXN105432,72.32,11,5.99,82.14,1,0.311,0,1,0
TXN105433,99.29,12,4.65,34.7,0,0.216,0,1,0
TXN105434,15.78,19,9.41,234.6,0,0.148,0,0,0
TXN105435,48.34274238507642,9,82.9441362880183,154.45,0,0.5184554701514369,0,1,0
TXN105436,95.47,19,0.66,60.64,1,0.152,0,1,0
TXN105437,63.01,17,3.84,97.86,1,0.13,0,0,0
TXN105438,162.17,17,1.7,49.6,1,0.102,0,1,0
TXN105439,85.58,19,1.01,109.02,0,0.545,0,1,0
TXN105440,70.99,13,2.3,185.06,0,0.09,0,1,0
TXN105441,214.95,12,13.23,284.84,0,0.276,0,1,0
TXN105442,66.45,19,3.41,46.25,0,0.24,0,1,0
TXN105443,52.8,17,21.13,164.22,0,0.404,0,1,0
TXN105444,22.2,2,5.18,8.33,0,0.115,0,1,0
TXN105445,26.98,14,6.29,52.48,0,0.134,0,1,0
TXN105446,148.93,0,2.44,54.18,1,0.431,0,1,0
TXN105447,33.49,10,2.03,83.32,1,0.286,0,0,0
TXN105448,45.87,12,7.4,34.25,0,0.136,0,1,0
TXN105449,133.35364198505482,23,39.01335003435344,161.39,0,0.622089851260892,0,1,0
TXN105450,782.14,5,181.18,1.92,2,0.901,1,1,1
TXN105451,171.77,9,4.31,187.1,0,0.52,0,0,0
TXN105452,36.87,0,1.09,548.75,1,0.188,0,0,0
TXN105453,74.45,5,7.27,3.97,0,0.168,0,0,0
TXN105454,313.86,11,4.46,4.39,0,0.369,0,1,0
TXN105455,62.63,9,12.02,402.39,0,0.43,0,1,0
TXN105456,65.53,2,3.25,14.55,1,0.584,0,1,0
TXN105457,17.0,12,8.1,196.73,1,0.316,1,1,0
TXN105458,132.51,15,0.46,81.3,1,0.58,0,0,0
TXN105459,131.85,15,0.55,203.68,1,0.289,0,0,0
TXN105460,64.9,13,10.35,33.5,0,0.387,0,1,0
TXN105461,65.96,11,9.4,66.57,0,0.228,0,1,0
TXN105462,45.55,8,7.02,53.11,1,0.286,0,1,0
TXN105463,112.45,16,5.73,2.69,0,0.601,1,1,0
TXN105464,99.48,18,9.75,605.17,0,0.268,0,1,0
TXN105465,81.62,14,4.22,8.05,1,0.638,0,1,0
TXN105466,15.66,6,16.71,26.92,0,0.324,0,1,0
TXN105467,106.58,1,11.14,106.06,0,0.299,0,1,0
TXN105468,63.47,6,18.43,74.71,0,0.143,0,0,0
TXN105469,30.57,6,3.81,189.51,0,0.271,0,1,0
TXN105470,54.54,14,1.43,117.66,0,0.246,0,1,0
TXN105471,52.65,18,4.18,7.78,1,0.51,0,0,0
TXN105472,26.44,11,7.83,1.98,0,0.44,1,1,0
TXN105473,13.18,12,14.75,5.48,0,0.05,0,1,0
TXN105474,144.62,16,4.54,8.81,1,0.075,0,1,0
TXN105475,157.46,9,3.08,32.96,0,0.249,0,1,0
TXN105476,697.95,20,338.7,3.2,1,0.81,0,0,1
TXN105477,23.84,5,10.2,41.07,1,0.3,0,1,0
TXN105478,100.59,17,6.68,48.59,0,0.03,0,0,0
TXN105479,98.88,8,10.72,76.28,0,0.397,0,1,0
TXN105480,29.56,18,3.77,238.52,0,0.664,0,1,0
TXN105481,2.74,15,2.98,231.08,0,0.523,0,1,0
TXN105482,40.03,12,5.32,59.64,1,0.372,0,1,0
TXN105483,183.96,12,7.59,209.51,1,0.525,0,1,0
TXN105484,111.02,20,16.6,88.61,0,0.285,0,1,0
TXN105485,546.23,1,44.41,5.94,3,0.81,0,0,1
TXN105486,190.12,12,5.64,201.0,0,0.293,0,1,0
TXN105487,103.76,16,1.3,31.25,1,0.417,1,1,0
TXN105488,108.86,10,7.41,39.14,0,0.063,0,0,0
TXN105489,171.61,9,9.77,53.79,0,0.462,1,1,0
TXN105490,50.11,19,5.45,127.79,1,0.262,0,1,0
TXN105491,22.24,8,3.68,49.49,0,0.157,0,0,0
TXN105492,167.24,20,2.43,16.33,0,0.387,0,0,0
TXN105493,35.0,19,1.67,112.15,0,0.208,1,1,0
TXN105494,889.89,14,62.05,1.61,5,0.758,0,0,1
TXN105495,41.77,15,0.5,85.26,0,0.217,0,1,0
TXN105496,74.36,11,4.33,35.97,0,0.625,0,1,0
TXN105497,76.46,12,0.94,76.9,0,0.286,0,1,0
TXN105498,308.84463574603103,12,165.49479455574556,303.67,0,0.591451055144641,0,1,0
TXN105499,75.51,9,6.13,53.79,0,0.138,0,1,0
TXN105500,31.61,20,2.73,112.12,0,0.373,0,1,0
TXN105501,1323.88,4,201.64,9.07,8,0.819,1,0,1
TXN105502,94.06,10,5.47,24.72,0,0.484,0,1,0
TXN105503,109.38,4,1.84,6.44,0,0.4,0,1,0
TXN105504,95.17,10,15.57,6.19,0,0.653,0,0,0
TXN105505,128.50257687760617,9,28.306232192112745,262.06,0,0.6442067726582924,0,1,0
TXN105506,114.54,1,8.84,145.4,1,0.47,0,1,0
TXN105507,26.97548266488195,18,61.28265366654048,15.77,0,0.6741968824343963,0,1,0
TXN105508,12.79,13,8.76,319.58,0,0.047,0,1,0
TXN105509,210.66164627466713,11,1.6122113984756705,49.86,0,0.7678558373115312,0,1,0
TXN105510,117.25,14,8.49,27.4,0,0.368,0,1,0
TXN105511,109.11,22,6.71,25.69,1,0.126,0,1,0
TXN105512,18.31,17,17.83,26.95,1,0.49,0,1,0
TXN105513,54.09,13,11.01,72.14,1,0.42,0,1,0
TXN105514,142.48,4,317.48,7.2,2,0.575,1,0,1
TXN105515,90.41,9,1.64,146.37,0,0.538,0,1,0
TXN105516,7.72,10,3.47,29.56,1,0.6,0,1,0
TXN105517,136.28,22,4.87,339.12,0,0.14,0,1,0
TXN105518,116.94,11,10.24,293.08,0,0.299,0,1,0
TXN105519,26.67,3,6.72,22.02,0,0.495,0,1,0
TXN105520,152.87,8,4.73,155.77,0,0.267,0,1,0
TXN105521,83.07,6,16.0,117.06,0,0.044,0,1,0
TXN105522,123.56,19,0.34,209.25,0,0.182,0,1,0
TXN105523,50.45,16,18.47,302.98,0,0.295,0,1,0
TXN105524,138.16,14,7.08,144.25,0,0.482,0,1,0
TXN105525,95.22,16,2.55,205.24,1,0.478,0,0,0
TXN105526,143.48,11,10.03,61.92,0,0.197,0,0,0
TXN105527,29.89,21,4.94,165.39,0,0.733,0,1,0
TXN105528,109.36,17,7.4,196.16,0,0.297,0,1,0
TXN105529,44.22,14,7.33,20.19,0,0.177,0,1,0
TXN105530,3.76,11,1.18,78.56,1,0.09,0,1,0
TXN105531,54.44,8,2.28,256.88,0,0.353,0,1,0
TXN105532,66.01,17,8.97,133.7,0,0.428,0,1,0
TXN105533,81.39,16,10.01,67.09,0,0.128,0,0,0
TXN105534,99.65,15,11.0,54.5,1,0.059,0,1,0
TXN105535,21.97,12,5.29,200.08,1,0.245,0,1,0
TXN105536,70.84,13,0.17,56.54,0,0.261,0,1,0
TXN105537,55.68,11,2.02,37.92,0,0.748,0,1,0
TXN105538,97.19,19,2.28,2.42,0,0.071,0,1,0
TXN105539,540.45,13,169.69,7.86,4,0.903,0,0,1
TXN105540,24.44,19,4.19,127.4,1,0.202,1,1,0
TXN105541,104.34,20,24.6,145.84,0,0.1,0,1,0
TXN105542,67.24,17,8.35,62.13,0,0.081,0,1,0
TXN105543,242.66,1,22.81,325.18,0,0.275,0,1,0
TXN105544,35.36,2,19.95,5.88,0,0.123,0,1,0
TXN105545,79.9,5,14.97,343.76,0,0.608,0,1,0
TXN105546,73.22,12,5.65,15.04,0,0.155,0,1,0
TXN105547,125.83,7,4.77,208.32,1,0.18,0,1,0
TXN105548,71.06,14,1.95,181.71,0,0.394,0,1,0
TXN105549,56.58,19,6.4,48.5,0,0.11,1,0,0
TXN105550,77.37,20,22.74,2.17,0,0.475,0,1,0
TXN105551,81.74,11,3.2,55.9,0,0.361,0,0,0
TXN105552,60.44,8,1.2,89.45,0,0.129,0,1,0
TXN105553,32.63,9,5.6,44.12,2,0.326,0,1,0
TXN105554,630.56,5,180.07,6.04,5,0.46,0,0,1
TXN105555,18.82,10,4.23,35.6,0,0.109,0,0,0
TXN105556,285.23,12,8.54,33.81,2,0.511,0,1,0
TXN105557,20.42,8,2.28,209.41,0,0.287,0,1,0
TXN105558,107.67,12,10.91,321.29,1,0.13,1,1,0
TXN105559,15.43,9,25.11,59.09,1,0.239,0,1,0
TXN105560,342.2178170526101,13,24.07958379345895,22.11,0,0.6227957428738677,0,0,0
TXN105561,128.9,4,5.72,4.31,0,0.416,0,0,0
TXN105562,165.72,11,6.36,15.18,0,0.355,0,1,0
TXN105563,139.0,14,6.7,96.26,1,0.235,0,1,0
TXN105564,16.9,9,14.89,19.88,0,0.225,0,1,0
TXN105565,99.94,15,4.54,353.49,0,0.15,0,1,0
TXN105566,69.15,17,11.56,67.53,0,0.374,0,1,0
TXN105567,5.6,19,27.87,15.98,0,0.254,0,1,0
TXN105568,15.58,4,1.78,10.78,0,0.391,0,1,0
TXN105569,71.73,8,2.85,25.63,0,0.236,0,1,0
TXN105570,222.14363481241327,9,76.45724949320673,374.39,0,0.6619684421080125,1,0,0
TXN105571,29.54,12,5.82,97.04,1,0.105,0,0,0
TXN105572,199.03,3,8.75,288.18,0,0.174,0,1,0
TXN105573,211.15,19,17.86,125.37,0,0.338,1,1,0
TXN105574,154.33,15,5.39,138.42,1,0.042,0,1,0
TXN105575,103.28,19,1.44,42.37,0,0.324,0,1,0
TXN105576,67.91,3,12.84,56.16,1,0.437,0,1,0
TXN105577,38.25,16,13.78,677.6,0,0.258,1,1,0
TXN105578,63.48,1,4.83,7.23,0,0.478,0,1,0
TXN105579,80.66,10,10.88,204.27,0,0.226,0,1,0
TXN105580,13.8,2,22.51,508.17,0,0.076,1,1,0
TXN105581,262.93,8,6.83,80.69,0,0.257,0,1,0
TXN105582,176.53,13,6.74,13.25,0,0.539,0,1,0
TXN105583,33.49,16,10.0,30.67,1,0.097,0,1,0
TXN105584,78.79,14,26.43,36.55,0,0.207,0,1,0
TXN105585,76.88,15,14.56,15.17,0,0.081,0,1,0
TXN105586,193.69,6,0.43,209.28,0,0.045,0,1,0
TXN105587,12.79,19,5.37,27.54,0,0.022,0,1,0
TXN105588,110.26,18,3.27,240.44,0,0.727,0,0,0
TXN105589,87.7,15,3.4,229.65,0,0.308,0,0,0
TXN105590,26.84,17,1.31,112.81,0,0.266,0,1,0
TXN105591,33.15,8,5.74,3.77,0,0.226,0,1,0
TXN105592,79.92,11,2.53,32.06,1,0.227,0,1,0
TXN105593,126.69,3,10.27,19.04,0,0.062,0,1,0
TXN105594,97.98,19,8.81,11.41,1,0.437,0,0,0
TXN105595,574.28,12,137.65,2.67,7,0.874,1,0,1
TXN105596,42.94,5,6.14,172.39,1,0.231,0,1,0
TXN105597,30.05,8,8.8,104.36,0,0.129,0,0,0
TXN105598,29.76,0,7.38,65.31,0,0.428,0,1,0
TXN105599,421.0381033061512,17,238.7775116235625,127.87,0,0.6423311905366892,0,0,0
TXN105600,88.51,17,4.28,158.18,0,0.285,0,0,0
TXN105601,71.91,8,10.07,57.84,0,0.364,0,1,0
TXN105602,27.08,19,9.93,28.77,0,0.278,0,1,0
TXN105603,12.07,7,6.0,72.7,1,0.259,0,1,0
TXN105604,63.54,7,9.08,13.53,1,0.178,0,1,0
TXN105605,9.04,15,4.48,386.81,0,0.1,0,1,0
TXN105606,8.619030218435428,8,30.525661373539084,23.3,5,0.2583927882747086,1,0,1
TXN105607,60.22,12,9.34,24.12,1,0.348,0,1,0
TXN105608,7.6,11,6.93,132.3,0,0.37,0,0,0
TXN105609,8.97,9,7.24,108.99,1,0.414,0,1,0
TXN105610,183.5,2,4.86,197.62,0,0.336,1,1,0
TXN105611,310.3,20,5.89,372.68,1,0.606,0,1,0
TXN105612,92.09,17,24.09,180.85,0,0.615,0,1,0
TXN105613,55.54,13,2.63,110.06,0,0.41,1,1,0
TXN105614,97.05,11,10.05,64.0,1,0.226,0,1,0
TXN105615,36.82929705676425,23,87.24398403476945,94.66,0,0.7958484046556542,0,1,0
TXN105616,157.37,20,4.04,168.7,2,0.186,0,0,0
TXN105617,540.81,9,218.43,15.08,3,0.905,0,0,1
TXN105618,121.22,22,33.22,472.15,1,0.313,1,1,0
TXN105619,206.03,21,21.44,89.47,0,0.262,0,1,0
TXN105620,123.26,11,1.07,154.56,0,0.127,0,1,0
TXN105621,144.77,3,23.96,198.48,0,0.386,0,1,0
TXN105622,133.04,8,19.29,69.57,0,0.132,0,1,0
TXN105623,155.83,15,3.02,4.63,0,0.672,0,1,0
TXN105624,56.02,4,5.08,51.49,1,0.102,0,1,0
TXN105625,22.66,2,0.74,157.43,0,0.448,0,0,0
TXN105626,94.29,18,3.7,97.6,0,0.387,0,1,0
TXN105627,40.18,14,4.45,89.12,0,0.361,0,1,0
TXN105628,95.15,13,4.15,133.32,0,0.265,0,1,0
TXN105629,63.7,22,2.58,36.22,0,0.265,0,0,0
TXN105630,120.73,21,10.13,78.94,0,0.073,0,1,0
TXN105631,122.10722406819255,4,96.4706935201019,10.43,0,0.5329440573337275,0,0,0
TXN105632,56.34,12,4.93,194.78,0,0.585,0,1,0
TXN105633,55.82,23,2.1,126.47,0,0.21,0,0,0
TXN105634,1165.02,7,405.32,2.98,2,0.9,1,0,1
TXN105635,190.66,12,7.44,37.51,0,0.142,0,1,0
TXN105636,181.26,15,18.88,101.1,0,0.163,0,1,0
TXN105637,120.74,0,2.86,91.84,1,0.238,0,1,0
TXN105638,50.92,18,11.25,56.66,1,0.597,0,1,0
TXN105639,222.25,20,23.16,90.7,0,0.126,0,1,0
TXN105640,69.53,9,25.88,130.89,0,0.092,0,0,0
TXN105641,25.95,11,4.13,65.95,0,0.174,0,1,0
TXN105642,71.73,4,5.68,79.59,0,0.548,0,1,0
TXN105643,8.47,11,1.97,115.7,0,0.201,0,1,0
TXN105644,10.1,14,5.84,38.0,0,0.125,0,1,0
TXN105645,68.6,14,10.21,4.46,1,0.242,0,0,0
TXN105646,163.88,10,2.67,62.45,0,0.085,1,1,0
TXN105647,41.34,14,0.99,112.78,0,0.644,0,1,0
TXN105648,33.35,13,4.73,37.72,0,0.458,0,1,0
TXN105649,34.37,17,10.72,80.07,1,0.325,0,1,0
TXN105650,91.52,20,39.87,215.91,1,0.442,0,1,0
TXN105651,81.06701914961964,11,40.97273508763299,55.96,0,0.5367022366658221,0,1,0
TXN105652,54.31,20,23.4,537.37,0,0.122,0,1,0
TXN105653,69.74,11,16.94,3.38,0,0.255,0,0,0
TXN105654,39.46,12,10.6,341.47,0,0.103,0,1,0
TXN105655,213.02,14,0.56,5.1,0,0.111,1,1,0
TXN105656,51.41,13,2.36,3.98,0,0.265,0,1,0
TXN105657,26.83,4,7.76,12.54,0,0.447,0,1,0
TXN105658,21.36,15,2.52,4.1,0,0.547,0,0,0
TXN105659,115.9,12,3.58,2.09,0,0.165,0,1,0
TXN105660,210.5,10,6.32,54.1,0,0.369,0,1,0
TXN105661,44.39,22,15.58,2.59,0,0.187,0,1,0
TXN105662,129.44,14,14.68,91.37,1,0.099,0,1,0
TXN105663,71.55,1,4.24,444.6,0,0.427,0,1,0
TXN105664,102.73,1,3.3,58.49,0,0.458,0,1,0
TXN105665,53.54,17,5.83,30.33,0,0.193,0,1,0
TXN105666,16.11,22,1.34,29.16,0,0.378,0,0,0
TXN105667,147.77,23,6.06,29.28,0,0.55,0,0,0
TXN105668,47.11,16,8.61,157.98,1,0.12,0,1,0
TXN105669,69.41,14,9.6,198.64,0,0.212,0,1,0
TXN105670,110.7,13,6.48,7.45,0,0.194,0,1,0
TXN105671,25.27,5,10.55,84.06,0,0.413,0,1,0
TXN105672,26.75,19,4.85,313.91,0,0.171,0,0,0
TXN105673,13.18,19,14.06,176.21,1,0.065,0,1,0
TXN105674,43.98,22,11.73,407.71,0,0.107,1,1,0
TXN105675,97.58,5,1.08,56.16,0,0.38,0,1,0
TXN105676,76.71,12,3.61,189.37,0,0.108,0,1,0
TXN105677,81.07,20,5.1,36.27,1,0.354,0,1,0
TXN105678,25.96,1,15.41,419.31,2,0.503,0,1,0
TXN105679,123.61,4,7.09,35.44,1,0.126,0,1,0
TXN105680,506.97,4,149.85,12.5,2,0.518,1,0,1
TXN105681,286.52,14,2.63,104.25,0,0.077,0,1,0
TXN105682,155.01,8,0.4,439.98,0,0.09,0,1,0
TXN105683,13.8,16,14.19,41.69,0,0.027,0,1,0
TXN105684,61.43,20,11.64,23.35,0,0.253,0,1,0
TXN105685,71.64,17,12.11,99.72,0,0.245,0,1,0
TXN105686,29.7,18,3.88,209.68,0,0.104,0,1,0
TXN105687,94.6,20,1.82,95.04,0,0.355,0,0,0
TXN105688,23.02,14,1.22,30.95,1,0.162,0,1,0
TXN105689,60.57,2,11.49,20.72,0,0.405,0,1,0
TXN105690,134.65,10,6.6,202.29,1,0.393,0,1,0
TXN105691,43.2,14,10.79,65.63,0,0.036,0,1,0
TXN105692,289.59,10,0.84,46.01,0,0.175,0,0,0
TXN105693,83.28,19,11.08,133.76,1,0.313,0,1,0
TXN105694,79.33,6,6.46,134.91,0,0.348,0,1,0
TXN105695,107.7,0,8.48,150.23,2,0.486,0,1,0
TXN105696,28.88,14,3.47,32.02,0,0.205,0,1,0
TXN105697,38.6,8,9.04,323.5,0,0.222,0,1,0
TXN105698,133.01,13,11.84,164.43,0,0.209,1,1,0
TXN105699,83.62,17,9.84,83.46,0,0.147,0,1,0
TXN105700,56.85,8,4.4,169.94,0,0.043,0,1,0
TXN105701,665.35,2,310.83,3.9,2,0.8,1,0,1
TXN105702,87.75,0,12.44,54.87,0,0.24,0,1,0
TXN105703,83.18,16,5.17,107.96,1,0.152,0,1,0
TXN105704,59.27,8,5.85,143.15,0,0.236,0,0,0
TXN105705,108.75,13,4.74,443.5,0,0.106,0,1,0
TXN105706,8.37,11,6.58,119.83,0,0.479,0,1,0
TXN105707,48.81,16,16.25,385.08,0,0.125,0,1,0
TXN105708,37.55,15,0.72,215.99,1,0.078,0,1,0
TXN105709,190.95,4,5.86,74.77,1,0.307,0,1,0
TXN105710,31.97,18,10.76,51.5,0,0.264,0,1,0
TXN105711,1531.1669861177177,9,90.17727065343458,1.21,0,0.5365364083402756,0,1,0
TXN105712,75.39,10,8.74,140.56,0,0.361,0,1,0
TXN105713,44.72,19,1.38,8.26,0,0.341,0,1,0
TXN105714,23.2,18,10.35,26.55,0,0.211,0,1,0
TXN105715,101.77,17,7.71,124.15,0,0.474,0,1,0
TXN105716,60.41,1,9.04,253.86,1,0.444,0,1,0
TXN105717,56.92,11,6.92,369.96,0,0.459,0,1,0
TXN105718,57.7,18,10.17,92.73,0,0.261,0,1,0
TXN105719,97.36,18,7.88,70.64,0,0.101,0,0,0
TXN105720,47.25,20,1.86,106.64,1,0.211,0,1,0
TXN105721,39.01,14,7.58,497.36,0,0.361,0,1,0
TXN105722,55.95,15,5.43,21.04,1,0.394,0,1,0
TXN105723,32.33,13,0.42,60.81,0,0.063,1,1,0
TXN105724,45.97,9,3.23,42.93,0,0.34,0,0,0
TXN105725,141.69,6,3.54,29.31,0,0.174,0,1,0
TXN105726,144.89,8,6.84,164.36,1,0.318,0,1,0
TXN105727,357.14851871410434,11,39.52332865504106,181.52,0,0.6470207706446147,0,1,0
TXN105728,129.72,11,4.29,1.25,0,0.335,0,0,0
TXN105729,38.39,16,12.28,214.83,0,0.172,0,1,0
TXN105730,52.8,8,9.51,166.71,1,0.226,0,1,0
TXN105731,34.97,9,7.03,25.93,0,0.537,0,1,0
TXN105732,5.25,4,5.16,22.74,0,0.412,0,1,0
TXN105733,33.09,15,7.23,103.95,0,0.469,1,1,0
TXN105734,89.88,10,13.54,87.86,0,0.275,0,1,0
TXN105735,40.51,20,2.29,124.5,1,0.231,0,1,0
TXN105736,25.24,16,17.43,16.37,0,0.149,0,0,0
TXN105737,55.37,16,15.63,183.44,0,0.179,0,0,0
TXN105738,17.17,19,16.78,61.61,1,0.495,0,1,0
TXN105739,129.32,13,13.85,173.62,1,0.127,0,1,0
TXN105740,159.04,4,186.87,4.51,6,0.865,1,0,1
TXN105741,42.8,16,2.67,4.41,0,0.455,0,0,0
TXN105742,159.28,9,3.05,136.26,0,0.265,0,1,0
TXN105743,11.35,22,8.86,136.93,0,0.288,0,0,0
TXN105744,12.22,12,10.66,1.64,0,0.246,0,1,0
TXN105745,22.41,16,1.35,101.01,0,0.094,0,1,0
TXN105746,69.34,21,6.1,231.88,1,0.211,0,1,0
TXN105747,8.75,16,34.95,133.38,1,0.454,0,1,0
TXN105748,64.27,20,12.22,21.05,0,0.425,0,1,0
TXN105749,6.83,10,13.74,100.63,0,0.306,0,1,0
TXN105750,221.84,11,0.29,70.67,0,0.294,0,1,0
TXN105751,45.69,17,0.97,128.48,0,0.232,0,1,0
TXN105752,115.22,8,20.52,25.05,0,0.043,0,1,0
TXN105753,233.15,13,62.38,5.24,4,0.566,1,0,1
TXN105754,36.59,8,6.4,2.57,0,0.194,0,1,0
TXN105755,124.03,11,329.27,1.09,4,0.874,1,0,1
TXN105756,28.81,15,3.06,47.84,0,0.578,0,0,0
TXN105757,81.95,18,1.49,143.9,1,0.151,0,1,0
TXN105758,59.5,9,7.19,32.85,0,0.275,0,1,0
TXN105759,186.52,20,3.78,156.92,1,0.318,0,1,0
TXN105760,127.31,13,12.86,15.08,0,0.541,0,1,0
TXN105761,25.91,8,4.74,53.32,0,0.441,0,1,0
TXN105762,37.73,18,9.49,181.78,0,0.146,0,0,0
TXN105763,42.18,19,23.73,83.11,0,0.125,0,1,0
TXN105764,91.97,16,6.88,184.52,1,0.533,0,0,0
TXN105765,204.41,1,5.23,56.05,1,0.267,0,0,0
TXN105766,79.44,19,9.94,69.94,0,0.159,0,1,0
TXN105767,43.56,17,12.12,132.17,2,0.132,0,1,0
TXN105768,5.35,20,6.13,39.15,0,0.14,0,1,0
TXN105769,94.11,12,3.91,264.26,4,0.204,0,1,0
TXN105770,104.98,19,7.36,98.06,0,0.204,0,1,0
TXN105771,76.24,15,7.7,75.29,0,0.322,1,1,0
TXN105772,18.09,18,5.33,15.39,1,0.192,0,0,0
TXN105773,229.36,18,4.93,334.8,0,0.155,0,1,0
TXN105774,162.42,17,9.07,57.16,1,0.139,0,1,0
TXN105775,15.07,12,2.56,1.96,0,0.31,0,1,0
TXN105776,16.97,20,7.82,252.75,0,0.534,0,0,0
TXN105777,47.74,18,19.82,2.99,1,0.572,0,1,0
TXN105778,30.17,16,6.73,42.44,0,0.076,0,1,0
TXN105779,114.62,12,3.32,314.94,0,0.035,0,0,0
TXN105780,54.18,19,7.91,123.82,1,0.366,0,1,0
TXN105781,237.82,12,15.21,28.09,0,0.118,0,0,0
TXN105782,50.77,21,3.14,44.49,1,0.418,0,1,0
TXN105783,95.55,8,3.26,138.52,0,0.446,0,1,0
TXN105784,13.7,12,11.57,40.97,0,0.559,0,1,0
TXN105785,39.34,19,6.65,43.33,0,0.352,0,1,0
TXN105786,70.13,19,7.85,65.23,2,0.491,1,0,0
TXN105787,108.06,20,5.0,64.02,0,0.037,0,1,0
TXN105788,70.82,15,6.45,20.47,0,0.321,1,1,0
TXN105789,74.07,13,3.06,21.86,1,0.141,0,1,0
TXN105790,180.1,14,13.5,10.97,1,0.234,0,1,0
TXN105791,89.03,9,4.02,147.59,0,0.114,0,1,0
TXN105792,55.73,13,17.84,0.61,1,0.12,0,1,0
TXN105793,116.26,17,13.99,53.58,0,0.556,0,1,0
TXN105794,17.11,18,3.99,21.77,0,0.142,0,1,0
TXN105795,910.11,17,285.53,1.47,6,0.745,1,1,1
TXN105796,24.92,2,1.04,56.05,0,0.364,0,0,0
TXN105797,100.86,11,4.19,94.52,0,0.24,0,1,0
TXN105798,148.54,19,22.0,9.66,0,0.069,0,1,0
TXN105799,68.7,12,4.92,52.36,0,0.463,0,0,0
TXN105800,63.42,10,0.79,73.07,1,0.545,0,1,0
TXN105801,71.13,8,17.05,53.17,0,0.246,0,0,0
TXN105802,286.32,20,1.91,130.99,1,0.045,0,1,0
TXN105803,99.65,2,1.89,53.57,1,0.595,0,1,0
TXN105804,27.97,13,26.42,173.65,0,0.141,0,1,0
TXN105805,17.38,8,5.96,180.85,1,0.358,0,1,0
TXN105806,15.31,20,7.55,88.9,1,0.304,0,0,0
TXN105807,31.09,0,19.54,160.33,0,0.3,0,1,0
TXN105808,71.08,1,14.87,23.78,0,0.382,0,1,0
TXN105809,103.04,1,14.06,78.21,1,0.044,0,1,0
TXN105810,68.54,13,24.71,277.26,1,0.125,0,1,0
TXN105811,98.35,12,12.56,36.51,0,0.13,0,1,0
TXN105812,13.59,9,8.2,80.68,0,0.459,0,1,0
TXN105813,76.88,19,1.4,128.47,0,0.167,0,1,0
TXN105814,149.76515080300663,13,38.23942009370915,26.16,0,0.7821746112853787,0,1,0
TXN105815,28.584049644929888,20,18.535658597198672,240.31,2,0.5339877314651957,0,1,0
TXN105816,58.58,16,8.62,34.6,0,0.491,0,1,0
TXN105817,13.7,10,1.55,199.69,0,0.153,0,1,0
TXN105818,239.11,10,1.99,9.02,0,0.193,0,1,0
TXN105819,29.52,18,12.58,84.99,0,0.078,0,1,0
TXN105820,78.83,9,7.75,178.5,1,0.488,0,1,0
TXN105821,145.14130543550792,10,5.184899698507769,184.12,1,0.5921363859082172,0,1,0
TXN105822,70.86,16,0.96,90.95,0,0.197,0,0,0
TXN105823,83.39,14,5.3,3.34,0,0.115,0,1,0
TXN105824,26.27,8,4.29,36.03,0,0.27,0,1,0
TXN105825,30.01,14,0.35,313.75,1,0.497,0,0,0
TXN105826,107.7,14,24.71,57.29,0,0.36,0,1,0
TXN105827,165.75911177819418,13,117.72176745705154,58.13,0,0.7479551068308784,0,1,0
TXN105828,144.06,12,18.4,70.22,1,0.195,0,1,0
TXN105829,70.44,19,1.43,38.91,0,0.668,0,1,0
TXN105830,24.55,10,26.92,21.84,0,0.506,0,1,0
TXN105831,157.79,20,6.93,55.8,0,0.253,0,1,0
TXN105832,74.31,18,2.1,59.42,1,0.769,0,1,0
TXN105833,114.97,1,4.2,38.3,0,0.297,0,1,0
TXN105834,32.67,11,0.89,275.92,0,0.3,0,1,0
TXN105835,57.72,12,9.77,268.95,0,0.225,0,1,0
TXN105836,54.74,9,7.61,38.1,0,0.384,0,1,0
TXN105837,389.1136805714478,9,97.1900309627259,191.46,0,0.7841568130964489,0,1,0
TXN105838,11.12,7,3.74,25.41,1,0.118,0,1,0
TXN105839,23.75,20,4.03,222.94,0,0.136,0,1,0
TXN105840,72.48,20,19.23,76.72,0,0.098,0,1,0
TXN105841,12.22,17,12.46,143.98,0,0.386,0,1,0
TXN105842,46.25,20,1.33,143.81,1,0.532,0,1,0
TXN105843,19.93,17,4.84,50.3,0,0.191,0,0,0
TXN105844,582.9244761465218,18,48.090962384879155,51.58,0,0.5324067002199313,0,0,0
TXN105845,428.41,15,214.02,1.86,2,0.819,1,0,1
TXN105846,250.3,20,6.78,405.54,0,0.218,0,0,0
TXN105847,492.9012209125578,19,68.2907525684388,0.53,0,0.7817583201145528,0,0,0
TXN105848,855.559563535544,12,61.57568804865316,98.03,1,0.5241227116380707,0,1,0
TXN105849,101.59,0,10.79,9.85,0,0.217,0,1,0
TXN105850,97.13,18,3.76,364.03,0,0.227,0,1,0
TXN105851,49.81,13,11.07,301.14,1,0.471,0,1,0
TXN105852,28.34,13,12.28,25.67,1,0.331,0,1,0
TXN105853,72.13,9,1.98,23.86,0,0.233,0,1,0
TXN105854,23.42,13,15.23,90.83,0,0.625,0,0,0
TXN105855,62.48,20,0.51,92.47,0,0.295,0,1,0
TXN105856,151.24,14,7.53,431.38,0,0.361,0,0,0
TXN105857,66.66,2,6.16,75.68,1,0.665,0,1,0
TXN105858,40.5,20,0.5,65.62,0,0.141,0,1,0
TXN105859,144.41,12,3.09,180.7,0,0.213,0,1,0
TXN105860,966.5,21,102.7,3.12,4,0.262,1,0,1
TXN105861,73.06,12,27.13,79.14,1,0.093,0,1,0
TXN105862,86.92,18,4.67,146.24,0,0.267,0,1,0
TXN105863,55.46,16,9.27,69.75,0,0.082,0,1,0
TXN105864,102.99,15,6.94,181.6,2,0.123,0,1,0
TXN105865,232.39,8,9.29,39.14,0,0.126,0,1,0
TXN105866,89.7,16,8.32,256.87,0,0.148,0,1,0
TXN105867,41.9,13,0.38,287.03,2,0.468,0,1,0
TXN105868,20.0,3,2.02,32.53,0,0.374,0,1,0
TXN105869,178.87,21,5.2,58.27,0,0.116,0,1,0
TXN105870,179.7,12,21.03,12.31,0,0.534,0,1,0
TXN105871,77.57,21,35.57,7.72,0,0.231,0,1,0
TXN105872,76.24,5,6.09,14.88,0,0.365,0,1,0
TXN105873,22.4,16,6.83,204.37,0,0.331,0,1,0
TXN105874,91.76,13,7.25,25.8,0,0.39,0,0,0
TXN105875,95.18,13,5.4,29.88,0,0.366,0,1,0
TXN105876,50.72,2,12.78,104.28,0,0.249,0,1,0
TXN105877,17.0,13,5.83,30.17,0,0.378,0,1,0
TXN105878,17.13,8,16.02,221.29,0,0.462,0,0,0
TXN105879,143.75,14,8.96,56.79,1,0.403,0,1,0
TXN105880,64.5,4,29.71,139.93,0,0.236,0,1,0
TXN105881,49.41,19,15.62,103.19,1,0.543,0,1,0
TXN105882,74.23,19,4.17,124.05,0,0.352,0,1,0
TXN105883,32.51,15,3.02,182.64,0,0.281,0,1,0
TXN105884,19.63,12,1.46,51.11,0,0.624,0,1,0
TXN105885,48.06,19,6.52,158.67,0,0.264,0,1,0
TXN105886,33.59,9,5.9,84.33,1,0.127,0,1,0
TXN105887,103.43,17,1.04,240.25,0,0.304,0,0,0
TXN105888,21.9,15,1.81,140.67,0,0.347,0,1,0
TXN105889,57.42,8,4.12,323.83,0,0.238,0,1,0
TXN105890,38.73,20,6.31,20.69,0,0.398,0,0,0
TXN105891,31.65,4,3.07,306.38,0,0.075,0,1,0
TXN105892,85.78,7,0.16,103.72,0,0.375,0,1,0
TXN105893,70.37,15,11.79,201.29,0,0.161,0,1,0
TXN105894,36.28,8,7.74,43.13,0,0.532,0,1,0
TXN105895,86.09,6,10.21,109.16,0,0.037,0,1,0
TXN105896,127.01,14,18.94,26.8,0,0.127,0,1,0
TXN105897,206.47951846988053,12,218.85951765146,129.38,0,0.5762534519696014,0,1,0
TXN105898,84.86,5,7.31,362.36,0,0.331,0,1,0
TXN105899,15.89,17,1.13,156.19,0,0.216,0,1,0
TXN105900,52.52,0,1.78,184.83,2,0.264,0,0,0
TXN105901,69.58495920857203,19,31.12955748793452,21.45,0,0.5840782224152248,0,1,0
TXN105902,174.91,15,0.77,11.6,1,0.258,0,0,0
TXN105903,16.38,11,17.3,68.72,1,0.583,0,0,0
TXN105904,75.41,20,2.52,87.59,0,0.361,0,1,0
TXN105905,43.05,6,0.43,19.55,1,0.219,0,0,0
TXN105906,8.36,4,2.39,183.73,0,0.434,0,1,0
TXN105907,80.91,10,0.39,29.71,0,0.036,0,1,0
TXN105908,57.02,5,5.15,38.06,0,0.276,0,1,0
TXN105909,80.56,12,12.17,72.99,0,0.18,0,1,0
TXN105910,33.81,19,4.42,133.42,0,0.627,0,1,0
TXN105911,112.79,13,9.72,137.69,0,0.293,0,1,0
TXN105912,156.15,17,16.36,31.42,1,0.276,0,0,0
TXN105913,21.27,0,4.72,152.35,0,0.4,0,1,0
TXN105914,45.69,13,11.02,274.67,0,0.255,0,0,0
TXN105915,164.75,22,6.51,50.87,0,0.047,0,1,0
TXN105916,24.72,3,14.41,2.77,0,0.115,1,1,0
TXN105917,73.67,19,5.36,423.04,0,0.307,0,1,0
TXN105918,14.68,19,8.15,164.56,0,0.091,0,0,0
TXN105919,61.23,4,3.89,454.68,0,0.233,0,0,0
TXN105920,65.16,9,3.59,28.14,0,0.031,0,1,0
TXN105921,112.57,15,9.09,142.71,0,0.373,0,0,0
TXN105922,87.46,11,14.24,60.52,0,0.288,0,1,0
TXN105923,133.7615132851701,12,19.57156465972565,296.02,0,0.5180530823364259,0,1,0
TXN105924,13.5,23,5.23,38.39,1,0.19,0,1,0
TXN105925,122.14,11,3.14,30.45,0,0.622,0,1,0
TXN105926,36.44,10,1.78,37.58,0,0.099,0,1,0
TXN105927,130.62,15,33.93,186.21,1,0.055,0,1,0
TXN105928,78.43,19,13.34,47.31,2,0.184,0,1,0
TXN105929,76.3,20,5.04,11.23,1,0.312,0,0,0
TXN105930,64.13,19,1.98,0.43,0,0.229,0,1,0
TXN105931,67.16,12,2.73,81.37,1,0.368,0,1,0
TXN105932,64.69,9,7.08,94.47,0,0.34,0,1,0
TXN105933,43.57,15,10.34,119.46,0,0.356,0,1,0
TXN105934,104.25,11,4.52,110.25,1,0.627,0,1,0
TXN105935,55.736730704507565,2,14.987050863025368,87.13,0,0.7220320524641011,1,1,0
TXN105936,70.19,11,7.2,21.36,0,0.623,0,1,0
TXN105937,458.62149834837305,20,17.1680642927599,31.19,1,0.6008962831562875,1,1,0
TXN105938,47.65,13,10.77,46.33,0,0.238,0,1,0
TXN105939,25.32,20,12.27,69.65,1,0.073,0,0,0
TXN105940,191.37,20,1.51,135.91,0,0.204,0,0,0
TXN105941,115.45,11,8.5,61.17,0,0.204,0,1,0
TXN105942,71.01,17,0.74,33.53,0,0.442,0,1,0
TXN105943,57.19,11,5.45,94.46,0,0.093,0,1,0
TXN105944,556.184266936912,17,39.332297401057545,33.92,1,0.5038784557216728,0,1,0
TXN105945,117.41,8,2.63,51.78,1,0.222,0,0,0
TXN105946,29.15,16,3.05,30.49,1,0.168,0,1,0
TXN105947,32.54,20,2.43,47.73,1,0.532,0,1,0
TXN105948,46.99,15,9.41,91.53,0,0.083,0,1,0
TXN105949,56.45,16,4.11,87.02,0,0.422,0,1,0
TXN105950,71.5,9,16.02,392.25,0,0.193,0,0,0
TXN105951,60.12,14,7.91,138.74,1,0.264,0,1,0
TXN105952,139.34,10,12.1,39.66,0,0.448,0,1,0
TXN105953,17.22,19,7.05,19.22,0,0.084,0,1,0
TXN105954,78.04,9,3.48,12.4,0,0.079,0,0,0
TXN105955,65.72,6,0.82,51.78,0,0.107,0,1,0
TXN105956,14.06,15,2.92,35.02,0,0.278,0,0,0
TXN105957,49.27,23,0.13,35.57,1,0.209,0,1,0
TXN105958,48.18,0,7.47,366.54,0,0.337,0,1,0
TXN105959,24.84,3,4.01,130.65,0,0.504,1,1,0
TXN105960,42.27,14,0.73,60.47,0,0.477,0,1,0
TXN105961,307.9396192493219,22,101.75382428085665,74.67,1,0.6131303152130579,0,1,0
TXN105962,50.31,10,25.73,46.48,1,0.403,0,0,0
TXN105963,62.65,8,5.86,38.61,1,0.532,0,0,0
TXN105964,299.74,11,217.8,10.76,2,0.795,0,0,1
TXN105965,93.67,23,2.98,135.14,1,0.49,0,1,0
TXN105966,70.53,22,10.38,33.17,0,0.303,0,1,0
TXN105967,59.31,5,2.65,46.65,0,0.238,1,1,0
TXN105968,36.66,10,2.56,185.99,0,0.093,0,1,0
TXN105969,723.193571486261,12,19.22212654653712,99.42,1,0.6076455943282759,0,1,0
TXN105970,173.24,12,186.81,9.16,2,0.587,0,0,1
TXN105971,114.28,16,17.62,35.67,0,0.239,0,1,0
TXN105972,46.39,11,2.32,35.43,2,0.489,0,1,0
TXN105973,50.71,10,6.63,5.11,0,0.246,0,1,0
TXN105974,52.81,12,8.43,26.77,1,0.234,0,1,0
TXN105975,107.79,4,7.89,143.02,1,0.212,0,1,0
TXN105976,93.37,5,25.28,337.43,0,0.11,0,1,0
TXN105977,46.12,0,8.62,83.78,0,0.24,0,0,0
TXN105978,37.94,3,8.02,196.39,1,0.395,0,1,0
TXN105979,125.32,14,14.06,4.93,0,0.269,0,1,0
TXN105980,40.47,15,5.57,23.57,1,0.308,1,0,0
TXN105981,74.51,13,2.35,151.8,0,0.598,1,1,0
TXN105982,110.6,18,20.3,4.58,0,0.093,0,0,0
TXN105983,101.06,17,21.67,174.05,0,0.102,0,1,0
TXN105984,223.27,18,38.93,41.08,0,0.197,0,0,0
TXN105985,759.62,6,130.81,3.77,5,0.701,1,0,1
TXN105986,88.03,23,19.28,12.18,0,0.236,0,0,0
TXN105987,123.75,2,3.74,74.52,0,0.218,0,1,0
TXN105988,51.22,12,6.83,6.74,0,0.239,0,1,0
TXN105989,74.01,23,3.61,245.7,0,0.28,0,1,0
TXN105990,9.58,2,13.92,123.24,0,0.223,0,0,0
TXN105991,79.23,0,0.51,251.35,0,0.517,0,1,0
TXN105992,50.72,17,12.32,81.25,0,0.4,0,1,0
TXN105993,60.18,20,12.84,80.55,0,0.434,0,1,0
TXN105994,76.57,9,3.08,10.3,0,0.305,0,1,0
TXN105995,5.83,12,2.21,60.48,0,0.301,0,1,0
TXN105996,90.22,16,2.22,455.85,0,0.339,0,1,0
TXN105997,54.29,14,20.64,127.44,0,0.372,0,1,0
TXN105998,16.93,16,7.76,80.57,0,0.462,0,0,0
TXN105999,110.26,16,0.96,129.71,0,0.078,0,1,0
TXN106000,136.61,1,8.17,72.92,0,0.353,0,1,0
TXN106001,25.4,12,21.42,70.98,1,0.314,0,1,0
TXN106002,70.75,12,2.11,7.5,0,0.119,0,1,0
TXN106003,180.42,13,432.37,0.44,1,0.971,1,0,1
TXN106004,85.29,6,4.84,96.78,1,0.176,0,0,0
TXN106005,119.59,21,235.44,7.86,3,0.811,1,0,1
TXN106006,31.95,1,2.7,225.67,0,0.26,0,0,0
TXN106007,56.3,17,28.87,50.81,0,0.415,0,1,0
TXN106008,97.87,10,4.94,96.25,1,0.226,0,1,0
TXN106009,125.35,14,12.73,130.71,0,0.511,0,1,0
TXN106010,93.43,10,9.16,47.09,0,0.216,0,1,0
TXN106011,10.33,16,6.49,147.48,0,0.269,0,1,0
TXN106012,13.32,13,6.26,104.51,0,0.136,0,1,0
TXN106013,87.39,11,4.05,5.8,0,0.144,0,0,0
TXN106014,207.06,10,35.79,305.15,1,0.198,0,0,0
TXN106015,23.31,18,4.08,146.37,0,0.369,0,0,0
TXN106016,103.7,9,18.53,128.19,0,0.144,0,1,0
TXN106017,151.66,5,1.04,237.53,0,0.207,0,1,0
TXN106018,33.07,16,4.09,27.82,0,0.624,0,1,0
TXN106019,148.37,12,2.42,85.77,0,0.094,0,1,0
TXN106020,79.1,12,9.53,207.22,0,0.429,0,1,0
TXN106021,49.72,14,5.61,76.23,0,0.272,0,0,0
TXN106022,227.15,5,0.2,337.53,0,0.25,0,1,0
TXN106023,71.42,7,3.76,34.57,0,0.616,0,1,0
TXN106024,20.55,17,8.49,354.55,0,0.29,0,1,0
TXN106025,165.98,8,9.04,65.62,0,0.18,0,0,0
TXN106026,32.33,14,3.97,135.41,0,0.308,0,1,0
TXN106027,70.52,23,6.42,47.55,0,0.297,0,1,0
TXN106028,43.39,13,18.51,171.44,1,0.406,0,1,0
TXN106029,53.24,8,2.25,0.36,0,0.081,0,1,0
TXN106030,47.32,16,4.54,18.74,0,0.48,0,0,0
TXN106031,42.67,14,0.35,41.72,0,0.149,0,1,0
TXN106032,115.81,20,4.78,9.96,0,0.365,0,1,0
TXN106033,68.16,13,23.19,15.35,0,0.131,0,1,0
TXN106034,66.24,12,7.97,29.59,0,0.499,0,1,0
TXN106035,186.24,8,13.35,89.71,0,0.271,0,1,0
TXN106036,20.67,8,10.05,40.27,1,0.427,0,1,0
TXN106037,52.58,11,0.32,212.16,1,0.553,0,1,0
TXN106038,96.04,17,4.18,888.59,1,0.283,0,1,0
TXN106039,96.42,12,14.97,1.81,1,0.497,0,1,0
TXN106040,148.29,8,4.43,61.5,2,0.367,0,1,0
TXN106041,96.86,8,2.08,65.43,0,0.277,0,1,0
TXN106042,133.95,9,0.85,114.84,0,0.27,0,1,0
TXN106043,105.51,14,2.28,58.38,0,0.305,0,1,0
TXN106044,86.42,19,9.21,16.12,0,0.494,0,1,0
TXN106045,79.89,17,6.45,352.87,0,0.193,0,0,0
TXN106046,2.74,12,3.58,44.4,0,0.445,0,1,0
TXN106047,42.7,17,2.9,48.18,1,0.339,1,1,0
TXN106048,42.43,15,0.59,115.83,1,0.286,0,1,0
TXN106049,187.42,22,0.37,13.33,0,0.241,0,1,0
TXN106050,43.39,14,13.65,183.79,0,0.516,0,1,0
TXN106051,106.53,16,3.12,35.07,0,0.146,0,0,0
TXN106052,376.934597521849,12,152.21017854380432,55.41,0,0.6926987572420255,0,1,0
TXN106053,72.55,13,14.35,25.33,1,0.123,0,1,0
TXN106054,115.41,13,5.82,82.25,1,0.215,0,1,0
TXN106055,11.9,13,34.66,426.33,0,0.084,0,1,0
TXN106056,190.5,13,5.48,129.6,1,0.369,0,1,0
TXN106057,46.09,12,2.44,50.11,0,0.3,0,1,0
TXN106058,22.87,16,5.27,195.19,0,0.321,0,0,0
TXN106059,47.14,14,7.54,112.14,0,0.199,1,1,0
TXN106060,63.09,10,7.82,93.48,0,0.475,0,1,0
TXN106061,132.6906119371256,10,17.58785839541734,20.64,0,0.5624197134853247,1,1,0
TXN106062,79.4,17,4.31,398.43,0,0.315,0,1,0
TXN106063,7.87,0,5.34,20.3,0,0.13,0,1,0
TXN106064,203.10867318859485,17,74.8886600262652,54.44,0,0.7636715321480435,0,1,0
TXN106065,37.2,1,6.52,324.05,0,0.108,0,1,0
TXN106066,81.47,9,9.04,155.11,1,0.283,0,0,0
TXN106067,43.44,13,7.84,56.79,0,0.163,0,1,0
TXN106068,8.95,21,4.81,0.14,0,0.177,0,0,0
TXN106069,157.76,13,1.56,24.52,0,0.398,0,0,0
TXN106070,5.35,11,9.9,86.23,1,0.353,0,1,0
TXN106071,11.15,4,6.89,81.1,0,0.05,0,1,0
TXN106072,281.94,22,4.69,4.31,0,0.394,0,1,0
TXN106073,102.42,14,11.86,180.15,0,0.387,0,0,0
TXN106074,15.31,5,3.39,73.67,0,0.28,0,1,0
TXN106075,62.2,2,1.64,199.2,0,0.178,0,1,0
TXN106076,145.15,14,3.03,9.31,0,0.271,0,1,0
TXN106077,14.61,16,6.09,56.58,0,0.407,0,1,0
TXN106078,171.29,14,4.36,0.93,0,0.136,1,1,0
TXN106079,53.4,19,0.62,8.27,0,0.329,1,1,0
TXN106080,36.22,13,4.67,136.13,0,0.566,0,0,0
TXN106081,113.89,16,2.52,251.28,0,0.469,0,1,0
TXN106082,55.76,10,18.16,433.17,2,0.358,0,1,0
TXN106083,65.08,19,11.47,148.62,0,0.19,0,1,0
TXN106084,63.81,1,3.79,101.98,0,0.391,0,0,0
TXN106085,36.2,19,4.51,268.5,0,0.424,0,1,0
TXN106086,53.97,0,9.15,22.79,0,0.11,0,1,0
TXN106087,87.5,21,2.45,83.92,0,0.111,0,0,0
TXN106088,139.66,22,13.9,207.93,2,0.398,0,1,0
TXN106089,87.1,13,5.37,76.7,0,0.032,0,1,0
TXN106090,59.97,7,0.73,137.13,0,0.197,0,0,0
TXN106091,364.54,8,279.28,0.44,4,0.461,1,0,1
TXN106092,45.06,20,12.82,13.23,1,0.448,0,1,0
TXN106093,80.1,16,6.04,2.23,0,0.047,0,1,0
TXN106094,17.49,2,6.22,53.31,0,0.307,0,0,0
TXN106095,146.76,20,7.32,11.87,0,0.26,0,1,0
TXN106096,53.44,9,14.21,13.93,0,0.31,0,1,0
TXN106097,33.68,15,10.32,175.22,1,0.362,0,1,0
TXN106098,338.9012604439498,9,78.37017480278507,7.76,1,0.6687731599776563,1,1,0
TXN106099,128.35,12,2.2,81.19,0,0.465,0,0,0
TXN106100,44.7,18,3.08,411.46,0,0.417,0,1,0
TXN106101,69.1,15,6.22,51.23,1,0.217,0,0,0
TXN106102,38.76,1,24.79,27.11,0,0.765,0,1,0
TXN106103,68.39,22,2.79,28.32,1,0.396,0,0,0
TXN106104,57.86,8,10.11,190.87,1,0.227,0,0,0
TXN106105,36.32,12,12.24,137.91,1,0.35,0,1,0
TXN106106,119.71,2,1.5,338.34,0,0.225,0,1,0
TXN106107,185.92,14,1.22,64.49,0,0.416,0,0,0
TXN106108,517.3140069655107,11,150.3499126409096,35.41,0,0.6093650815175419,0,1,0
TXN106109,61.71,15,2.34,318.93,0,0.356,0,1,0
TXN106110,56.52,13,1.94,61.97,0,0.13,0,1,0
TXN106111,65.78,20,0.24,59.66,1,0.47,0,0,0
TXN106112,2.84,16,13.85,35.32,0,0.224,0,0,0
TXN106113,19.99,11,12.44,310.37,1,0.11,0,1,0
TXN106114,90.54,11,10.24,8.58,0,0.128,0,1,0
TXN106115,46.37,8,3.99,25.46,0,0.122,0,1,0
TXN106116,41.41,1,21.33,224.46,0,0.3,0,1,0
TXN106117,10.51,18,9.68,405.67,0,0.45,0,1,0
TXN106118,69.02,12,27.95,130.97,0,0.124,0,1,0
TXN106119,137.5,20,15.01,425.07,1,0.128,0,1,0
TXN106120,88.0,20,12.65,638.7,0,0.308,0,1,0
TXN106121,61.56,9,3.6,124.37,0,0.172,0,1,0
TXN106122,63.62,14,13.24,154.43,0,0.255,0,1,0
TXN106123,112.6,8,6.94,15.44,0,0.344,0,1,0
TXN106124,94.36,20,15.64,8.5,1,0.403,0,1,0
TXN106125,58.9,10,9.46,46.35,0,0.337,0,1,0
TXN106126,37.85,13,0.3,1.08,0,0.112,0,1,0
TXN106127,134.77,15,0.82,121.75,0,0.082,0,1,0
TXN106128,90.28,12,10.27,125.96,0,0.266,0,1,0
TXN106129,142.15,11,12.07,42.68,0,0.374,0,1,0
TXN106130,29.76,7,11.1,19.14,0,0.516,0,1,0
TXN106131,94.18,12,7.42,58.62,1,0.163,0,0,0
TXN106132,164.07,13,17.65,41.04,2,0.175,0,1,0
TXN106133,87.81,11,3.08,75.44,0,0.335,0,1,0
TXN106134,6.07,8,0.13,16.01,0,0.464,0,0,0
TXN106135,287.1764630246688,1,17.42836885130209,68.2,0,0.5607830797688873,0,1,0
TXN106136,96.57,5,3.87,548.39,0,0.178,0,1,0
TXN106137,168.5,11,4.54,24.27,0,0.475,0,1,0
TXN106138,54.3088176804105,11,3.403111228968129,1.07,0,0.7925095284221702,0,1,0
TXN106139,136.34,15,2.64,1.13,0,0.406,0,0,0
TXN106140,366.5364368167065,9,16.606736821070964,340.49,1,0.7757229425185121,0,1,0
TXN106141,95.17,7,3.13,2.29,0,0.291,0,0,0
TXN106142,55.72,3,0.94,212.23,0,0.077,1,1,0
TXN106143,14.4,13,10.03,23.26,0,0.269,0,1,0
TXN106144,114.93,15,10.62,122.65,0,0.079,0,1,0
TXN106145,69.51,4,40.19,30.54,0,0.205,0,1,0
TXN106146,210.99,8,9.46,47.74,1,0.536,0,1,0
TXN106147,76.69,20,5.31,457.51,1,0.16,0,1,0
TXN106148,59.03,21,3.93,126.78,1,0.161,0,1,0
TXN106149,288.22,6,7.94,62.15,0,0.212,0,1,0
TXN106150,61.3,2,7.6,35.5,1,0.481,0,1,0
TXN106151,46.63,18,9.37,147.15,0,0.084,0,0,0
TXN106152,146.1,9,3.24,141.56,0,0.436,0,1,0
TXN106153,31.7,1,9.97,450.83,0,0.089,0,1,0
TXN106154,33.72,8,3.21,415.96,1,0.339,0,1,0
TXN106155,42.1,14,1.93,18.42,0,0.207,0,1,0
TXN106156,172.88,15,5.55,188.8,0,0.332,0,1,0
TXN106157,56.97,11,10.68,11.23,0,0.328,0,1,0
TXN106158,39.24,16,3.2,220.35,0,0.409,0,0,0
TXN106159,81.7,12,14.28,92.76,0,0.013,0,1,0
TXN106160,9.27,9,12.65,9.98,0,0.33,0,1,0
TXN106161,187.62,18,3.33,22.87,0,0.528,0,1,0
TXN106162,59.43,4,1.91,122.36,0,0.323,0,1,0
TXN106163,53.59,11,1.34,10.59,0,0.424,0,1,0
TXN106164,41.02,7,0.43,82.54,0,0.28,0,1,0
TXN106165,127.63,13,1.09,375.21,2,0.319,0,1,0
TXN106166,188.42,22,4.44,91.07,0,0.541,0,1,0
TXN106167,95.77,11,5.17,5.76,0,0.466,0,1,0
TXN106168,103.95340804449772,2,13.193994025380393,76.52,0,0.7154630602796764,0,1,0
TXN106169,147.8,19,12.34,312.66,0,0.34,0,1,0
TXN106170,81.34,14,2.54,182.18,0,0.223,0,1,0
TXN106171,62.56,21,16.06,240.79,0,0.159,0,0,0
TXN106172,60.42,10,5.15,621.99,0,0.793,0,1,0
TXN106173,139.25,1,15.79,85.38,0,0.293,0,1,0
TXN106174,38.89,4,10.36,377.65,0,0.31,0,1,0
TXN106175,22.45,12,2.85,61.01,1,0.532,0,0,0
TXN106176,184.22,4,0.94,7.17,0,0.34,0,0,0
TXN106177,244.22,4,10.99,223.57,0,0.284,0,1,0
TXN106178,124.16,17,1.6,208.4,0,0.301,0,1,0
TXN106179,12.01,9,1.73,86.46,1,0.508,0,0,0
TXN106180,66.48,17,15.13,524.62,0,0.126,0,1,0
TXN106181,148.88,3,5.01,402.72,0,0.108,0,1,0
TXN106182,120.43,9,4.11,3.96,0,0.165,0,0,0
TXN106183,9.43,8,12.88,41.22,0,0.366,0,1,0
TXN106184,219.89,12,3.37,5.58,0,0.282,0,1,0
TXN106185,96.32,19,0.86,178.81,0,0.142,0,1,0
TXN106186,64.22,5,11.46,84.41,0,0.139,0,0,0
TXN106187,69.81,19,9.71,170.2,0,0.532,0,0,0
TXN106188,88.36,10,21.97,11.2,0,0.201,0,1,0
TXN106189,53.23,7,3.23,28.15,1,0.137,0,0,0
TXN106190,14.92,12,10.16,174.61,0,0.057,0,1,0
TXN106191,46.37,20,3.28,44.99,0,0.086,0,1,0
TXN106192,70.37,13,7.98,94.92,0,0.456,0,1,0
TXN106193,112.35,15,6.31,80.8,1,0.571,0,1,0
TXN106194,52.58,21,0.56,2.97,0,0.259,0,0,0
TXN106195,37.81,18,5.48,176.0,0,0.309,0,0,0
TXN106196,70.01,13,9.57,99.81,0,0.109,0,1,0
TXN106197,82.77,11,8.07,48.01,0,0.14,0,1,0
TXN106198,199.92,20,7.99,47.17,1,0.047,0,1,0
TXN106199,179.98,11,1.33,12.99,0,0.452,0,1,0
TXN106200,192.58,8,5.13,22.27,1,0.61,0,1,0
TXN106201,199.48,19,6.09,50.09,0,0.468,0,1,0
TXN106202,250.13,11,8.65,5.34,0,0.395,0,1,0
TXN106203,34.57,12,2.54,142.03,1,0.072,0,1,0
TXN106204,19.01,12,3.21,170.19,1,0.233,1,1,0
TXN106205,105.13,12,0.96,184.2,0,0.245,0,0,0
TXN106206,125.66,15,10.85,1.77,1,0.518,0,1,0
TXN106207,45.27,14,2.9,18.94,2,0.441,0,1,0
TXN106208,107.43,3,5.01,147.48,0,0.188,0,1,0
TXN106209,54.0,13,3.43,123.56,0,0.671,0,1,0
TXN106210,109.92,11,5.1,280.8,0,0.225,0,1,0
TXN106211,65.37,18,4.89,7.15,0,0.43,0,1,0
TXN106212,151.12,15,4.86,35.53,1,0.241,0,0,0
TXN106213,926.94,1,521.57,8.41,4,0.86,0,0,1
TXN106214,25.34,15,3.36,4.07,0,0.192,0,1,0
TXN106215,200.64,8,10.78,46.79,2,0.287,1,1,0
TXN106216,93.29,11,6.23,95.43,0,0.353,0,1,0
TXN106217,105.73,17,5.7,11.51,1,0.167,0,0,0
TXN106218,107.07,2,9.67,216.38,0,0.21,0,1,0
TXN106219,48.8,16,15.02,61.64,0,0.107,0,0,0
TXN106220,45.8,18,11.52,194.46,0,0.223,0,1,0
TXN106221,44.63,8,4.1,60.25,0,0.527,0,0,0
TXN106222,47.87,5,11.44,62.39,0,0.087,0,1,0
TXN106223,153.66684450793218,11,136.73787296073337,343.83,2,0.7861834763615088,0,0,0
TXN106224,87.47,12,10.46,174.11,0,0.397,0,1,0
TXN106225,144.45,2,39.32,211.2,0,0.044,0,1,0
TXN106226,68.92,16,4.96,273.65,0,0.228,0,1,0
TXN106227,209.23521517786193,12,146.57254483554652,6.39,1,0.5878013941674481,0,1,0
TXN106228,54.62,16,7.85,50.29,1,0.17,0,0,0
TXN106229,53.24,16,9.46,338.45,0,0.257,0,1,0
TXN106230,81.92,21,14.58,95.89,0,0.256,0,0,0
TXN106231,28.22,10,1.19,280.16,0,0.321,0,1,0
TXN106232,72.68,10,7.96,51.12,0,0.298,0,1,0
TXN106233,65.8,8,6.42,18.06,0,0.395,0,0,0
TXN106234,7.9,7,8.36,112.34,0,0.132,0,0,0
TXN106235,255.5,10,3.09,338.07,0,0.257,0,0,0
TXN106236,30.01,12,7.1,55.68,0,0.242,0,1,0
TXN106237,44.95,11,2.52,101.07,0,0.311,0,0,0
TXN106238,244.39,10,12.07,235.8,0,0.23,0,1,0
TXN106239,98.28,13,10.95,5.98,0,0.07,0,1,0
TXN106240,49.47,18,20.27,97.41,1,0.184,0,1,0
TXN106241,57.34,12,19.77,33.51,1,0.214,0,1,0
TXN106242,18.7,15,1.75,264.22,1,0.123,0,1,0
TXN106243,186.8,16,1.44,311.25,1,0.405,0,1,0
TXN106244,37.75,22,8.61,12.67,0,0.56,0,1,0
TXN106245,18.0,10,15.38,92.63,0,0.597,0,1,0
TXN106246,43.15,15,10.08,175.2,1,0.166,0,1,0
TXN106247,197.38,11,18.69,98.31,1,0.174,0,0,0
TXN106248,50.61,18,7.89,95.9,0,0.362,0,1,0
TXN106249,177.00271994871136,20,83.51011830182996,26.94,0,0.6047056599572863,0,1,0
TXN106250,19.02,10,4.74,227.25,0,0.13,0,1,0
TXN106251,100.8,18,11.46,374.81,0,0.206,0,1,0
TXN106252,82.24,9,12.25,205.56,1,0.281,0,1,0
TXN106253,18.48,21,12.35,71.77,0,0.239,0,1,0
TXN106254,50.79,4,1.44,306.49,0,0.379,0,1,0
TXN106255,69.0,5,17.64,470.0,0,0.054,0,1,0
TXN106256,55.75,5,25.22,126.85,1,0.319,1,0,0
TXN106257,146.21,0,2.45,511.5,0,0.297,0,0,0
TXN106258,79.22,10,7.06,26.09,2,0.399,0,1,0
TXN106259,3.47,14,0.37,145.46,0,0.751,0,1,0
TXN106260,27.11,8,22.1,101.52,1,0.112,0,1,0
TXN106261,33.48,21,13.96,26.03,0,0.153,0,1,0
TXN106262,81.12,10,15.28,334.18,0,0.542,0,1,0
TXN106263,154.45,18,14.67,137.13,0,0.153,0,0,0
TXN106264,3.14,16,9.13,52.02,1,0.487,0,1,0
TXN106265,82.44,8,0.69,54.88,0,0.122,0,1,0
TXN106266,16.31,12,4.43,89.15,1,0.364,0,0,0
TXN106267,74.54,15,15.68,206.81,0,0.449,0,1,0
TXN106268,139.91,9,10.28,19.33,0,0.44,0,0,0
TXN106269,35.56,11,0.38,56.12,1,0.427,0,1,0
TXN106270,125.31,1,4.89,112.76,0,0.103,0,1,0
TXN106271,62.16,12,7.09,667.72,1,0.178,0,1,0
TXN106272,16.99,0,13.4,338.8,0,0.488,0,1,0
TXN106273,68.18,15,5.17,7.11,0,0.251,0,1,0
TXN106274,9.14,12,5.13,24.72,0,0.219,0,1,0
TXN106275,9.21,20,15.77,23.4,0,0.025,0,1,0
TXN106276,66.31,23,0.5,12.41,2,0.212,0,1,0
TXN106277,45.48,10,16.81,78.23,1,0.383,0,1,0
TXN106278,59.25,21,3.26,176.58,0,0.128,0,1,0
TXN106279,127.01,9,7.44,66.66,0,0.187,0,1,0
TXN106280,73.89,3,4.42,126.81,0,0.267,0,1,0
TXN106281,94.85,19,5.24,530.19,0,0.136,0,1,0
TXN106282,251.92242107043168,16,202.33936458206438,67.84,0,0.6153511358333809,0,1,0
TXN106283,50.04,8,3.84,58.79,0,0.377,0,1,0
TXN106284,97.84,20,21.75,81.47,0,0.249,0,1,0
TXN106285,110.43,20,7.42,85.45,1,0.125,0,1,0
TXN106286,177.57,18,17.35,146.57,0,0.174,0,1,0
TXN106287,50.0,9,3.1,132.16,0,0.171,0,1,0
TXN106288,36.53,15,12.52,114.32,0,0.199,0,1,0
TXN106289,128.71,23,8.29,43.67,1,0.557,0,0,0
TXN106290,26.23,20,27.7,26.94,1,0.398,1,1,0
TXN106291,10.86,15,9.11,86.45,0,0.322,0,1,0
TXN106292,257.8407066646487,16,56.593802058616795,60.43,0,0.6729852319253363,0,1,0
TXN106293,173.3942973907522,17,1.4571462835760416,101.41,0,0.65582320733402,0,1,0
TXN106294,81.13,18,3.68,47.32,0,0.226,0,1,0
TXN106295,196.3,13,3.53,164.85,0,0.287,0,1,0
TXN106296,77.54,22,6.39,92.99,0,0.179,1,1,0
TXN106297,437.0,16,726.81,2.27,2,0.802,1,1,1
TXN106298,48.88,8,8.53,11.96,0,0.36,0,0,0
TXN106299,72.41,6,6.97,318.72,0,0.23,0,1,0
TXN106300,88.32,8,3.8,32.83,1,0.051,0,1,0
TXN106301,32.83,15,17.79,177.18,0,0.178,0,0,0
TXN106302,26.88,0,0.88,96.54,0,0.295,0,1,0
TXN106303,77.04,10,11.7,135.04,0,0.36,0,1,0
TXN106304,90.66,19,3.14,48.45,0,0.203,0,1,0
TXN106305,93.89,20,3.27,256.16,0,0.279,0,1,0
TXN106306,142.56,6,7.39,284.74,1,0.017,0,1,0
TXN106307,260.39,8,10.57,8.8,0,0.23,0,1,0
TXN106308,39.42,8,7.68,57.67,0,0.109,0,0,0
TXN106309,144.38,15,10.14,126.24,0,0.369,0,0,0
TXN106310,26.64,19,5.88,438.03,0,0.199,1,1,0
TXN106311,15.68,8,9.32,38.21,0,0.267,0,1,0
TXN106312,16.97,6,7.5,14.74,0,0.351,0,0,0
TXN106313,252.92,16,6.14,53.7,0,0.682,0,1,0
TXN106314,149.01,20,2.82,26.29,0,0.119,0,1,0
TXN106315,57.36,4,0.72,3.25,0,0.108,0,1,0
TXN106316,21.62,15,9.81,328.68,0,0.046,0,1,0
TXN106317,47.36,0,12.4,56.9,0,0.113,0,1,0
TXN106318,180.19,10,10.94,135.45,0,0.17,0,1,0
TXN106319,110.5,22,11.61,218.92,0,0.139,0,1,0
TXN106320,329.82650092741676,17,2.6014709939081317,23.39,0,0.7862202857336956,0,1,0
TXN106321,73.97,7,13.45,14.98,0,0.154,0,0,0
TXN106322,171.09,13,6.27,124.82,0,0.217,0,1,0
TXN106323,13.35,20,13.86,197.05,0,0.308,0,0,0
TXN106324,94.42,2,3.32,64.16,1,0.219,0,1,0
TXN106325,96.26,19,21.04,155.42,0,0.117,0,1,0
TXN106326,79.61,11,4.67,20.31,2,0.321,0,0,0
TXN106327,161.28,10,7.07,62.57,0,0.065,0,0,0
TXN106328,36.38,18,4.25,73.95,0,0.276,0,1,0
TXN106329,71.07,18,3.16,121.23,0,0.205,1,1,0
TXN106330,26.18,17,4.83,106.49,0,0.161,0,1,0
TXN106331,52.64,13,3.29,52.45,0,0.317,0,1,0
TXN106332,125.93,17,11.6,1.38,0,0.292,1,1,0
TXN106333,16.32,13,8.58,51.95,0,0.573,0,0,0
TXN106334,6.54,14,9.2,39.0,0,0.399,0,1,0
TXN106335,542.3,2,50.52,8.06,3,0.871,1,0,1
TXN106336,61.27,18,0.71,168.82,0,0.094,0,1,0
TXN106337,44.34,18,10.99,139.1,0,0.395,0,1,0
TXN106338,40.39,11,10.07,111.43,0,0.176,1,1,0
TXN106339,110.1565356003189,20,174.8417139066276,193.27,0,0.6163099598298754,0,1,0
TXN106340,36.18,20,8.63,131.11,0,0.213,0,1,0
TXN106341,62.38,19,4.0,324.55,0,0.238,0,1,0
TXN106342,130.66,22,4.71,56.7,0,0.415,0,1,0
TXN106343,167.34,5,8.52,22.82,0,0.325,1,1,0
TXN106344,66.2,6,3.11,11.66,0,0.288,0,1,0
TXN106345,43.5,14,6.64,18.53,0,0.212,0,0,0
TXN106346,32.13,14,2.3,44.41,0,0.309,0,1,0
TXN106347,108.6,11,10.62,144.49,0,0.179,0,1,0
TXN106348,96.2,9,3.1,11.85,0,0.417,0,1,0
TXN106349,216.81,16,3.23,182.44,1,0.312,0,0,0
TXN106350,77.21,17,2.56,179.52,0,0.513,0,1,0
TXN106351,55.98,5,2.49,24.06,1,0.19,0,1,0
TXN106352,31.9,16,12.41,16.41,0,0.369,0,1,0
TXN106353,110.19,11,5.52,192.49,0,0.115,0,1,0
TXN106354,37.73,17,15.82,172.94,0,0.251,0,1,0
TXN106355,33.54,8,9.62,148.45,0,0.149,0,0,0
TXN106356,221.8,6,5.37,133.69,0,0.256,0,1,0
TXN106357,53.69,1,17.45,107.2,0,0.516,0,1,0
TXN106358,35.55,18,13.18,203.06,0,0.504,0,1,0
TXN106359,13.81,14,4.31,57.71,0,0.125,0,1,0
TXN106360,32.47,22,2.67,65.26,0,0.369,0,1,0
TXN106361,422.38,16,243.86,7.81,3,0.717,0,0,1
TXN106362,30.47,1,5.41,4.08,0,0.135,0,1,0
TXN106363,96.3,20,23.78,59.04,0,0.155,0,1,0
TXN106364,70.2,9,3.83,18.7,0,0.035,0,0,0
TXN106365,11.97,8,5.98,4.83,1,0.521,0,1,0
TXN106366,81.75,18,9.78,460.44,0,0.273,0,1,0
TXN106367,33.46,18,12.24,27.71,0,0.334,0,1,0
TXN106368,189.1,6,3.98,93.17,0,0.341,0,1,0
TXN106369,61.52,21,3.74,282.93,0,0.41,0,1,0
TXN106370,35.21,18,5.86,98.32,0,0.18,0,0,0
TXN106371,47.28,3,1.63,210.49,0,0.323,0,1,0
TXN106372,21.71,19,0.22,19.93,0,0.168,0,1,0
TXN106373,104.64,3,2.72,214.45,1,0.735,0,1,0
TXN106374,147.33,13,2.55,121.48,1,0.219,0,1,0
TXN106375,159.14,8,4.6,34.24,1,0.296,0,1,0
TXN106376,199.12,10,0.19,47.52,1,0.217,0,1,0
TXN106377,85.22,12,6.36,129.98,0,0.358,0,1,0
TXN106378,58.03,9,2.37,141.84,0,0.277,0,1,0
TXN106379,158.77,17,3.84,219.93,1,0.122,0,1,0
TXN106380,62.08,9,3.69,41.07,3,0.171,0,1,0
TXN106381,131.11,6,5.33,50.76,0,0.277,0,1,0
TXN106382,201.06,4,17.93,179.85,1,0.121,0,1,0
TXN106383,89.14,19,6.94,171.4,1,0.482,0,1,0
TXN106384,211.14,12,5.43,71.81,0,0.2,0,1,0
TXN106385,106.16,10,0.97,126.08,0,0.324,0,0,0
TXN106386,106.23,20,1.88,58.54,0,0.209,0,0,0
TXN106387,74.13,18,5.03,83.21,0,0.564,0,1,0
TXN106388,85.49,19,8.19,214.27,0,0.395,0,1,0
TXN106389,51.65,19,0.63,3.22,0,0.654,0,1,0
TXN106390,56.06,8,1.78,296.86,1,0.662,0,1,0
TXN106391,35.99,19,1.41,74.64,0,0.362,0,0,0
TXN106392,35.64,4,7.78,78.49,2,0.514,0,1,0
TXN106393,69.73617560715668,10,172.28569304799498,257.08,0,0.5569103789624555,0,1,0
TXN106394,89.34,2,9.78,180.34,0,0.433,0,1,0
TXN106395,68.94,14,3.73,207.08,0,0.134,0,1,0
TXN106396,13.2,19,3.71,24.83,0,0.281,0,1,0
TXN106397,90.71,19,9.32,49.37,0,0.388,0,1,0
TXN106398,162.62,10,4.28,306.51,0,0.306,0,1,0
TXN106399,33.08,22,5.19,36.23,0,0.414,0,1,0
TXN106400,155.51,1,2.68,230.81,1,0.29,0,1,0
TXN106401,64.16,6,2.85,155.58,1,0.372,0,1,0
TXN106402,97.23,20,1.26,84.29,0,0.068,0,1,0
TXN106403,332.03,20,215.22,8.12,3,0.778,1,0,1
TXN106404,60.91,14,10.52,145.79,0,0.448,0,1,0
TXN106405,125.65,16,12.53,56.46,0,0.163,0,1,0
TXN106406,18.38,15,3.41,50.11,0,0.144,0,1,0
TXN106407,65.42,9,9.09,133.44,0,0.051,0,0,0
TXN106408,49.52,20,8.67,294.09,2,0.126,0,1,0
TXN106409,23.52,16,1.37,53.2,0,0.565,0,1,0
TXN106410,70.66,11,2.82,3.37,0,0.505,0,0,0
TXN106411,153.45,7,3.28,28.56,0,0.619,0,1,0
TXN106412,79.61,8,8.62,15.02,1,0.378,0,1,0
TXN106413,77.31,1,6.94,4.09,1,0.186,0,1,0
TXN106414,10.15,9,0.52,131.85,0,0.008,0,0,0
TXN106415,52.19,16,8.75,58.34,0,0.123,0,1,0
TXN106416,328.4162713897425,10,85.74848475051843,115.42,4,0.6326622133116397,0,1,0
TXN106417,52.36,11,1.34,14.08,0,0.285,0,1,0
TXN106418,110.74,1,8.32,121.69,0,0.212,0,1,0
TXN106419,13.98,21,4.2,94.72,0,0.698,0,1,0
TXN106420,159.79,11,3.55,105.49,0,0.018,0,1,0
TXN106421,125.99,13,14.18,89.29,0,0.075,0,1,0
TXN106422,12.13,20,13.32,155.66,1,0.16,0,1,0
TXN106423,19.25,23,7.14,94.91,0,0.323,0,1,0
TXN106424,31.35,23,0.59,6.41,0,0.188,0,1,0
TXN106425,119.77,21,4.57,195.45,0,0.41,0,1,0
TXN106426,15.44,4,9.48,55.21,0,0.103,0,0,0
TXN106427,67.47,6,1.48,18.33,0,0.3,0,1,0
TXN106428,117.89,14,2.34,50.28,0,0.294,0,0,0
TXN106429,104.02,9,3.36,63.51,1,0.228,0,1,0
TXN106430,125.62,21,4.42,193.88,0,0.263,0,1,0
TXN106431,132.78,18,1.03,7.89,0,0.167,0,1,0
TXN106432,78.2,16,23.67,232.08,0,0.363,0,1,0
TXN106433,47.96,20,7.19,81.57,0,0.207,0,1,0
TXN106434,104.34,10,2.33,9.56,1,0.531,0,1,0
TXN106435,116.81,20,2.79,38.65,0,0.203,0,1,0
TXN106436,116.41,19,19.7,76.59,0,0.263,0,1,0
TXN106437,20.82,7,9.96,22.64,2,0.368,0,1,0
TXN106438,67.32,13,4.39,40.06,0,0.294,0,0,0
TXN106439,131.91,12,0.15,123.15,0,0.322,0,1,0
TXN106440,28.29,11,10.26,39.61,0,0.187,0,0,0
TXN106441,46.04,18,1.24,36.07,0,0.33,0,1,0
TXN106442,67.52,17,0.73,1.33,0,0.269,0,0,0
TXN106443,76.29,9,1.7,288.88,1,0.222,0,1,0
TXN106444,113.7,5,13.42,94.06,0,0.14,0,1,0
TXN106445,81.21,8,5.54,108.14,0,0.551,0,1,0
TXN106446,51.95,14,2.82,75.88,0,0.096,0,1,0
TXN106447,34.78,14,7.21,25.91,0,0.477,0,1,0
TXN106448,19.19,9,8.09,135.54,0,0.437,0,1,0
TXN106449,6.52,10,6.37,197.57,0,0.38,1,1,0
TXN106450,96.11233266544409,9,62.88715712568782,109.8,0,0.7360757117360702,0,1,0
TXN106451,12.79,13,5.53,53.12,0,0.137,0,1,0
TXN106452,185.74,14,7.48,22.04,1,0.188,0,0,0
TXN106453,70.91,9,3.11,220.63,1,0.337,0,1,0
TXN106454,20.02,11,9.45,436.29,0,0.531,0,1,0
TXN106455,104.23,19,6.29,22.12,0,0.231,0,1,0
TXN106456,82.09,10,2.98,75.69,0,0.333,0,1,0
TXN106457,176.98,14,7.48,75.21,0,0.23,0,1,0
TXN106458,42.31,20,6.47,209.76,0,0.12,0,1,0
TXN106459,6.76,23,0.56,152.66,1,0.195,0,1,0
TXN106460,147.19,13,0.74,142.96,0,0.392,0,0,0
TXN106461,30.59,14,2.05,177.39,1,0.483,0,1,0
TXN106462,48.93,12,7.47,78.56,0,0.272,0,1,0
TXN106463,112.9,19,5.74,149.5,0,0.327,0,1,0
TXN106464,70.06,13,12.45,259.03,1,0.358,0,0,0
TXN106465,37.5,17,4.6,68.99,0,0.086,0,1,0
TXN106466,19.55,14,4.05,13.55,0,0.123,0,1,0
TXN106467,80.37,21,4.34,73.47,0,0.436,0,0,0
TXN106468,67.68,20,1.38,409.61,0,0.111,0,1,0
TXN106469,143.92,9,13.36,10.99,0,0.333,1,1,0
TXN106470,143.35,17,1.83,78.34,0,0.376,0,1,0
TXN106471,65.95,10,3.37,587.63,0,0.382,0,1,0
TXN106472,196.26,9,0.63,75.33,1,0.663,0,1,0
TXN106473,21.62,12,10.87,410.69,0,0.095,0,0,0
TXN106474,133.57,17,12.07,168.47,0,0.079,0,1,0
TXN106475,45.77,15,4.73,54.66,0,0.375,0,1,0
TXN106476,64.75,13,9.17,129.05,1,0.32,0,1,0
TXN106477,31.11,13,19.51,0.25,2,0.409,0,0,0
TXN106478,48.56,12,5.94,80.85,0,0.142,0,0,0
TXN106479,129.42,12,6.22,443.86,1,0.121,0,1,0
TXN106480,197.15,8,2.53,5.65,0,0.211,0,1,0
TXN106481,468.49,2,306.64,2.71,3,0.765,1,0,1
TXN106482,26.1,22,4.32,52.59,0,0.413,0,0,0
TXN106483,17.42,22,2.85,105.86,0,0.374,0,1,0
TXN106484,71.25,9,18.57,90.77,0,0.35,0,1,0
TXN106485,20.58,20,12.2,26.2,1,0.109,0,0,0
TXN106486,129.91,17,1.55,81.03,0,0.195,0,1,0
TXN106487,87.67,18,4.83,98.81,0,0.42,0,1,0
TXN106488,56.02,18,6.9,40.84,0,0.376,0,1,0
TXN106489,88.51,19,4.22,114.34,1,0.308,0,1,0
TXN106490,48.98,16,0.6,203.75,0,0.184,0,1,0
TXN106491,30.8,9,0.44,175.93,0,0.031,0,1,0
TXN106492,46.82,10,6.94,79.93,0,0.336,0,1,0
TXN106493,71.86,1,8.37,2.68,0,0.258,0,1,0
TXN106494,55.21,22,9.56,132.17,0,0.308,0,1,0
TXN106495,18.21,17,12.8,98.17,0,0.387,0,1,0
TXN106496,68.38,4,1.92,44.39,0,0.358,0,0,0
TXN106497,61.68,8,6.37,24.02,0,0.263,0,1,0
TXN106498,32.58,22,3.51,77.66,0,0.492,0,0,0
TXN106499,16.16,15,3.64,72.73,0,0.528,0,1,0
TXN106500,28.22,7,4.18,176.71,1,0.066,1,1,0
TXN106501,133.4,4,4.45,238.01,1,0.09,0,1,0
TXN106502,39.38,8,9.04,189.47,0,0.113,0,1,0
TXN106503,12.3,4,1.32,219.27,0,0.041,0,0,0
TXN106504,222.99,18,521.19,14.77,6,0.263,1,0,1
TXN106505,150.93,3,3.73,47.66,0,0.099,0,1,0
TXN106506,102.49,8,24.09,9.43,1,0.215,0,1,0
TXN106507,9.92,8,14.02,3.95,0,0.126,1,1,0
TXN106508,65.02,20,0.97,197.81,0,0.274,0,1,0
TXN106509,105.86,12,11.31,151.74,0,0.34,0,1,0
TXN106510,172.48,17,6.34,120.01,0,0.409,0,1,0
TXN106511,165.56,8,8.36,98.46,0,0.172,0,1,0
TXN106512,48.09,5,1.67,283.26,0,0.105,0,0,0
TXN106513,42.75,5,10.06,417.95,0,0.11,0,1,0
TXN106514,32.92,14,2.2,27.19,0,0.346,0,1,0
TXN106515,175.21,11,9.84,105.13,2,0.355,0,1,0
TXN106516,110.0,15,5.07,183.18,1,0.134,0,1,0
TXN106517,85.31,0,7.16,126.44,0,0.342,0,0,0
TXN106518,136.24,3,84.13,5.68,3,0.831,1,0,1
TXN106519,63.32,12,14.4,398.26,0,0.118,0,1,0
TXN106520,49.78,7,2.2,112.72,1,0.113,0,1,0
TXN106521,35.0,8,8.85,248.5,0,0.231,0,1,0
TXN106522,39.79,8,6.48,152.95,0,0.233,0,1,0
TXN106523,20.67,20,7.3,53.63,0,0.104,0,0,0
TXN106524,16.35,12,1.5,125.43,0,0.139,0,0,0
TXN106525,73.16,8,6.54,215.37,1,0.064,0,1,0
TXN106526,120.04,19,3.03,94.25,0,0.868,0,1,0
TXN106527,30.52,10,8.19,48.91,0,0.281,0,1,0
TXN106528,146.26,8,4.78,14.41,2,0.211,0,1,0
TXN106529,55.67,17,25.12,20.35,0,0.13,0,1,0
TXN106530,40.33,11,4.51,64.25,0,0.497,0,1,0
TXN106531,7.15,8,24.01,71.83,0,0.475,0,1,0
TXN106532,209.74,9,1.23,6.16,0,0.473,0,0,0
TXN106533,806.21,19,391.38,2.56,2,0.715,1,0,1
TXN106534,54.64,17,4.83,134.23,0,0.062,0,1,0
TXN106535,16.46,15,6.06,217.75,1,0.455,1,1,0
TXN106536,99.93,0,5.43,13.08,0,0.085,0,1,0
TXN106537,50.45,7,20.19,13.03,0,0.3,0,1,0
TXN106538,95.21,19,7.37,116.39,0,0.342,0,0,0
TXN106539,12.65,13,2.78,31.85,0,0.368,0,1,0
TXN106540,183.57,19,5.38,188.65,0,0.133,0,0,0
TXN106541,166.64,8,5.25,2.29,0,0.371,0,0,0
TXN106542,56.33,15,0.91,435.04,1,0.605,0,0,0
TXN106543,73.8,10,7.95,219.14,2,0.497,0,1,0
TXN106544,49.78,11,6.63,71.07,1,0.2,0,1,0
TXN106545,43.13,23,5.06,36.92,0,0.356,0,0,0
TXN106546,117.15,8,1.92,504.24,0,0.282,0,1,0
TXN106547,66.59,17,6.59,14.92,0,0.482,0,1,0
TXN106548,85.09,9,29.64,195.02,1,0.442,0,1,0
TXN106549,329.8683969162931,15,14.84111180098798,63.93,0,0.5974697809942336,0,1,0
TXN106550,16.75,20,5.54,62.83,1,0.512,0,1,0
TXN106551,112.67,9,9.37,152.56,0,0.438,0,1,0
TXN106552,228.56,20,92.51,4.82,3,0.899,0,1,1
TXN106553,43.16,17,2.07,4.95,0,0.556,0,1,0
TXN106554,99.14730670103131,16,35.636022488178064,177.93,1,0.5053380909611247,1,0,0
TXN106555,8.12,19,6.5,39.04,0,0.366,0,1,0
TXN106556,29.88,18,7.68,14.15,0,0.359,0,1,0
TXN106557,119.71,8,3.25,223.2,1,0.438,0,1,0
TXN106558,90.81,10,6.62,345.02,1,0.295,0,1,0
TXN106559,55.69,19,3.79,28.3,2,0.21,0,1,0
TXN106560,53.73,1,11.23,40.23,0,0.18,0,1,0
TXN106561,46.94,14,2.35,15.26,0,0.298,0,1,0
TXN106562,112.52,5,4.54,180.0,0,0.406,0,1,0
TXN106563,141.16,13,1.92,145.9,0,0.098,0,1,0
TXN106564,18.84,6,0.61,269.48,0,0.279,0,1,0
TXN106565,77.9,17,12.77,66.43,0,0.202,0,1,0
TXN106566,48.04,21,5.7,222.66,0,0.19,0,1,0
TXN106567,23.75,14,5.96,126.87,0,0.107,0,0,0
TXN106568,150.12,1,478.55,1.71,7,0.336,1,0,1
TXN106569,85.37,12,14.23,25.73,0,0.107,0,1,0
TXN106570,62.23,9,9.95,39.91,0,0.29,0,0,0
TXN106571,111.77,15,26.27,72.77,0,0.481,0,1,0
TXN106572,86.03,18,2.37,103.68,0,0.317,0,1,0
TXN106573,177.07922509116608,22,2.4104457272465174,165.16,1,0.7245554876669645,0,1,0
TXN106574,61.98,23,2.76,102.92,1,0.484,0,0,0
TXN106575,57.11,8,3.06,88.57,0,0.528,0,1,0
TXN106576,11.59,14,0.23,18.3,0,0.085,0,1,0
TXN106577,461.62,0,192.77,11.05,5,0.623,1,0,1
TXN106578,114.26,19,0.59,139.49,0,0.246,1,0,0
TXN106579,65.87,6,4.52,32.49,1,0.644,0,1,0
TXN106580,17.2,9,20.34,234.81,1,0.433,0,1,0
TXN106581,45.91,12,4.14,131.8,1,0.073,0,1,0
TXN106582,94.33,20,1.14,13.91,1,0.387,0,1,0
TXN106583,125.3637367695094,19,48.23753726174752,205.18,0,0.7839059493586548,0,1,0
TXN106584,89.23,6,8.48,11.18,0,0.023,0,1,0
TXN106585,83.65,5,0.31,209.08,2,0.419,0,1,0
TXN106586,105.39,4,2.13,45.22,0,0.637,0,1,0
TXN106587,30.08,10,1.59,81.78,0,0.548,0,1,0
TXN106588,81.87,2,4.05,84.17,0,0.354,0,1,0
TXN106589,58.49,10,1.3,128.89,0,0.163,0,1,0
TXN106590,130.79,11,7.25,106.93,0,0.354,0,0,0
TXN106591,26.85,8,11.22,160.55,0,0.626,0,1,0
TXN106592,136.75,18,4.67,74.42,1,0.159,0,0,0
TXN106593,35.08,20,12.04,130.01,1,0.195,0,1,0
TXN106594,54.38,15,5.96,154.34,0,0.181,0,1,0
TXN106595,136.2,15,6.9,43.82,0,0.045,0,1,0
TXN106596,85.22,20,24.81,80.58,0,0.042,0,1,0
TXN106597,157.99,16,13.8,32.24,0,0.457,0,1,0
TXN106598,107.35,8,0.37,166.86,0,0.253,0,1,0
TXN106599,38.55,8,10.59,204.37,0,0.352,0,1,0
TXN106600,46.57,13,8.19,117.57,2,0.33,0,1,0
TXN106601,66.0,21,4.23,19.57,1,0.447,0,1,0
TXN106602,15.72,16,2.07,117.14,1,0.387,0,0,0
TXN106603,21.06,10,30.59,19.1,1,0.23,0,1,0
TXN106604,24.11,0,0.64,342.12,0,0.214,0,1,0
TXN106605,41.56,18,5.68,280.28,0,0.42,0,1,0
TXN106606,210.51987509259286,2,20.98454898294419,52.23,0,0.5190318235697889,0,1,0
TXN106607,120.78,22,2.12,98.01,0,0.246,0,1,0
TXN106608,255.53,13,4.69,34.75,1,0.636,0,1,0
TXN106609,67.41,10,4.67,2.85,1,0.055,0,1,0
TXN106610,195.0,3,543.42,2.66,7,0.877,1,0,1
TXN106611,111.31,10,4.12,142.62,1,0.63,0,1,0
TXN106612,55.97,17,0.97,500.39,0,0.298,0,1,0
TXN106613,99.42,13,2.54,18.09,0,0.069,1,1,0
TXN106614,156.76,19,8.8,2.03,0,0.368,1,0,0
TXN106615,33.97,20,10.86,65.32,0,0.114,0,1,0
TXN106616,43.85,5,11.35,285.71,0,0.236,0,1,0
TXN106617,52.66,9,1.6,22.8,0,0.069,0,1,0
TXN106618,397.43,10,267.72,1.65,2,0.717,0,0,1
TXN106619,119.2,11,9.4,27.21,0,0.121,0,1,0
TXN106620,100.94,17,8.46,341.46,0,0.287,0,1,0
TXN106621,42.52,8,7.66,4.82,0,0.134,0,0,0
TXN106622,74.7,23,1.35,243.35,0,0.362,0,1,0
TXN106623,120.36,20,2.08,121.93,2,0.301,0,0,0
TXN106624,10.76,14,4.36,38.21,0,0.35,0,1,0
TXN106625,166.1,14,1.39,177.44,0,0.325,0,1,0
TXN106626,21.58,14,1.78,157.29,1,0.137,0,1,0
TXN106627,181.47,13,5.74,313.52,0,0.144,0,1,0
TXN106628,50.25,17,18.66,199.26,0,0.28,0,1,0
TXN106629,34.56,8,3.14,291.94,1,0.418,0,1,0
TXN106630,13.76,6,19.4,91.33,0,0.056,0,1,0
TXN106631,95.64,20,3.57,45.88,0,0.346,0,1,0
TXN106632,62.41,17,12.09,116.22,0,0.504,0,1,0
TXN106633,29.88,2,14.69,8.43,1,0.576,0,0,0
TXN106634,293.0839801742383,10,39.452166686758275,106.67,0,0.6771227595569901,0,1,0
TXN106635,22.9,11,5.89,64.4,1,0.132,0,0,0
TXN106636,96.9,9,4.25,62.59,0,0.318,0,1,0
TXN106637,14.05,18,13.46,173.64,0,0.437,0,1,0
TXN106638,85.08,21,6.43,100.86,0,0.171,0,1,0
TXN106639,97.82,10,0.9,173.82,0,0.255,0,1,0
TXN106640,50.75,20,1.72,13.31,1,0.477,0,1,0
TXN106641,55.59,15,6.68,23.45,0,0.112,0,1,0
TXN106642,117.13,17,0.74,95.99,0,0.166,0,0,0
TXN106643,13.74,11,2.2,266.45,1,0.576,0,1,0
TXN106644,38.71,17,5.47,242.92,1,0.233,0,1,0
TXN106645,9.27,3,3.99,225.98,0,0.437,0,1,0
TXN106646,111.02,16,12.49,7.08,0,0.304,0,1,0
TXN106647,86.84,21,21.87,81.58,0,0.387,0,1,0
TXN106648,146.19,20,185.99,2.58,2,0.534,0,0,1
TXN106649,57.81,9,7.95,159.24,0,0.129,0,1,0
TXN106650,10.35,9,4.31,25.6,0,0.519,0,1,0
TXN106651,29.9,3,3.08,55.01,1,0.161,0,0,0
TXN106652,42.54,11,7.62,66.77,0,0.17,0,0,0
TXN106653,78.4,13,2.21,12.01,0,0.642,0,1,0
TXN106654,20.93,14,3.31,102.13,0,0.326,0,1,0
TXN106655,239.05,1,9.85,38.66,0,0.274,0,1,0
TXN106656,73.91,15,12.27,152.32,0,0.227,0,0,0
TXN106657,174.38,9,6.27,29.58,0,0.553,0,1,0
TXN106658,24.12,10,4.1,3.61,1,0.311,1,1,0
TXN106659,145.54,23,2.32,59.5,1,0.435,1,1,0
TXN106660,74.85,12,0.56,59.09,0,0.157,0,1,0
TXN106661,104.19,11,11.06,208.95,0,0.378,0,1,0
TXN106662,292.74,10,17.86,104.67,1,0.176,0,0,0
TXN106663,64.48,9,2.96,152.54,1,0.206,0,1,0
TXN106664,32.29,3,5.31,199.97,0,0.196,0,1,0
TXN106665,18.98,19,17.94,25.93,0,0.366,0,1,0
TXN106666,23.76,12,13.29,41.6,0,0.185,0,1,0
TXN106667,94.65,18,0.38,5.22,0,0.165,0,0,0
TXN106668,122.33,17,9.65,273.55,0,0.196,0,1,0
TXN106669,72.63,18,9.04,113.16,1,0.173,0,1,0
TXN106670,25.93,19,24.17,68.87,0,0.575,0,1,0
TXN106671,90.7,10,13.85,80.28,1,0.36,0,1,0
TXN106672,181.61,16,8.3,69.17,1,0.369,0,1,0
TXN106673,68.94,10,3.78,69.59,0,0.024,0,1,0
TXN106674,109.2,18,20.19,64.23,0,0.642,0,1,0
TXN106675,23.95,17,14.81,382.82,0,0.158,0,1,0
TXN106676,439.47,4,175.25,1.76,3,0.918,0,0,1
TXN106677,140.16,2,12.36,154.48,0,0.463,1,0,0
TXN106678,45.46,0,10.42,68.67,0,0.293,0,1,0
TXN106679,72.87,13,20.02,52.25,0,0.286,0,1,0
TXN106680,43.9,21,10.05,3.04,1,0.11,0,0,0
TXN106681,83.52,8,3.25,13.09,1,0.438,0,0,0
TXN106682,61.28,10,1.53,105.1,0,0.18,0,1,0
TXN106683,91.12,16,7.08,0.49,1,0.21,0,0,0
TXN106684,242.4047830242375,14,50.29212952568508,146.11,0,0.6724577163912319,0,1,0
TXN106685,132.88,15,10.97,8.64,1,0.427,0,1,0
TXN106686,50.27,9,7.19,59.35,0,0.158,0,1,0
TXN106687,53.94,19,2.69,132.46,0,0.109,0,1,0
TXN106688,33.9,20,8.01,53.67,0,0.479,0,1,0
TXN106689,136.84,8,20.47,323.0,0,0.132,0,0,0
TXN106690,12.24,15,4.46,119.7,1,0.268,0,1,0
TXN106691,43.84,18,12.02,100.45,1,0.152,0,1,0
TXN106692,158.85,9,0.95,107.96,0,0.252,0,0,0
TXN106693,75.72,15,5.9,144.07,0,0.285,0,1,0
TXN106694,132.17,15,2.73,341.24,0,0.158,0,1,0
TXN106695,107.76,19,3.07,58.98,1,0.195,0,1,0
TXN106696,115.01,17,2.06,531.03,0,0.3,0,1,0
TXN106697,67.55,12,3.29,397.99,0,0.273,0,1,0
TXN106698,30.79,16,8.04,33.37,0,0.235,0,1,0
TXN106699,31.85,19,0.45,71.42,0,0.306,0,1,0
TXN106700,143.18,12,9.73,394.67,0,0.692,0,1,0
TXN106701,171.27,15,12.01,283.27,0,0.086,0,1,0
TXN106702,62.48,9,5.39,50.66,0,0.409,0,1,0
TXN106703,136.94,8,9.26,152.53,0,0.503,0,1,0
TXN106704,67.22,13,9.35,141.61,1,0.509,0,1,0
TXN106705,113.55,19,18.82,534.69,0,0.055,1,1,0
TXN106706,90.5,17,12.24,103.82,0,0.32,0,1,0
TXN106707,722.36,2,417.07,8.64,2,0.709,1,1,1
TXN106708,15.74,13,10.44,67.38,1,0.091,0,1,0
TXN106709,58.93,16,13.45,171.66,0,0.247,0,0,0
TXN106710,132.9,15,9.41,20.91,0,0.281,0,1,0
TXN106711,67.36,12,9.61,75.75,0,0.145,0,0,0
TXN106712,96.25760111451926,11,12.20712364792124,35.64,0,0.796404662124477,1,1,0
TXN106713,153.52,17,10.26,36.77,0,0.378,0,1,0
TXN106714,104.44,20,12.72,359.93,0,0.512,0,1,0
TXN106715,81.99,17,3.74,388.06,2,0.292,0,1,0
TXN106716,25.09,10,4.68,13.75,1,0.021,0,1,0
TXN106717,398.3177852092977,0,40.9566650158899,256.55,0,0.6247323526134012,0,1,0
TXN106718,15.93,15,2.44,757.98,0,0.192,0,1,0
TXN106719,9.63,21,9.91,28.07,0,0.39,0,1,0
TXN106720,17.72,15,3.94,34.32,0,0.529,0,1,0
TXN106721,16.38,11,2.39,144.5,0,0.015,0,1,0
TXN106722,26.28,22,8.55,32.14,1,0.444,0,1,0
TXN106723,68.55,2,9.54,3.18,1,0.268,0,1,0
TXN106724,52.65,12,1.78,52.68,0,0.116,0,1,0
TXN106725,90.63,14,2.4,127.21,0,0.35,0,1,0
TXN106726,109.93,17,14.56,282.79,0,0.273,0,1,0
TXN106727,65.68,12,0.2,148.91,0,0.158,0,1,0
TXN106728,118.21,8,8.24,30.32,0,0.408,0,1,0
TXN106729,149.35,14,6.39,23.63,1,0.514,0,1,0
TXN106730,472.69,7,169.57,1.29,10,0.855,0,0,1
TXN106731,79.36,2,3.63,42.32,0,0.072,0,1,0
TXN106732,44.58,15,3.62,37.93,0,0.308,0,1,0
TXN106733,126.92,11,0.49,321.8,0,0.558,0,1,0
TXN106734,98.44,1,5.15,338.07,1,0.445,0,1,0
TXN106735,21.05,12,4.29,7.77,0,0.197,0,0,0
TXN106736,31.75,13,4.39,24.78,0,0.099,0,1,0
TXN106737,52.25,12,3.35,66.24,0,0.21,0,1,0
TXN106738,63.43,20,13.97,22.66,1,0.539,1,1,0
TXN106739,46.04,11,8.15,131.09,0,0.392,0,1,0
TXN106740,65.86,11,1.41,4.23,0,0.561,0,1,0
TXN106741,96.89,12,4.96,17.19,0,0.161,1,1,0
TXN106742,263.79,18,4.19,5.92,0,0.041,0,0,0
TXN106743,16.69,18,9.05,86.21,1,0.277,0,1,0
TXN106744,147.69,15,1.51,33.48,0,0.136,0,1,0
TXN106745,28.0,11,16.12,30.07,0,0.795,0,1,0
TXN106746,135.49,14,3.54,1.39,1,0.402,1,1,0
TXN106747,1.82,21,10.36,7.24,1,0.188,0,1,0
TXN106748,99.38,15,6.69,231.6,1,0.434,0,1,0
TXN106749,65.27,16,29.47,50.19,1,0.115,0,1,0
TXN106750,98.25,18,5.93,176.25,0,0.236,0,1,0
TXN106751,165.19,10,6.52,222.2,0,0.303,0,0,0
TXN106752,2.83,18,11.86,107.44,0,0.366,0,1,0
TXN106753,147.35,19,16.22,10.56,1,0.493,0,0,0
TXN106754,31.01,13,5.29,89.5,1,0.543,0,0,0
TXN106755,104.16,22,8.02,64.24,0,0.113,0,1,0
TXN106756,93.24,15,1.92,81.17,0,0.445,0,1,0
TXN106757,36.37,11,1.66,95.51,0,0.127,0,1,0
TXN106758,57.42,18,5.17,89.52,0,0.178,0,1,0
TXN106759,14.82,17,4.96,6.11,0,0.31,0,1,0
TXN106760,156.59,13,8.68,15.14,0,0.198,0,1,0
TXN106761,727.03,8,370.48,0.39,6,0.514,1,0,1
TXN106762,49.44,20,21.78,55.37,0,0.341,0,1,0
TXN106763,85.93,15,10.9,626.49,0,0.272,0,1,0
TXN106764,75.88,11,3.64,2.39,0,0.057,0,1,0
TXN106765,227.44,20,13.79,153.31,0,0.283,0,1,0
TXN106766,237.3,17,4.12,102.76,1,0.095,0,1,0
TXN106767,99.34,20,6.28,4.95,0,0.574,0,1,0
TXN106768,114.42,10,23.58,124.26,0,0.215,0,1,0
TXN106769,63.2,1,15.56,64.87,1,0.156,0,0,0
TXN106770,9.58,18,45.92,11.12,0,0.166,0,1,0
TXN106771,41.61,19,0.96,51.68,0,0.233,0,0,0
TXN106772,2.98,17,34.29,3.68,1,0.248,1,1,0
TXN106773,19.76,8,6.38,15.1,0,0.238,0,1,0
TXN106774,45.93,21,12.89,52.79,0,0.187,0,1,0
TXN106775,48.57,18,3.54,141.93,0,0.282,0,0,0
TXN106776,175.0,10,3.59,189.34,0,0.198,1,1,0
TXN106777,60.75,17,11.58,8.15,0,0.178,0,1,0
TXN106778,47.22,22,4.59,109.3,0,0.433,0,1,0
TXN106779,102.12,13,1.82,106.24,2,0.15,0,1,0
TXN106780,24.61,5,15.02,57.89,2,0.201,0,1,0
TXN106781,20.39,10,3.66,17.56,0,0.261,0,1,0
TXN106782,53.14,12,4.03,30.34,0,0.414,0,1,0
TXN106783,26.47,3,7.04,183.76,0,0.583,0,1,0
TXN106784,39.2,10,4.08,90.32,0,0.111,0,0,0
TXN106785,131.75,17,4.55,58.97,0,0.082,0,0,0
TXN106786,230.1,18,20.87,48.75,0,0.247,0,0,0
TXN106787,142.48,20,12.74,87.96,0,0.554,0,1,0
TXN106788,131.7294019631252,8,75.58340119421483,107.24,0,0.5020817903297181,0,1,0
TXN106789,20.04,11,3.01,117.89,0,0.1,0,1,0
TXN106790,21.71,16,3.1,29.9,0,0.472,0,0,0
TXN106791,37.79,4,14.51,12.48,1,0.308,0,1,0
TXN106792,64.06,17,13.67,293.14,2,0.484,0,1,0
TXN106793,29.37,9,6.13,222.68,0,0.121,0,1,0
TXN106794,48.98,23,15.26,30.16,0,0.638,0,1,0
TXN106795,143.88,16,3.71,248.97,1,0.25,0,1,0
TXN106796,112.66,9,3.77,353.56,0,0.082,0,1,0
TXN106797,61.18,11,2.32,38.7,1,0.417,0,1,0
TXN106798,50.61,15,27.17,55.61,0,0.166,1,0,0
TXN106799,64.86,19,3.36,24.63,0,0.32,0,1,0
TXN106800,15.79,19,2.11,134.24,0,0.197,0,1,0
TXN106801,87.14,20,0.44,218.54,0,0.331,0,1,0
TXN106802,118.14,16,8.69,59.82,0,0.134,0,1,0
TXN106803,66.73,12,10.36,48.43,0,0.31,0,1,0
TXN106804,15.72,16,4.87,31.18,0,0.457,0,1,0
TXN106805,6.6,9,4.51,224.27,0,0.416,0,1,0
TXN106806,102.93,14,8.41,83.35,1,0.744,0,1,0
TXN106807,97.38,15,5.69,175.56,0,0.195,0,0,0
TXN106808,61.74,16,20.87,8.18,0,0.452,0,0,0
TXN106809,32.25,16,4.06,11.62,0,0.31,0,1,0
TXN106810,137.47176847823678,1,28.86910413229451,62.86,0,0.5465641420338287,0,1,0
TXN106811,35.85,20,5.81,112.92,0,0.042,0,1,0
TXN106812,585.84,8,216.84,17.23,3,0.776,0,0,1
TXN106813,231.8,4,2.87,812.2,0,0.455,0,0,0
TXN106814,295.68676904564126,9,0.3611932507829842,65.95,1,0.758720141785319,0,1,0
TXN106815,210.8,19,7.1,87.76,0,0.282,0,1,0
TXN106816,17.22,20,8.99,7.39,0,0.453,0,1,0
TXN106817,183.12,15,2.55,79.09,0,0.085,0,1,0
TXN106818,45.4,7,2.99,224.97,0,0.304,1,0,0
TXN106819,868.14,18,341.23,1.95,8,0.779,0,0,1
TXN106820,25.62,17,9.04,143.87,0,0.109,0,1,0
TXN106821,165.63,4,256.69,2.81,5,0.866,1,0,1
TXN106822,88.6,8,4.91,57.25,0,0.45,1,1,0
TXN106823,29.36,9,9.24,40.05,0,0.133,1,1,0
TXN106824,59.02,13,1.07,283.41,0,0.365,0,1,0
TXN106825,39.54,20,18.32,89.09,0,0.521,0,1,0
TXN106826,89.12,10,3.54,58.58,0,0.639,0,1,0
TXN106827,150.7,17,2.92,51.44,0,0.452,0,1,0
TXN106828,70.36,14,0.58,398.54,1,0.216,0,1,0
TXN106829,34.93,14,13.44,42.24,0,0.097,1,1,0
TXN106830,21.81,8,11.33,53.17,0,0.291,0,1,0
TXN106831,28.85,15,10.07,143.3,0,0.159,0,1,0
TXN106832,59.53,11,2.7,58.47,0,0.121,0,1,0
TXN106833,165.84,8,19.03,67.2,0,0.158,0,1,0
TXN106834,7.76,15,1.78,34.25,0,0.686,0,1,0
TXN106835,20.62,13,8.9,152.97,1,0.468,0,1,0
TXN106836,63.18,3,0.59,33.55,0,0.19,0,0,0
TXN106837,306.55,2,363.57,2.6,5,0.614,0,0,1
TXN106838,86.77,12,7.02,516.44,1,0.552,0,1,0
TXN106839,41.47,11,6.12,108.93,0,0.545,1,1,0
TXN106840,85.22,19,10.18,185.95,0,0.26,0,1,0
TXN106841,129.62945861330087,15,30.01445001278589,272.09,0,0.6434511349370101,0,0,0
TXN106842,83.86,17,3.79,33.89,0,0.232,0,1,0
TXN106843,149.43,19,7.81,62.23,2,0.66,0,1,0
TXN106844,88.84,17,2.62,113.06,0,0.354,1,1,0
TXN106845,38.26,22,0.24,238.83,0,0.35,0,0,0
TXN106846,70.98,18,3.27,61.11,0,0.385,0,1,0
TXN106847,116.76,5,1.49,140.93,2,0.135,0,0,0
TXN106848,65.05,13,21.62,87.6,0,0.087,0,1,0
TXN106849,64.71,13,4.75,141.22,0,0.161,0,1,0
TXN106850,97.21,10,2.78,11.25,3,0.529,1,1,0
TXN106851,134.06,12,12.0,360.57,1,0.327,0,1,0
TXN106852,77.73,14,14.95,1.79,0,0.142,0,1,0
TXN106853,161.8,16,4.06,56.41,0,0.447,0,1,0
TXN106854,102.9,6,8.62,300.27,1,0.095,0,1,0
TXN106855,12.26,23,0.8,37.16,0,0.372,0,1,0
TXN106856,150.77,18,7.12,88.19,0,0.441,0,1,0
TXN106857,155.28,23,4.54,11.99,1,0.232,0,1,0
TXN106858,141.75,4,19.48,12.82,1,0.058,0,0,0
TXN106859,61.24,14,7.24,14.62,1,0.552,0,1,0
TXN106860,47.57,2,0.36,110.17,0,0.215,0,1,0
TXN106861,72.24,23,2.75,1.75,0,0.144,0,1,0
TXN106862,809.19,4,93.39,8.22,4,0.534,1,0,1
TXN106863,78.21,7,1.77,6.69,0,0.302,0,1,0
TXN106864,28.93,19,3.41,143.88,0,0.152,0,1,0
TXN106865,215.27,0,4.49,157.65,0,0.162,0,0,0
TXN106866,26.34,14,0.29,140.96,1,0.272,1,0,0
TXN106867,37.87,9,17.32,537.74,0,0.466,0,1,0
TXN106868,90.72,8,2.88,55.79,0,0.251,0,1,0
TXN106869,398.11926094568435,2,21.63151032876191,97.1,0,0.602005971591911,0,1,0
TXN106870,23.44,22,2.63,96.11,0,0.351,0,1,0
TXN106871,64.22,12,28.84,137.8,0,0.215,0,1,0
TXN106872,249.83,13,5.78,2.53,0,0.478,0,1,0
TXN106873,87.73,11,5.14,91.53,1,0.197,0,0,0
TXN106874,33.29,15,16.31,201.18,0,0.224,0,1,0
TXN106875,109.84,15,5.01,233.61,0,0.233,0,1,0
TXN106876,122.01,10,4.29,131.06,0,0.424,0,1,0
TXN106877,50.93,13,7.27,73.45,1,0.581,1,0,0
TXN106878,10.88,0,7.75,31.32,0,0.292,0,1,0
TXN106879,115.37,9,2.17,8.73,0,0.113,0,0,0
TXN106880,87.29,15,4.67,77.57,0,0.186,0,0,0
TXN106881,27.68,15,2.86,160.6,0,0.152,0,1,0
TXN106882,47.91,19,9.6,107.97,1,0.198,0,0,0
TXN106883,313.54,1,496.84,3.0,3,0.843,0,0,1
TXN106884,36.29,9,23.65,20.49,0,0.066,0,1,0
TXN106885,10.57,18,8.32,173.23,2,0.373,0,0,0
TXN106886,52.35,16,2.46,216.12,0,0.413,0,1,0
TXN106887,38.46,2,1.26,74.0,0,0.274,0,1,0
TXN106888,9.14,15,1.68,175.29,1,0.498,0,1,0
TXN106889,111.57,9,6.22,359.61,0,0.405,0,0,0
TXN106890,329.44,3,250.22,4.89,2,0.742,1,0,1
TXN106891,30.51,8,3.13,274.12,0,0.264,0,1,0
TXN106892,177.76,20,0.49,65.22,0,0.166,0,1,0
TXN106893,5.96,2,9.39,1.3,0,0.36,0,0,0
TXN106894,74.14,12,13.44,47.55,0,0.177,0,0,0
TXN106895,35.88,8,10.27,83.91,1,0.26,0,1,0
TXN106896,15.04,13,23.47,142.89,0,0.114,0,1,0
TXN106897,62.06,0,9.82,685.54,0,0.331,0,1,0
TXN106898,86.76,18,2.46,15.53,0,0.315,0,1,0
TXN106899,23.67,20,5.41,158.07,0,0.107,0,1,0
TXN106900,33.47,15,19.56,98.73,0,0.226,0,1,0
TXN106901,198.63,19,1.32,61.13,0,0.538,0,1,0
TXN106902,108.38,20,8.84,29.04,0,0.127,0,0,0
TXN106903,102.43,6,11.45,183.51,0,0.313,0,0,0
TXN106904,19.68,14,5.42,20.68,0,0.355,0,0,0
TXN106905,64.08,12,4.01,164.51,0,0.131,0,1,0
TXN106906,206.68,15,8.47,99.36,0,0.071,0,1,0
TXN106907,394.7269354924271,20,0.8033286452942325,8.25,0,0.6539658307869418,0,1,0
TXN106908,59.0,20,11.22,364.4,0,0.361,0,1,0
TXN106909,173.76,1,178.62,5.53,6,0.38,1,0,1
TXN106910,153.27,16,4.91,78.77,1,0.301,0,1,0
TXN106911,20.73,16,7.65,300.14,0,0.319,0,1,0
TXN106912,67.94,8,0.45,90.82,0,0.495,0,1,0
TXN106913,50.1,12,2.08,150.64,1,0.24,0,1,0
TXN106914,67.68,6,4.78,9.25,0,0.065,0,1,0
TXN106915,9.91,8,6.92,35.27,1,0.332,0,1,0
TXN106916,65.93,10,6.92,213.26,0,0.192,0,1,0
TXN106917,105.46,18,1.48,9.8,0,0.239,0,1,0
TXN106918,77.41,14,31.48,266.19,0,0.425,0,1,0
TXN106919,55.96,15,1.51,52.26,0,0.458,0,1,0
TXN106920,85.48,20,10.65,27.75,0,0.369,0,1,0
TXN106921,32.91,10,7.49,10.65,0,0.316,0,1,0
TXN106922,18.48,18,15.9,51.34,0,0.162,0,0,0
TXN106923,99.02,19,6.29,253.66,1,0.352,0,1,0
TXN106924,126.36,8,8.99,258.66,1,0.412,0,1,0
TXN106925,1517.32,2,255.74,2.82,3,0.543,0,0,1
TXN106926,81.22,23,9.12,47.08,0,0.066,0,1,0
TXN106927,38.65,15,2.62,70.95,2,0.472,0,1,0
TXN106928,34.89,20,3.26,83.02,1,0.199,1,1,0
TXN106929,106.29,0,6.42,304.32,0,0.075,0,1,0
TXN106930,51.04,2,2.64,134.14,0,0.142,0,1,0
TXN106931,60.23,4,13.09,65.02,1,0.051,0,0,0
TXN106932,48.23293483509216,5,79.98366895430141,87.73,1,0.5013816127680992,0,1,0
TXN106933,171.44,0,8.45,38.03,0,0.218,0,1,0
TXN106934,70.22,4,12.91,8.36,0,0.038,0,1,0
TXN106935,38.79,17,6.87,119.15,0,0.111,0,0,0
TXN106936,64.24,11,16.35,53.54,0,0.233,0,1,0
TXN106937,9.14,12,1.51,216.37,0,0.251,0,0,0
TXN106938,119.45,2,4.96,117.0,0,0.399,0,1,0
TXN106939,17.78,8,1.75,3.59,0,0.084,0,1,0
TXN106940,30.54,7,17.81,117.95,1,0.417,0,1,0
TXN106941,32.9,0,1.72,356.63,1,0.592,0,1,0
TXN106942,82.01,4,7.25,297.62,0,0.435,0,1,0
TXN106943,92.38,5,18.59,56.09,1,0.165,0,0,0
TXN106944,18.21,12,6.47,208.85,0,0.262,0,1,0
TXN106945,34.68,12,0.99,277.94,0,0.143,0,1,0
TXN106946,97.13,20,6.38,171.75,0,0.548,0,1,0
TXN106947,18.41,2,7.25,205.07,0,0.292,0,1,0
TXN106948,42.99,9,5.71,344.71,0,0.323,0,1,0
TXN106949,169.31,11,4.19,20.62,1,0.263,0,1,0
TXN106950,20.45,2,22.35,95.61,0,0.23,0,1,0
TXN106951,137.45,19,5.84,20.78,2,0.347,0,1,0
TXN106952,98.61,1,8.08,57.62,1,0.458,1,1,0
TXN106953,81.18,15,8.4,66.85,0,0.131,0,1,0
TXN106954,17.32,12,2.08,33.87,0,0.331,0,0,0
TXN106955,142.98,13,9.87,120.62,0,0.173,0,1,0
TXN106956,99.9,5,3.19,140.83,0,0.286,0,1,0
TXN106957,140.14,2,3.86,66.57,0,0.183,0,1,0
TXN106958,84.28,13,4.17,87.81,1,0.443,0,1,0
TXN106959,68.81,11,0.23,194.61,0,0.168,1,0,0
TXN106960,59.5,20,2.74,87.93,0,0.41,0,1,0
TXN106961,429.57038740016725,13,79.31321225860432,125.87,0,0.5914013625547132,0,1,0
TXN106962,282.3550706981418,3,31.301199882066168,4.94,5,0.4662458549265165,0,1,1
TXN106963,47.38,21,17.14,20.43,0,0.061,0,0,0
TXN106964,98.02,19,3.87,154.33,0,0.741,0,1,0
TXN106965,125.1,20,3.09,191.97,1,0.023,0,1,0
TXN106966,85.53,20,7.8,46.87,0,0.363,0,1,0
TXN106967,42.6,11,25.96,60.92,0,0.254,0,1,0
TXN106968,128.85,12,4.86,65.81,2,0.76,0,1,0
TXN106969,68.97,13,1.05,4.42,2,0.437,0,1,0
TXN106970,32.22,15,10.07,259.52,2,0.218,0,1,0
TXN106971,53.67,10,1.52,218.17,0,0.168,0,1,0
TXN106972,164.79,23,32.55,1.16,5,0.505,1,0,1
TXN106973,168.16457566671767,12,215.51796114827874,140.37,0,0.6029999623138653,0,1,0
TXN106974,50.6,22,1.08,235.46,0,0.244,0,1,0
TXN106975,65.52,17,1.43,11.52,1,0.279,0,0,0
TXN106976,60.88,17,16.6,213.32,0,0.373,0,1,0
TXN106977,98.96,11,3.96,107.1,1,0.115,0,1,0
TXN106978,84.57,8,3.99,103.48,0,0.406,0,1,0
TXN106979,181.03,11,5.47,114.23,0,0.153,0,0,0
TXN106980,29.79825880611397,11,11.315931629564744,62.6,1,0.53456385021372,0,0,0
TXN106981,88.04,17,2.58,388.7,0,0.336,0,1,0
TXN106982,152.74,19,1.59,15.03,0,0.183,0,1,0
TXN106983,161.3,15,11.28,78.21,0,0.331,0,1,0
TXN106984,62.74,19,3.91,26.87,1,0.504,0,0,0
TXN106985,28.95,6,4.65,208.98,0,0.296,0,1,0
TXN106986,20.7,13,5.01,75.67,0,0.033,0,0,0
TXN106987,119.5,20,7.17,139.76,0,0.178,0,1,0
TXN106988,182.96,8,3.78,144.58,0,0.272,0,1,0
TXN106989,15.74,11,0.87,12.01,0,0.308,0,0,0
TXN106990,29.55,11,3.39,84.04,1,0.38,0,1,0
TXN106991,455.02892662764685,8,13.820879141752236,65.42,0,0.6829327894151287,0,1,0
TXN106992,65.93,8,14.21,74.95,1,0.131,0,1,0
TXN106993,102.11,10,4.35,18.21,2,0.318,0,1,0
TXN106994,73.95,19,7.09,219.04,0,0.281,0,1,0
TXN106995,65.09,12,5.23,130.57,1,0.425,0,1,0
TXN106996,130.98,13,8.38,121.12,0,0.344,0,1,0
TXN106997,284.32,1,457.01,24.06,4,0.702,0,1,1
TXN106998,50.2,13,3.44,296.23,0,0.177,0,1,0
TXN106999,35.52,23,2.31,0.99,0,0.185,0,1,0
TXN107000,175.96,1,12.35,232.37,1,0.314,0,1,0
TXN107001,98.69,18,13.73,106.63,1,0.398,0,1,0
TXN107002,26.78,17,2.54,126.64,0,0.245,0,1,0
TXN107003,73.65,20,5.08,366.11,0,0.21,0,0,0
TXN107004,95.67,9,0.71,165.25,0,0.343,0,1,0
TXN107005,116.11,20,7.23,71.38,2,0.073,0,1,0
TXN107006,60.04,16,3.69,70.36,0,0.369,1,1,0
TXN107007,245.72,5,91.17,20.14,5,0.687,1,0,1
TXN107008,161.43,3,7.69,365.05,1,0.821,0,1,0
TXN107009,297.58,14,6.51,15.61,1,0.343,1,0,0
TXN107010,60.07,18,0.33,56.83,0,0.615,0,1,0
TXN107011,66.99,20,4.04,4.59,1,0.228,0,1,0
TXN107012,5.7,17,1.2,357.82,1,0.276,0,0,0
TXN107013,121.74,1,5.43,147.24,0,0.373,0,1,0
TXN107014,103.15,13,3.27,104.19,0,0.438,0,1,0
TXN107015,51.2,22,6.39,220.57,0,0.191,0,1,0
TXN107016,150.55,15,2.65,215.63,1,0.376,0,1,0
TXN107017,10.92,7,4.96,90.95,0,0.419,0,1,0
TXN107018,135.52,20,6.43,74.2,0,0.247,0,1,0
TXN107019,175.43,9,5.75,68.49,0,0.135,0,1,0
TXN107020,21.51,7,9.0,203.42,0,0.073,0,1,0
TXN107021,79.53,20,0.29,127.82,0,0.443,0,1,0
TXN107022,22.32,4,8.18,122.75,0,0.317,0,1,0
TXN107023,124.83,15,4.25,19.44,0,0.312,0,1,0
TXN107024,95.94,21,2.48,151.24,0,0.444,1,1,0
TXN107025,694.4191410042299,12,84.40134903329572,142.74,0,0.5513282501900229,0,0,0
TXN107026,64.21,4,6.9,48.3,0,0.302,0,1,0
TXN107027,225.36,10,3.91,47.59,0,0.366,0,1,0
TXN107028,50.33,15,37.62,46.27,1,0.13,0,1,0
TXN107029,251.06,22,1.2,192.32,0,0.313,0,0,0
TXN107030,29.6,13,2.13,88.38,0,0.129,0,1,0
TXN107031,55.46,19,7.79,210.03,0,0.145,0,1,0
TXN107032,1292.05,22,420.69,0.9,4,0.757,1,0,1
TXN107033,81.57,1,9.5,108.87,1,0.488,0,1,0
TXN107034,107.99,0,5.99,109.6,0,0.258,0,1,0
TXN107035,96.01,9,12.02,205.54,1,0.244,0,1,0
TXN107036,37.39,11,1.32,110.0,1,0.603,0,0,0
TXN107037,88.09,0,15.86,141.8,0,0.094,0,1,0
TXN107038,141.61,17,2.08,215.35,0,0.484,0,1,0
TXN107039,144.29,19,10.54,296.65,0,0.288,0,0,0
TXN107040,125.55,21,3.22,303.9,0,0.236,0,1,0
TXN107041,42.42,23,5.92,64.75,1,0.46,0,0,0
TXN107042,59.06,20,14.43,0.87,0,0.22,0,1,0
TXN107043,62.21,13,3.06,470.54,0,0.114,1,1,0
TXN107044,25.41,6,16.96,306.53,2,0.169,0,1,0
TXN107045,44.06,8,2.0,4.88,0,0.374,0,1,0
TXN107046,43.76,8,18.37,269.94,1,0.466,0,0,0
TXN107047,125.56,7,9.6,362.61,0,0.335,0,1,0
TXN107048,178.12,12,23.89,372.49,1,0.163,0,1,0
TXN107049,65.44,8,0.74,221.84,0,0.508,0,1,0
TXN107050,54.46,10,1.16,205.33,0,0.11,0,1,0
TXN107051,66.8392194996714,14,81.483599053855,64.34,1,0.7872330696398379,0,1,0
TXN107052,22.37,13,9.57,45.07,0,0.025,0,1,0
TXN107053,65.67,22,2.32,135.62,1,0.097,0,0,0
TXN107054,112.24,17,16.85,57.91,0,0.212,0,1,0
TXN107055,107.97,21,5.45,24.54,0,0.614,0,1,0
TXN107056,33.82,3,7.62,4.09,0,0.49,0,0,0
TXN107057,62.17,6,20.13,10.21,1,0.288,0,1,0
TXN107058,5.79,13,5.94,32.82,0,0.365,0,1,0
TXN107059,112.36,14,0.37,137.26,0,0.132,0,1,0
TXN107060,153.11,5,4.72,60.23,0,0.284,0,1,0
TXN107061,90.63,18,8.93,79.04,2,0.528,0,1,0
TXN107062,58.91,15,13.73,131.5,0,0.212,0,1,0
TXN107063,31.67,8,7.25,54.35,1,0.054,0,1,0
TXN107064,19.06,10,3.58,204.33,0,0.152,0,1,0
TXN107065,34.27,20,5.6,134.8,0,0.145,0,0,0
TXN107066,137.78,8,9.4,29.65,0,0.246,0,1,0
TXN107067,284.83,23,288.56,6.79,5,0.378,0,0,1
TXN107068,109.65,17,21.91,124.63,0,0.417,0,1,0
TXN107069,102.93,22,2.31,105.66,0,0.122,0,1,0
TXN107070,148.72,13,10.99,60.46,0,0.354,0,1,0
TXN107071,105.16,15,5.16,15.26,1,0.288,0,1,0
TXN107072,61.27,10,1.25,385.63,1,0.371,0,1,0
TXN107073,130.6,14,14.07,15.56,0,0.677,1,1,0
TXN107074,89.2,19,0.9,97.58,1,0.29,0,1,0
TXN107075,71.68,14,12.72,129.99,0,0.084,1,1,0
TXN107076,69.53635251124891,16,66.11353554798221,137.59,0,0.5535644079450668,0,1,0
TXN107077,68.06,16,5.22,212.08,0,0.357,0,1,0
TXN107078,6.14,7,1.75,274.29,2,0.408,0,1,0
TXN107079,21.14,11,4.5,7.02,1,0.447,0,0,0
TXN107080,75.25,19,19.65,132.69,0,0.129,0,1,0
TXN107081,58.4,13,13.02,40.99,1,0.083,0,1,0
TXN107082,61.18,14,7.59,82.05,1,0.365,0,1,0
TXN107083,109.05,17,12.38,173.64,1,0.284,0,1,0
TXN107084,123.48,3,3.17,10.94,0,0.193,0,1,0
TXN107085,103.98,11,4.75,126.74,0,0.153,0,1,0
TXN107086,16.56,15,4.99,118.02,0,0.05,0,1,0
TXN107087,74.07,19,3.44,39.1,0,0.298,0,1,0
TXN107088,57.04,7,3.13,20.01,0,0.633,0,0,0
TXN107089,118.2,9,16.44,40.48,0,0.24,0,0,0
TXN107090,80.57,1,6.11,85.8,0,0.309,0,1,0
TXN107091,76.72,13,20.96,126.04,0,0.126,0,1,0
TXN107092,86.86,15,16.8,63.49,1,0.337,0,1,0
TXN107093,46.18,17,7.02,6.75,0,0.104,0,1,0
TXN107094,267.37,16,1.95,28.19,0,0.53,1,1,0
TXN107095,32.74,21,0.92,123.07,0,0.088,0,1,0
TXN107096,199.28,14,3.91,112.63,0,0.089,0,1,0
TXN107097,10.91,15,1.18,101.92,1,0.578,0,1,0
TXN107098,97.13,10,2.62,90.71,1,0.538,0,0,0
TXN107099,80.75,2,6.18,18.07,1,0.136,0,1,0
TXN107100,27.81,13,2.41,93.21,0,0.467,0,1,0
TXN107101,194.33,11,8.51,51.09,2,0.46,0,1,0
TXN107102,66.22,7,19.88,0.93,0,0.21,1,0,0
TXN107103,290.1,2,137.6,6.26,4,0.848,1,0,1
TXN107104,51.14,19,10.62,413.05,0,0.299,0,1,0
TXN107105,27.11,15,0.92,16.04,1,0.135,0,1,0
TXN107106,60.87,14,5.91,17.0,0,0.316,0,1,0
TXN107107,62.48,5,2.73,107.1,0,0.35,0,1,0
TXN107108,27.85,8,3.58,61.41,0,0.179,0,1,0
TXN107109,200.66,7,185.85,26.92,6,0.966,1,0,1
TXN107110,101.32,19,8.05,64.11,0,0.077,0,1,0
TXN107111,70.81,15,8.09,108.63,0,0.187,0,1,0
TXN107112,316.8023496132256,11,8.127303419546957,88.23,0,0.6699025690448674,0,1,0
TXN107113,1447.56,10,73.12,5.47,3,0.749,0,0,1
TXN107114,52.88,9,3.16,75.87,1,0.591,0,1,0
TXN107115,113.51,16,4.89,67.82,0,0.357,0,1,0
TXN107116,117.9,12,2.51,71.09,0,0.174,0,1,0
TXN107117,436.91,4,69.6,5.45,6,0.366,1,0,1
TXN107118,66.41,22,13.51,84.56,0,0.216,0,1,0
TXN107119,117.41,14,9.93,62.93,0,0.056,0,0,0
TXN107120,57.72,2,10.51,57.84,0,0.114,0,1,0
TXN107121,76.73,12,6.51,60.95,1,0.185,0,1,0
TXN107122,28.08,22,1.79,195.57,0,0.105,0,0,0
TXN107123,375.11838530723867,14,56.95285877717456,179.8,0,0.7390654087429148,0,1,0
TXN107124,76.13,15,4.91,158.96,0,0.076,0,1,0
TXN107125,158.48,0,2.89,417.09,0,0.333,0,1,0
TXN107126,65.02,20,11.87,141.94,0,0.535,0,1,0
TXN107127,80.37,9,2.19,141.01,0,0.175,0,0,0
TXN107128,94.17,9,5.49,515.37,0,0.166,0,1,0
TXN107129,88.18,11,18.3,362.73,0,0.188,0,1,0
TXN107130,82.01,17,1.26,108.7,0,0.561,0,1,0
TXN107131,155.62,8,8.19,118.72,0,0.344,0,1,0
TXN107132,62.83,18,6.87,18.18,0,0.56,0,0,0
TXN107133,83.82,1,6.4,6.13,0,0.345,0,1,0
TXN107134,118.41,21,5.57,178.72,0,0.276,0,1,0
TXN107135,57.63,14,17.83,86.15,1,0.168,0,1,0
TXN107136,87.63,14,10.18,55.91,0,0.087,0,1,0
TXN107137,58.34,7,0.83,190.7,0,0.201,0,1,0
TXN107138,119.07,13,2.86,259.01,0,0.203,0,1,0
TXN107139,89.58,16,1.68,72.67,0,0.174,0,1,0
TXN107140,65.73,19,23.11,1.34,0,0.475,0,0,0
TXN107141,78.19,9,10.13,21.11,1,0.2,0,1,0
TXN107142,28.57,14,12.68,478.63,0,0.024,0,1,0
TXN107143,92.48,4,4.85,23.95,0,0.18,0,1,0
TXN107144,64.95,0,0.49,46.72,0,0.189,0,1,0
TXN107145,10.42,20,1.78,85.79,0,0.182,0,1,0
TXN107146,8.38,22,11.7,224.91,0,0.248,0,1,0
TXN107147,65.79,17,20.32,134.17,0,0.299,0,1,0
TXN107148,34.13,20,17.86,541.43,1,0.163,0,0,0
TXN107149,109.88,16,12.7,8.27,1,0.332,0,1,0
TXN107150,225.93,4,367.93,1.49,1,0.725,0,1,1
TXN107151,1124.08,20,379.54,2.33,2,0.755,1,0,1
TXN107152,410.82,13,127.44,6.61,2,0.786,1,0,1
TXN107153,144.58,9,3.54,22.59,0,0.251,0,1,0
TXN107154,56.71,20,15.8,73.6,0,0.122,0,1,0
TXN107155,67.75,9,14.66,6.3,1,0.235,0,0,0
TXN107156,38.53,12,0.23,108.23,1,0.371,0,1,0
TXN107157,86.6,7,10.95,104.64,0,0.392,0,0,0
TXN107158,11.3,20,8.56,133.14,1,0.097,0,1,0
TXN107159,51.25,10,19.21,81.15,0,0.701,0,0,0
TXN107160,28.23,17,11.7,419.8,1,0.179,0,0,0
TXN107161,42.14,9,0.29,142.8,0,0.227,0,0,0
TXN107162,15.01,7,4.12,52.1,0,0.321,0,1,0
TXN107163,56.16,7,0.36,54.71,0,0.117,0,1,0
TXN107164,70.45,19,1.54,38.53,0,0.19,0,0,0
TXN107165,1643.97,17,269.63,6.19,4,0.842,0,0,1
TXN107166,123.84,19,8.83,169.46,0,0.25,0,1,0
TXN107167,25.42,9,6.04,350.07,0,0.204,0,1,0
TXN107168,34.36,15,2.97,29.95,1,0.248,0,1,0
TXN107169,87.93,19,1.41,317.4,0,0.14,0,0,0
TXN107170,73.5,16,19.9,70.98,1,0.217,0,0,0
TXN107171,113.37,15,5.55,143.9,0,0.355,0,1,0
TXN107172,136.01,11,16.06,254.95,0,0.135,0,1,0
TXN107173,129.33,0,6.91,71.15,0,0.247,0,0,0
TXN107174,66.93,14,1.93,198.25,1,0.216,0,1,0
TXN107175,286.89,22,3.98,169.19,0,0.614,0,0,0
TXN107176,29.29,17,7.33,20.22,1,0.199,0,0,0
TXN107177,100.5,3,6.89,41.02,1,0.132,0,1,0
TXN107178,62.62,12,30.39,39.5,0,0.611,0,1,0
TXN107179,8.39,11,0.86,244.44,0,0.458,0,1,0
TXN107180,81.19,17,2.68,193.97,0,0.118,0,0,0
TXN107181,166.84,10,7.87,132.59,0,0.485,0,1,0
TXN107182,40.93,18,1.84,347.23,1,0.115,0,1,0
TXN107183,143.25,0,3.44,447.31,0,0.022,1,1,0
TXN107184,321.20175254106755,10,97.921815638795,97.73,0,0.5525346530685786,0,1,0
TXN107185,92.38,13,11.93,309.29,2,0.045,0,1,0
TXN107186,181.45,8,18.62,171.02,2,0.302,0,1,0
TXN107187,87.7,20,1.47,157.98,0,0.31,0,1,0
TXN107188,135.3,0,6.28,50.07,0,0.144,0,1,0
TXN107189,5.01,15,28.75,101.95,0,0.48,0,1,0
TXN107190,50.93,12,0.84,376.42,0,0.21,0,0,0
TXN107191,423.99,2,256.3,10.39,2,0.733,0,0,1
TXN107192,527.502482732912,3,8.195315899558032,72.52,0,0.5840844558195566,0,1,0
TXN107193,7.89,14,4.59,225.27,0,0.398,0,1,0
TXN107194,15.43,10,1.98,46.34,0,0.145,0,1,0
TXN107195,22.43,9,12.11,18.1,0,0.33,0,1,0
TXN107196,137.63,11,3.27,6.43,0,0.076,0,1,0
TXN107197,25.28,18,4.72,63.48,0,0.057,0,0,0
TXN107198,76.22,5,4.62,248.37,1,0.061,0,1,0
TXN107199,117.53,19,18.91,3.23,1,0.261,0,1,0
TXN107200,27.69,10,12.38,55.66,0,0.386,0,1,0
TXN107201,129.22,19,5.16,249.32,0,0.346,0,1,0
TXN107202,72.14,23,3.36,114.66,1,0.451,0,0,0
TXN107203,22.72,10,6.55,73.83,0,0.115,0,1,0
TXN107204,21.24,12,19.86,205.46,0,0.258,0,1,0
TXN107205,72.77,18,5.7,174.06,0,0.211,0,1,0
TXN107206,112.5,13,7.47,34.72,0,0.167,1,1,0
TXN107207,60.73,16,9.94,206.84,0,0.464,0,1,0
TXN107208,68.16,13,11.63,79.04,1,0.359,0,1,0
TXN107209,21.82,3,7.4,57.7,0,0.573,0,1,0
TXN107210,86.84,8,4.51,87.29,0,0.051,0,0,0
TXN107211,108.91,23,12.21,23.51,0,0.327,0,1,0
TXN107212,667.9061230203929,7,8.765132924439696,44.58,0,0.6012787193080821,0,1,0
TXN107213,51.97,23,7.12,548.31,0,0.374,0,1,0
TXN107214,32.52,12,3.41,291.84,0,0.14,0,1,0
TXN107215,91.98,7,5.28,35.08,1,0.037,0,1,0
TXN107216,165.51,17,1.97,609.61,0,0.295,0,1,0
TXN107217,97.08,20,7.67,115.86,0,0.223,0,1,0
TXN107218,117.32,17,3.56,16.12,1,0.119,0,1,0
TXN107219,98.7,16,1.62,83.05,1,0.428,0,1,0
TXN107220,276.57,4,1104.47,0.02,7,0.729,1,0,1
TXN107221,183.77,22,4.36,46.95,0,0.051,0,0,0
TXN107222,132.2,11,3.64,44.5,0,0.311,0,1,0
TXN107223,64.69,18,3.94,99.41,1,0.126,1,0,0
TXN107224,275.98,12,5.42,31.67,0,0.178,0,1,0
TXN107225,51.65,21,2.08,68.62,0,0.29,0,1,0
TXN107226,161.03,16,2.51,150.01,0,0.169,0,1,0
TXN107227,12.06,7,2.38,33.81,1,0.236,0,1,0
TXN107228,117.53,23,15.48,35.97,0,0.054,0,1,0
TXN107229,124.88,9,12.35,21.82,0,0.312,0,1,0
TXN107230,183.23,20,0.45,114.49,0,0.247,0,1,0
TXN107231,497.4837896732525,12,92.651160149322,152.84,0,0.5133736438903678,0,1,0
TXN107232,89.94,10,6.4,84.09,1,0.108,0,1,0
TXN107233,55.11,19,5.14,181.79,0,0.188,0,1,0
TXN107234,234.46668184577263,23,19.1262909926884,0.42,8,0.49889004097253087,0,0,1
TXN107235,90.49,20,1.19,268.06,0,0.375,0,1,0
TXN107236,89.04,2,8.93,268.23,1,0.195,0,0,0
TXN107237,40.03,10,1.3,157.3,0,0.383,0,1,0
TXN107238,261.79,12,7.92,106.12,0,0.252,0,1,0
TXN107239,224.32,8,8.7,70.21,1,0.076,0,1,0
TXN107240,96.17,19,6.14,139.43,0,0.155,0,1,0
TXN107241,60.28,17,10.12,65.56,1,0.394,0,1,0
TXN107242,32.6,15,5.93,253.45,0,0.285,0,1,0
TXN107243,189.55,13,1.14,348.66,0,0.158,0,0,0
TXN107244,91.95,20,1.99,156.25,0,0.58,0,1,0
TXN107245,19.13,17,7.38,41.15,0,0.497,0,1,0
TXN107246,98.73,6,0.41,18.93,1,0.261,0,1,0
TXN107247,54.63,16,8.47,87.56,0,0.237,0,1,0
TXN107248,52.13,8,3.55,18.14,0,0.495,0,1,0
TXN107249,16.04,8,14.31,217.01,1,0.327,0,1,0
TXN107250,58.48,15,0.29,624.35,0,0.427,0,0,0
TXN107251,85.15,19,11.98,456.55,0,0.752,0,1,0
TXN107252,52.83,11,4.62,27.56,0,0.621,0,1,0
TXN107253,64.66,0,1.93,35.57,0,0.081,0,0,0
TXN107254,8.84,15,4.6,51.14,0,0.177,0,1,0
TXN107255,9.77,10,12.24,12.78,0,0.311,0,1,0
TXN107256,322.8176650941089,14,40.31725845008023,90.4,0,0.7914362665483301,0,1,0
TXN107257,117.94,20,1.04,574.04,0,0.363,0,1,0
TXN107258,29.3,4,2.69,24.67,0,0.178,0,1,0
TXN107259,98.58,11,8.66,72.8,0,0.096,0,0,0
TXN107260,15.31,21,11.81,82.46,0,0.288,0,1,0
TXN107261,68.31,11,22.19,49.66,0,0.188,0,1,0
TXN107262,97.87,17,1.92,348.78,0,0.36,0,1,0
TXN107263,26.39,23,6.27,59.79,0,0.428,0,1,0
TXN107264,18.04,10,2.65,36.95,0,0.081,0,0,0
TXN107265,175.09,20,12.67,72.51,0,0.238,0,1,0
TXN107266,34.59,15,3.43,33.65,0,0.105,0,1,0
TXN107267,89.91,13,4.76,89.66,3,0.34,0,1,0
TXN107268,99.85,20,3.99,121.97,1,0.102,0,1,0
TXN107269,94.03,10,4.29,11.36,1,0.199,0,1,0
TXN107270,46.15,23,8.36,34.68,0,0.356,0,0,0
TXN107271,454.89,0,238.76,3.7,2,0.711,1,0,1
TXN107272,29.18,18,2.74,46.06,1,0.262,0,1,0
TXN107273,56.79,17,12.19,437.35,0,0.403,0,1,0
TXN107274,28.12,3,3.78,140.35,1,0.161,0,1,0
TXN107275,152.33,16,23.73,264.52,1,0.356,0,1,0
TXN107276,50.98,16,4.56,226.76,0,0.087,0,0,0
TXN107277,69.88164627576323,3,27.667117959505106,12.29,0,0.7318363221931928,0,1,0
TXN107278,58.34,12,1.92,28.98,0,0.217,0,1,0
TXN107279,116.41,7,10.42,33.08,0,0.424,0,1,0
TXN107280,69.71,19,1.4,98.86,0,0.372,0,0,0
TXN107281,35.99,5,0.31,19.77,0,0.535,0,1,0
TXN107282,107.06,8,8.87,243.78,0,0.116,0,1,0
TXN107283,148.35,13,3.26,29.55,0,0.433,0,0,0
TXN107284,56.86,2,10.47,66.0,0,0.592,0,1,0
TXN107285,3.57,9,9.51,84.2,0,0.556,1,1,0
TXN107286,64.88,18,31.24,151.6,0,0.366,0,1,0
TXN107287,173.1502680906693,12,164.05560820453536,293.92,0,0.7403822366795478,0,0,0
TXN107288,45.23,14,29.88,98.63,0,0.312,0,0,0
TXN107289,31.96,16,15.57,69.63,1,0.126,0,1,0
TXN107290,80.21,5,2.12,79.67,0,0.264,0,1,0
TXN107291,20.01,3,3.53,19.15,0,0.362,0,1,0
TXN107292,52.15,9,6.07,150.84,0,0.29,0,1,0
TXN107293,69.44,16,1.87,137.02,0,0.202,0,1,0
TXN107294,40.04,0,17.45,171.14,1,0.1,0,1,0
TXN107295,77.35,15,11.71,62.47,1,0.125,0,1,0
TXN107296,75.49,9,11.07,66.64,0,0.304,0,1,0
TXN107297,129.79,17,1.07,41.08,0,0.725,0,1,0
TXN107298,94.08,13,2.43,29.98,1,0.506,0,1,0
TXN107299,65.06,18,5.41,3.16,0,0.173,0,1,0
TXN107300,117.55,15,8.74,134.64,0,0.33,0,1,0
TXN107301,260.14849970984085,8,307.35338369531706,125.54,1,0.6602713127591892,0,1,0
TXN107302,121.95,14,0.14,156.31,1,0.429,0,1,0
TXN107303,101.51,14,4.58,367.41,0,0.427,0,1,0
TXN107304,36.42,18,12.52,10.25,0,0.211,0,1,0
TXN107305,78.69,5,7.09,0.78,1,0.22,0,1,0
TXN107306,152.66,18,14.34,2.96,0,0.177,0,1,0
TXN107307,50.24,15,17.56,144.61,0,0.175,0,1,0
TXN107308,218.74,16,15.04,183.86,0,0.348,0,1,0
TXN107309,73.62,16,2.11,180.38,0,0.704,0,1,0
TXN107310,50.89,16,5.49,16.15,0,0.242,0,0,0
TXN107311,83.24,19,0.15,70.13,0,0.304,0,0,0
TXN107312,103.8,11,6.16,53.22,1,0.189,0,1,0
TXN107313,47.52,19,5.68,118.77,1,0.193,0,0,0
TXN107314,166.91,3,1.34,218.9,0,0.242,1,1,0
TXN107315,57.35,12,9.36,90.61,0,0.079,0,1,0
TXN107316,83.12,18,10.9,214.01,0,0.098,0,1,0
TXN107317,71.17,13,1.0,179.8,0,0.257,0,1,0
TXN107318,170.14,18,22.92,108.64,0,0.238,0,1,0
TXN107319,63.75,16,9.45,204.6,0,0.221,0,0,0
TXN107320,232.28,21,10.53,340.54,0,0.514,0,1,0
TXN107321,12.32,12,0.64,91.24,0,0.216,0,1,0
TXN107322,51.79,2,3.04,29.5,0,0.096,0,1,0
TXN107323,16.86,15,15.51,109.73,1,0.105,0,1,0
TXN107324,134.939731190539,23,23.714286553511183,67.26,0,0.6317505248960973,0,0,0
TXN107325,190.96,10,3.38,90.85,0,0.277,0,1,0
TXN107326,80.12,16,12.56,245.72,1,0.387,0,1,0
TXN107327,79.96,9,7.45,37.16,0,0.189,0,1,0
TXN107328,131.05,14,6.16,81.55,0,0.12,0,1,0
TXN107329,63.77,9,6.03,70.76,0,0.146,0,1,0
TXN107330,136.53,8,6.98,20.7,0,0.494,0,1,0
TXN107331,3.79,17,34.11,55.09,1,0.648,0,1,0
TXN107332,36.01,16,4.04,44.55,0,0.129,0,1,0
TXN107333,53.55,20,13.01,184.04,0,0.169,0,1,0
TXN107334,85.24,14,4.74,293.87,1,0.515,0,1,0
TXN107335,118.05,0,15.73,387.28,0,0.372,0,1,0
TXN107336,10.58,11,13.92,46.32,2,0.505,0,1,0
TXN107337,36.17,19,7.53,572.11,0,0.423,0,1,0
TXN107338,109.36,0,0.58,195.36,1,0.074,0,1,0
TXN107339,34.77,13,11.77,154.71,0,0.356,0,1,0
TXN107340,18.63,18,15.03,207.19,1,0.53,0,1,0
TXN107341,46.68,21,5.77,353.15,0,0.327,0,1,0
TXN107342,176.97,18,5.72,49.42,0,0.176,0,1,0
TXN107343,109.63,8,1.65,38.54,0,0.083,0,1,0
TXN107344,218.91,13,5.92,130.91,1,0.17,0,1,0
TXN107345,241.68424549728195,10,51.113990591397744,232.4,0,0.5888956695078793,0,1,0
TXN107346,30.04,6,11.28,165.7,0,0.732,0,0,0
TXN107347,95.46,19,3.36,19.04,0,0.363,0,1,0
TXN107348,48.91,12,10.47,136.28,0,0.483,0,1,0
TXN107349,51.53,20,17.48,411.95,0,0.191,0,0,0
TXN107350,76.38,4,4.48,279.75,1,0.308,0,1,0
TXN107351,87.85,16,4.83,337.12,0,0.526,0,0,0
TXN107352,139.88,15,8.98,163.93,0,0.353,0,1,0
TXN107353,24.8,10,15.32,89.95,0,0.278,0,1,0
TXN107354,420.74,3,58.8,1.09,1,0.375,1,1,1
TXN107355,29.41,15,2.8,104.03,1,0.153,0,1,0
TXN107356,75.99,22,7.68,153.2,0,0.072,0,1,0
TXN107357,93.5,19,4.01,50.92,1,0.169,0,1,0
TXN107358,29.81,1,3.57,98.76,0,0.259,0,1,0
TXN107359,83.46,19,13.18,354.04,0,0.323,0,1,0
TXN107360,63.73,17,1.02,18.47,0,0.429,0,1,0
TXN107361,145.21773145049806,6,91.11202330263751,15.96,1,0.5583748042740867,0,1,0
TXN107362,38.74,14,6.52,221.86,0,0.296,0,1,0
TXN107363,72.9,5,17.05,386.05,0,0.262,1,1,0
TXN107364,240.28,18,22.97,19.32,0,0.291,0,1,0
TXN107365,63.71,17,2.58,14.14,1,0.058,0,0,0
TXN107366,79.01,11,6.05,99.42,0,0.384,0,1,0
TXN107367,21.14,10,13.94,46.63,1,0.729,0,1,0
TXN107368,63.12,2,2.51,62.8,0,0.686,0,1,0
TXN107369,109.1,0,3.07,104.07,0,0.278,0,1,0
TXN107370,6.06,20,4.61,325.2,0,0.694,0,1,0
TXN107371,130.68,10,29.01,130.36,0,0.368,0,1,0
TXN107372,72.43,16,1.29,62.06,1,0.223,0,1,0
TXN107373,37.68,12,7.49,150.13,1,0.425,0,0,0
TXN107374,14.71,10,6.21,87.19,0,0.157,0,1,0
TXN107375,140.66,4,3.18,291.48,1,0.127,0,1,0
TXN107376,51.31,4,7.44,253.18,1,0.195,0,1,0
TXN107377,137.07,19,1.71,72.91,2,0.122,1,0,0
TXN107378,54.78,7,2.76,145.96,0,0.027,0,1,0
TXN107379,202.67,4,3.03,36.51,0,0.251,0,1,0
TXN107380,259.36,20,4.17,58.39,0,0.36,0,1,0
TXN107381,100.79,16,2.61,199.84,0,0.398,0,1,0
TXN107382,18.43,12,12.23,18.71,1,0.32,0,0,0
TXN107383,46.33,15,6.62,44.97,0,0.687,0,1,0
TXN107384,54.81,12,0.75,84.79,0,0.371,0,1,0
TXN107385,40.88,12,7.07,54.18,0,0.381,0,1,0
TXN107386,44.59,19,4.06,305.07,0,0.123,0,1,0
TXN107387,33.1255326614573,9,60.02793146091367,70.26,0,0.6259752678178492,0,1,0
TXN107388,127.15,11,5.56,220.73,1,0.256,0,1,0
TXN107389,51.91,12,4.42,313.84,0,0.128,0,1,0
TXN107390,70.63,2,7.62,126.46,0,0.207,0,0,0
TXN107391,44.03,15,18.93,47.97,0,0.178,0,1,0
TXN107392,83.43,17,4.71,64.89,0,0.227,0,0,0
TXN107393,74.14,10,0.42,296.03,0,0.085,0,1,0
TXN107394,38.21,16,4.56,52.28,0,0.237,0,1,0
TXN107395,36.59,17,7.9,109.86,0,0.464,0,1,0
TXN107396,125.23,8,2.87,9.07,0,0.06,0,1,0
TXN107397,51.59,23,3.99,27.4,0,0.284,0,1,0
TXN107398,326.99,5,874.96,1.75,4,0.703,0,0,1
TXN107399,54.84,16,13.07,57.15,1,0.111,0,1,0
TXN107400,172.0,6,1.05,11.63,0,0.566,0,1,0
TXN107401,55.25,15,17.14,131.55,0,0.483,0,1,0
TXN107402,27.73,20,4.32,173.1,0,0.157,0,1,0
TXN107403,100.05,12,0.88,59.4,1,0.173,0,1,0
TXN107404,233.76,19,1.93,26.44,1,0.331,0,1,0
TXN107405,101.47772388028345,8,3.247146594682914,205.93,0,0.6797238032925965,1,1,0
TXN107406,78.92,19,3.16,103.81,1,0.229,0,1,0
TXN107407,38.11,13,1.09,14.46,0,0.273,0,1,0
TXN107408,74.79,14,17.37,8.55,1,0.047,0,1,0
TXN107409,57.24,1,3.09,423.58,2,0.031,0,1,0
TXN107410,47.47,4,13.19,48.2,0,0.194,0,1,0
TXN107411,93.0,2,2.8,129.99,1,0.217,0,1,0
TXN107412,48.4,14,17.74,112.68,0,0.108,1,0,0
TXN107413,148.45,18,8.57,9.44,1,0.43,0,1,0
TXN107414,138.7,10,2.82,295.24,0,0.411,0,1,0
TXN107415,39.01,9,3.14,26.4,1,0.411,0,1,0
TXN107416,7.52,13,5.02,68.98,0,0.487,0,0,0
TXN107417,71.84,20,7.18,85.15,0,0.168,0,1,0
TXN107418,53.82,12,3.97,180.28,0,0.067,0,1,0
TXN107419,70.59,10,5.98,56.68,0,0.125,0,1,0
TXN107420,47.88,14,5.64,42.3,0,0.216,0,0,0
TXN107421,83.66,1,4.95,52.63,0,0.472,0,1,0
TXN107422,691.43,17,285.81,3.98,4,0.743,1,0,1
TXN107423,141.51,20,3.83,284.54,2,0.357,0,1,0
TXN107424,21.47,20,2.49,163.1,0,0.249,0,0,0
TXN107425,119.16,19,2.0,197.75,0,0.292,0,1,0
TXN107426,118.56,8,0.62,21.63,0,0.135,0,1,0
TXN107427,191.15,10,3.79,86.66,1,0.316,1,1,0
TXN107428,130.21,10,11.49,37.71,0,0.37,0,1,0
TXN107429,104.71,15,13.23,9.6,0,0.09,0,1,0
TXN107430,302.93,2,219.57,1.01,7,0.792,0,0,1
TXN107431,82.35,3,0.87,83.86,0,0.102,0,1,0
TXN107432,92.89,17,7.38,9.36,1,0.425,0,1,0
TXN107433,9.71,20,2.56,113.55,2,0.248,0,1,0
TXN107434,107.14,10,12.17,5.05,0,0.261,0,1,0
TXN107435,108.22,20,0.54,105.18,0,0.125,0,1,0
TXN107436,43.02,10,2.3,36.91,1,0.716,0,0,0
TXN107437,30.09,1,7.55,55.73,1,0.168,0,0,0
TXN107438,5.07,1,6.77,29.29,1,0.25,1,1,0
TXN107439,106.36,11,2.18,106.96,1,0.051,0,1,0
TXN107440,73.23,19,2.15,75.13,0,0.524,0,1,0
TXN107441,95.85,23,3.92,152.62,0,0.07,0,1,0
TXN107442,168.93,15,5.12,96.01,1,0.327,0,1,0
TXN107443,18.36,7,4.82,62.88,0,0.359,0,1,0
TXN107444,33.9,2,2.27,378.07,1,0.288,0,1,0
TXN107445,2.3,18,14.35,268.34,1,0.348,0,1,0
TXN107446,6.88,9,6.7,77.16,1,0.09,0,1,0
TXN107447,84.46,13,0.71,27.77,1,0.357,0,1,0
TXN107448,50.72,11,12.22,251.49,1,0.349,1,1,0
TXN107449,101.92,17,0.68,77.27,2,0.384,0,1,0
TXN107450,61.78,15,0.68,78.14,0,0.177,0,1,0
TXN107451,42.92,20,6.15,452.86,1,0.233,1,0,0
TXN107452,57.89,18,1.54,129.54,0,0.205,0,0,0
TXN107453,184.61,12,6.61,239.49,0,0.108,0,0,0
TXN107454,95.01,13,2.42,59.03,0,0.345,0,1,0
TXN107455,110.94,1,5.54,404.62,0,0.334,0,1,0
TXN107456,26.32,19,14.8,21.08,1,0.213,0,0,0
TXN107457,54.43,18,5.67,6.31,0,0.357,0,0,0
TXN107458,134.49,19,2.31,254.78,0,0.182,0,1,0
TXN107459,365.59,5,229.92,13.12,4,0.81,0,0,1
TXN107460,33.54,7,4.96,54.83,0,0.381,0,1,0
TXN107461,31.23,18,4.87,200.24,1,0.381,0,1,0
TXN107462,176.16,19,0.16,55.57,0,0.191,0,1,0
TXN107463,63.99,14,0.32,121.93,0,0.358,0,1,0
TXN107464,22.98,13,2.54,67.14,0,0.43,0,1,0
TXN107465,112.85,15,10.35,126.84,0,0.235,0,1,0
TXN107466,159.26,8,7.77,125.39,1,0.276,0,1,0
TXN107467,112.34,9,15.83,26.01,0,0.245,0,0,0
TXN107468,85.07,9,2.2,6.17,0,0.255,0,1,0
TXN107469,176.36,8,23.84,153.2,1,0.172,0,0,0
TXN107470,16.4,23,5.25,165.0,1,0.288,0,0,0
TXN107471,42.14,8,7.63,299.24,1,0.529,0,1,0
TXN107472,35.19,6,6.41,48.88,0,0.282,1,1,0
TXN107473,258.45,13,14.44,86.14,0,0.447,0,1,0
TXN107474,41.21,20,0.46,323.4,0,0.289,0,1,0
TXN107475,599.4238634118528,12,200.39468326408436,158.56,0,0.5017378782621447,0,1,0
TXN107476,106.91,10,2.89,14.02,0,0.224,0,1,0
TXN107477,201.11476712146893,13,30.153675417578864,149.58,0,0.6246554457177829,1,1,0
TXN107478,49.1,22,5.02,459.29,1,0.599,0,1,0
TXN107479,99.5,3,2.55,43.06,0,0.319,1,1,0
TXN107480,104.98,8,9.25,64.19,0,0.232,0,1,0
TXN107481,74.18,9,9.94,8.01,1,0.431,0,0,0
TXN107482,164.48,20,3.96,55.42,0,0.165,0,1,0
TXN107483,241.78,15,15.32,14.48,0,0.149,0,1,0
TXN107484,70.84,9,7.37,51.44,0,0.344,1,1,0
TXN107485,7.81,22,2.46,24.03,0,0.347,0,1,0
TXN107486,116.31,17,7.42,60.58,0,0.201,0,0,0
TXN107487,237.09,22,5.23,274.52,2,0.074,0,0,0
TXN107488,105.58,12,4.76,87.88,1,0.167,0,1,0
TXN107489,70.17,19,2.6,479.83,0,0.181,0,1,0
TXN107490,57.86,15,3.13,243.52,1,0.242,0,1,0
TXN107491,29.76,9,6.26,15.94,0,0.212,0,0,0
TXN107492,66.85,16,12.4,2.43,0,0.431,0,1,0
TXN107493,47.16,13,4.05,119.59,1,0.258,0,1,0
TXN107494,176.83,8,4.72,59.4,0,0.439,1,1,0
TXN107495,146.31,11,6.04,4.71,0,0.28,0,1,0
TXN107496,91.1,4,5.37,299.59,1,0.116,0,1,0
TXN107497,46.29,14,5.76,239.7,2,0.485,0,1,0
TXN107498,125.5,12,3.44,13.53,0,0.343,0,0,0
TXN107499,89.56,20,5.43,87.31,0,0.054,0,1,0
TXN107500,86.7,8,3.99,123.03,0,0.403,0,1,0
TXN107501,47.53,23,2.72,103.17,0,0.502,0,1,0
TXN107502,55.86,11,38.96,152.76,0,0.243,0,1,0
TXN107503,53.55,22,16.16,18.67,0,0.311,0,1,0
TXN107504,146.74,8,16.32,6.78,1,0.405,0,1,0
TXN107505,39.75,13,1.03,4.77,0,0.071,0,1,0
TXN107506,116.3,14,21.18,80.47,0,0.297,0,1,0
TXN107507,88.1,10,3.8,30.49,0,0.219,0,0,0
TXN107508,162.62,5,10.77,2.83,1,0.087,1,1,0
TXN107509,174.29,18,1.29,265.28,0,0.226,0,1,0
TXN107510,110.62,0,5.4,30.42,0,0.199,0,1,0
TXN107511,89.88,18,10.1,125.98,1,0.2,0,1,0
TXN107512,39.74,12,10.53,92.76,0,0.233,0,1,0
TXN107513,17.84,3,9.51,28.55,1,0.069,0,1,0
TXN107514,66.77,17,20.59,78.53,0,0.135,0,0,0
TXN107515,173.84,22,7.19,40.89,1,0.302,1,1,0
TXN107516,27.58,14,17.73,5.77,0,0.215,0,1,0
TXN107517,77.92,2,16.75,228.17,0,0.169,0,1,0
TXN107518,57.21,10,3.39,138.42,0,0.216,0,1,0
TXN107519,103.13,18,12.9,74.36,1,0.284,0,1,0
TXN107520,17.97,15,2.03,75.3,0,0.333,0,1,0
TXN107521,185.03,16,10.13,3.31,0,0.201,0,1,0
TXN107522,69.19,13,6.16,13.51,0,0.277,0,1,0
TXN107523,27.36,14,17.94,5.75,0,0.298,0,1,0
TXN107524,28.16,9,1.52,13.1,0,0.165,0,1,0
TXN107525,19.49,0,1.25,51.14,1,0.203,0,1,0
TXN107526,24.08,9,3.78,96.56,0,0.14,0,1,0
TXN107527,22.88,14,11.67,43.77,0,0.23,0,1,0
TXN107528,85.7,11,9.8,29.6,1,0.718,0,0,0
TXN107529,38.68,19,12.72,152.85,0,0.38,0,1,0
TXN107530,243.74,22,5.22,74.23,0,0.502,0,1,0
TXN107531,205.3,22,2.91,85.36,0,0.402,0,1,0
TXN107532,96.98,18,0.43,218.4,1,0.112,0,0,0
TXN107533,126.34,18,1.47,87.67,0,0.495,0,0,0
TXN107534,284.60161028025055,13,53.23275122335363,36.99,1,0.6000631437594446,0,1,0
TXN107535,92.74,8,2.89,205.71,1,0.501,0,1,0
TXN107536,71.17,7,22.16,11.92,0,0.335,0,0,0
TXN107537,64.99,6,1.92,267.09,0,0.075,0,1,0
TXN107538,36.25,10,11.15,506.77,0,0.164,0,1,0
TXN107539,18.72,2,8.43,55.16,2,0.051,0,1,0
TXN107540,137.74,15,1.35,20.33,0,0.236,0,1,0
TXN107541,55.45,14,1.2,2.02,0,0.097,0,1,0
TXN107542,4.27,17,8.92,301.22,0,0.361,0,1,0
TXN107543,58.28,15,1.48,63.2,0,0.109,0,1,0
TXN107544,139.61,18,2.53,321.25,2,0.518,0,1,0
TXN107545,9.34,4,1.53,387.99,0,0.286,0,0,0
TXN107546,66.68,11,0.23,0.2,1,0.13,0,1,0
TXN107547,130.58,21,8.06,43.84,0,0.184,1,0,0
TXN107548,67.48,9,0.53,49.04,0,0.106,0,0,0
TXN107549,5.41,11,6.12,119.1,1,0.207,0,1,0
TXN107550,98.49,12,12.9,29.5,0,0.361,0,1,0
TXN107551,85.93,13,6.99,35.86,1,0.434,0,1,0
TXN107552,19.97,15,2.25,98.06,0,0.382,0,0,0
TXN107553,154.49,18,0.59,248.85,1,0.372,0,0,0
TXN107554,125.13,14,2.08,143.05,0,0.229,0,1,0
TXN107555,19.6,4,10.53,512.95,0,0.368,1,0,0
TXN107556,23.74,20,5.71,73.57,0,0.11,0,0,0
TXN107557,63.7,0,8.35,11.68,0,0.085,0,1,0
TXN107558,93.0,22,1.95,60.81,0,0.437,0,1,0
TXN107559,98.71,20,1.28,165.61,0,0.416,0,1,0
TXN107560,231.04632770774845,6,103.4217828174757,13.68,0,0.6957603956075586,0,1,0
TXN107561,14.88,16,8.5,191.22,0,0.135,0,1,0
TXN107562,64.84,17,7.14,248.65,1,0.105,0,1,0
TXN107563,110.48,9,2.81,86.14,1,0.11,0,1,0
TXN107564,31.63,15,9.3,227.41,0,0.775,0,1,0
TXN107565,36.8,17,5.47,82.07,0,0.168,0,1,0
TXN107566,72.83,15,9.52,43.22,0,0.28,1,1,0
TXN107567,227.52,9,25.69,17.8,0,0.041,0,1,0
TXN107568,49.81,7,0.7,20.21,0,0.261,0,1,0
TXN107569,318.53,4,378.09,11.55,4,0.646,1,0,1
TXN107570,58.73,10,2.07,97.04,0,0.435,0,1,0
TXN107571,95.02,19,3.95,73.58,0,0.622,0,1,0
TXN107572,23.77,6,24.98,47.2,0,0.234,0,1,0
TXN107573,166.5,10,14.48,40.88,0,0.112,1,1,0
TXN107574,577.84,0,112.45,19.22,3,0.859,0,0,1
TXN107575,20.45,12,8.37,30.8,0,0.265,0,1,0
TXN107576,124.3,19,5.11,21.39,0,0.176,0,1,0
TXN107577,333.92,8,9.83,91.85,1,0.282,0,0,0
TXN107578,63.26,14,13.48,141.31,0,0.043,0,1,0
TXN107579,89.24,11,10.29,104.42,1,0.473,0,1,0
TXN107580,37.32,14,1.91,861.3,0,0.418,0,1,0
TXN107581,65.7,9,5.27,75.65,1,0.19,0,1,0
TXN107582,123.87,17,10.85,6.83,1,0.316,0,1,0
TXN107583,111.87,20,2.87,11.01,0,0.097,0,1,0
TXN107584,39.28,19,7.1,234.53,0,0.191,0,1,0
TXN107585,158.1,23,31.6,2.17,0,0.304,0,1,0
TXN107586,145.69,10,3.58,68.43,0,0.414,0,1,0
TXN107587,71.29,13,8.97,64.13,1,0.242,0,1,0
TXN107588,84.02,19,3.16,8.91,0,0.274,0,1,0
TXN107589,189.81,6,4.83,591.27,0,0.709,0,0,0
TXN107590,109.84,14,1.89,268.43,0,0.186,0,0,0
TXN107591,32.88,18,2.51,487.46,2,0.148,0,1,0
TXN107592,138.8,14,1.3,117.22,0,0.259,0,1,0
TXN107593,72.06,19,16.75,178.19,0,0.342,0,1,0
TXN107594,134.0,10,3.14,165.41,0,0.451,0,1,0
TXN107595,83.4,20,11.04,168.73,0,0.396,0,1,0
TXN107596,78.93,3,9.47,247.13,0,0.626,1,0,0
TXN107597,63.63,23,2.69,138.23,0,0.035,0,1,0
TXN107598,30.08,10,5.52,164.65,0,0.096,0,0,0
TXN107599,9.72,16,16.73,42.65,0,0.069,0,0,0
TXN107600,206.07,19,487.67,8.13,2,0.914,1,0,1
TXN107601,18.12,10,9.94,3.87,0,0.224,1,1,0
TXN107602,63.22,10,2.55,186.01,0,0.263,0,1,0
TXN107603,219.13,4,1.12,252.87,0,0.08,0,0,0
TXN107604,53.86,15,7.61,43.63,2,0.089,0,1,0
TXN107605,39.85,10,9.99,73.27,1,0.333,0,1,0
TXN107606,77.92,8,15.97,160.02,0,0.388,0,1,0
TXN107607,44.42,14,1.77,86.17,0,0.231,0,1,0
TXN107608,42.58,21,2.65,92.49,1,0.177,0,1,0
TXN107609,71.18,20,6.22,328.93,2,0.743,0,1,0
TXN107610,9.2,20,14.56,33.02,0,0.165,0,0,0
TXN107611,37.33,8,2.57,145.24,0,0.357,0,1,0
TXN107612,134.69,9,8.57,43.4,0,0.183,0,1,0
TXN107613,31.15,11,7.15,396.94,0,0.314,0,0,0
TXN107614,45.01,8,15.8,27.08,0,0.191,0,1,0
TXN107615,91.45,13,22.22,213.0,0,0.168,0,1,0
TXN107616,105.02,16,10.0,158.91,0,0.192,0,1,0
TXN107617,46.55,14,32.92,205.49,1,0.239,0,1,0
TXN107618,38.1,1,1.63,139.37,0,0.143,0,1,0
TXN107619,239.11,8,210.12,6.42,3,0.692,1,0,1
TXN107620,203.36,8,18.1,8.39,0,0.351,0,1,0
TXN107621,11.34,13,12.04,105.06,0,0.535,0,1,0
TXN107622,149.46,8,18.54,25.45,0,0.284,0,1,0
TXN107623,63.47,18,9.05,36.41,0,0.284,1,0,0
TXN107624,99.5,2,3.27,101.72,0,0.188,0,1,0
TXN107625,19.61,10,14.65,197.33,0,0.328,0,1,0
TXN107626,753.83,4,254.3,1.53,5,0.721,0,0,1
TXN107627,22.3,14,0.55,0.43,0,0.329,0,1,0
TXN107628,81.7346002962488,17,145.68911858416834,55.58,0,0.6200724222069429,0,1,0
TXN107629,51.86,19,2.99,85.69,0,0.067,0,0,0
TXN107630,48.59,9,1.65,0.1,0,0.181,0,1,0
TXN107631,40.49,14,4.46,1.37,0,0.824,0,1,0
TXN107632,73.91,9,9.31,87.69,1,0.386,0,0,0
TXN107633,16.59,21,6.81,158.28,0,0.316,0,0,0
TXN107634,164.69,0,31.92,69.95,2,0.119,0,1,0
TXN107635,91.11,15,8.13,11.13,1,0.156,0,0,0
TXN107636,187.23,20,5.54,43.77,0,0.069,0,1,0
TXN107637,139.09,2,4.81,113.12,0,0.131,0,0,0
TXN107638,94.1,14,5.59,20.2,0,0.434,0,1,0
TXN107639,53.6,17,0.82,34.51,1,0.211,0,1,0
TXN107640,99.27,17,4.55,12.5,0,0.377,0,1,0
TXN107641,24.07,22,16.44,49.46,0,0.16,0,1,0
TXN107642,41.48243364018627,16,51.22057933289797,3.94,1,0.6478903414871796,0,1,0
TXN107643,141.08,6,26.0,23.87,0,0.41,0,1,0
TXN107644,67.19,9,6.33,175.01,0,0.143,0,0,0
TXN107645,33.05,15,2.41,250.93,2,0.212,0,1,0
TXN107646,36.94,14,18.23,168.43,1,0.37,0,1,0
TXN107647,47.06,18,1.25,320.11,1,0.367,0,1,0
TXN107648,62.88,15,5.18,55.44,0,0.049,0,0,0
TXN107649,80.84,15,4.04,47.05,1,0.424,0,0,0
TXN107650,51.51,11,2.78,34.77,0,0.32,0,1,0
TXN107651,91.11,19,7.83,76.5,0,0.346,0,0,0
TXN107652,71.19,12,2.19,264.46,1,0.45,1,1,0
TXN107653,102.91,20,19.21,222.52,0,0.43,0,1,0
TXN107654,52.63,8,2.92,19.37,1,0.228,0,0,0
TXN107655,11.24,9,9.35,156.53,0,0.07,0,1,0
TXN107656,47.39,0,11.03,135.4,1,0.163,0,1,0
TXN107657,42.4,10,2.08,237.43,0,0.377,0,0,0
TXN107658,79.16,12,1.29,116.63,2,0.455,0,1,0
TXN107659,92.18,20,4.38,369.17,0,0.351,0,1,0
TXN107660,23.71,22,18.0,165.91,0,0.387,0,1,0
TXN107661,38.69,8,3.92,246.13,0,0.116,0,1,0
TXN107662,28.83,17,7.46,87.92,0,0.605,0,1,0
TXN107663,200.16,18,3.78,124.08,0,0.351,0,1,0
TXN107664,142.72,3,0.68,30.22,0,0.343,0,0,0
TXN107665,40.94,19,10.78,225.11,0,0.464,0,0,0
TXN107666,45.15,0,4.21,57.59,1,0.024,0,0,0
TXN107667,231.13,14,4.31,213.33,0,0.213,0,1,0
TXN107668,37.97,4,2.06,149.12,0,0.186,0,1,0
TXN107669,7.51,15,4.66,14.09,0,0.413,0,1,0
TXN107670,109.26,20,7.76,366.36,0,0.256,0,1,0
TXN107671,36.04,9,2.69,45.59,0,0.026,0,1,0
TXN107672,78.23,5,11.01,308.68,0,0.266,0,0,0
TXN107673,50.55,18,8.39,144.67,0,0.377,0,1,0
TXN107674,83.9,16,0.57,52.4,0,0.422,0,1,0
TXN107675,59.05,17,3.39,167.37,0,0.198,0,0,0
TXN107676,213.61,2,3.98,234.54,0,0.105,0,1,0
TXN107677,74.49,19,2.94,22.51,0,0.276,0,1,0
TXN107678,192.31,14,5.62,46.43,0,0.224,0,1,0
TXN107679,166.69,16,0.67,37.31,0,0.442,0,1,0
TXN107680,49.26,18,2.54,29.5,0,0.299,0,1,0
TXN107681,135.6,18,5.58,72.91,0,0.308,0,1,0
TXN107682,58.77,19,4.06,70.9,0,0.134,0,1,0
TXN107683,200.57,11,9.65,273.15,0,0.065,0,1,0
TXN107684,31.91,10,2.43,30.75,0,0.266,0,0,0
TXN107685,112.28,12,8.94,180.61,1,0.363,0,1,0
TXN107686,22.07,17,6.66,208.44,1,0.42,0,0,0
TXN107687,117.58,14,0.63,78.76,1,0.091,0,1,0
TXN107688,57.54,12,3.07,168.22,0,0.366,0,0,0
TXN107689,75.0,11,2.85,152.81,0,0.206,0,0,0
TXN107690,166.92,20,19.54,167.54,0,0.466,0,1,0
TXN107691,12.35,20,3.12,1.17,1,0.094,1,1,0
TXN107692,32.33,7,2.26,17.04,1,0.421,0,1,0
TXN107693,711.21,2,213.05,5.6,2,0.655,1,0,1
TXN107694,86.52,12,2.11,2.3,1,0.123,0,1,0
TXN107695,146.26,5,7.37,82.64,0,0.196,0,0,0
TXN107696,92.57,6,4.17,0.59,0,0.458,0,1,0
TXN107697,77.56,11,6.89,6.41,0,0.229,0,1,0
TXN107698,36.39,19,2.18,433.72,0,0.025,0,1,0
TXN107699,75.15,16,14.33,104.11,1,0.151,0,1,0
TXN107700,116.79,18,5.32,164.35,0,0.25,0,0,0
TXN107701,183.46,8,4.63,173.09,2,0.106,0,1,0
TXN107702,11.09,17,6.92,67.32,0,0.033,1,1,0
TXN107703,282.91,5,24.01,185.35,0,0.194,0,1,0
TXN107704,124.74,18,6.83,76.69,0,0.253,0,0,0
TXN107705,35.93,11,2.54,195.23,0,0.126,0,0,0
TXN107706,164.18,8,1.53,219.28,0,0.216,0,1,0
TXN107707,453.6924902015847,16,50.21609323203567,384.87,0,0.5393493094128572,0,1,0
TXN107708,71.81,13,26.91,9.08,0,0.344,0,0,0
TXN107709,79.39,16,6.38,90.14,1,0.211,0,0,0
TXN107710,217.37,22,1.16,95.02,2,0.394,0,1,0
TXN107711,49.47,19,18.6,119.46,1,0.09,0,1,0
TXN107712,26.64,9,13.02,11.06,0,0.123,0,0,0
TXN107713,120.78,1,1.46,86.07,0,0.106,0,1,0
TXN107714,25.29,6,14.97,16.7,0,0.053,0,1,0
TXN107715,178.47,8,7.53,300.89,0,0.459,0,1,0
TXN107716,176.98,14,2.97,34.08,1,0.285,0,1,0
TXN107717,229.31931204565026,16,39.15096796440622,298.16,1,0.7326461721719651,0,0,0
TXN107718,151.45,9,10.63,87.33,1,0.358,0,1,0
TXN107719,73.1,2,5.79,53.34,0,0.141,0,1,0
TXN107720,18.03,4,3.95,253.7,0,0.072,0,1,0
TXN107721,28.52,15,6.68,218.55,1,0.329,0,1,0
TXN107722,32.27,14,2.38,35.71,0,0.203,0,1,0
TXN107723,140.69,1,504.95,6.8,2,0.817,0,0,1
TXN107724,97.33,0,6.22,40.07,0,0.016,0,1,0
TXN107725,771.38,22,214.51,3.21,6,0.531,1,0,1
TXN107726,23.47,20,3.37,53.7,0,0.227,0,0,0
TXN107727,85.33,10,1.62,281.04,1,0.098,0,1,0
TXN107728,26.67,2,2.28,32.6,1,0.656,0,0,0
TXN107729,23.01,4,5.21,363.74,1,0.377,0,1,0
TXN107730,146.55,6,0.42,143.18,0,0.457,0,1,0
TXN107731,24.48,2,29.1,74.02,0,0.431,1,1,0
TXN107732,145.25,6,2.71,11.54,0,0.054,1,0,0
TXN107733,114.86,16,8.85,277.05,0,0.17,0,0,0
TXN107734,158.14,14,2.19,93.63,0,0.307,0,1,0
TXN107735,63.54,5,5.44,116.97,1,0.187,0,1,0
TXN107736,101.91,21,21.05,15.49,0,0.253,0,0,0
TXN107737,48.99,11,6.91,3.66,0,0.36,1,0,0
TXN107738,129.61,15,0.9,135.05,0,0.1,0,1,0
TXN107739,69.62,20,12.3,178.03,0,0.235,0,0,0
TXN107740,37.24,16,5.27,48.93,0,0.348,0,1,0
TXN107741,44.75,0,0.14,124.39,1,0.249,1,1,0
TXN107742,41.52,8,7.63,16.62,0,0.207,0,1,0
TXN107743,163.73,8,14.05,46.08,0,0.291,0,1,0
TXN107744,29.02,9,4.62,25.71,0,0.18,0,1,0
TXN107745,6.33,20,3.23,89.89,0,0.208,0,0,0
TXN107746,93.43,8,5.33,13.46,0,0.117,0,1,0
TXN107747,27.5,13,0.46,28.7,0,0.08,0,1,0
TXN107748,108.14,18,21.85,11.88,0,0.264,0,1,0
TXN107749,51.43,6,7.2,1.88,1,0.326,0,1,0
TXN107750,32.29,20,1.71,106.6,1,0.641,0,0,0
TXN107751,114.33,2,6.53,596.96,1,0.15,0,1,0
TXN107752,243.91,8,30.8,148.49,0,0.232,1,1,0
TXN107753,96.4,13,2.15,263.76,1,0.514,0,1,0
TXN107754,175.81,9,0.86,160.52,0,0.187,0,1,0
TXN107755,139.3,19,8.79,2.7,0,0.479,0,1,0
TXN107756,206.27,18,0.36,190.92,1,0.076,0,1,0
TXN107757,16.16,1,1.32,34.5,0,0.209,0,1,0
TXN107758,65.07,16,13.02,50.26,0,0.453,0,1,0
TXN107759,147.38,7,5.54,163.27,0,0.421,0,1,0
TXN107760,33.1,10,7.65,36.84,1,0.285,0,1,0
TXN107761,50.39,20,3.28,11.01,0,0.736,0,1,0
TXN107762,21.13,10,0.1,348.58,0,0.073,0,0,0
TXN107763,83.17,1,12.84,432.87,1,0.492,0,1,0
TXN107764,41.86,8,0.9,58.42,0,0.214,0,1,0
TXN107765,165.55,15,4.35,117.0,0,0.149,0,1,0
TXN107766,112.65,8,1.55,177.99,1,0.294,0,1,0
TXN107767,108.74,18,1.14,33.4,0,0.241,0,1,0
TXN107768,216.7,14,2.65,88.38,0,0.165,0,1,0
TXN107769,20.5,22,0.43,51.8,0,0.101,0,1,0
TXN107770,58.29,18,18.32,88.04,0,0.637,0,1,0
TXN107771,29.19,16,0.95,165.07,0,0.517,1,1,0
TXN107772,18.85,2,9.56,311.52,0,0.102,0,0,0
TXN107773,35.94,9,2.09,285.25,1,0.36,0,1,0
TXN107774,93.32,9,11.46,142.46,0,0.198,0,1,0
TXN107775,70.82,15,5.61,53.58,0,0.18,0,1,0
TXN107776,175.76,16,10.26,336.62,0,0.225,0,1,0
TXN107777,95.35,11,7.62,95.44,0,0.112,0,0,0
TXN107778,8.66,9,15.0,143.06,0,0.327,0,1,0
TXN107779,13.16,12,12.53,97.25,0,0.306,0,0,0
TXN107780,23.7,2,8.28,184.2,0,0.43,0,0,0
TXN107781,165.01,10,14.34,20.87,1,0.233,0,0,0
TXN107782,88.26,12,9.22,7.25,0,0.55,0,0,0
TXN107783,50.71,13,2.98,24.38,0,0.328,0,1,0
TXN107784,7.61,18,4.64,107.53,0,0.181,0,1,0
TXN107785,135.16,11,8.94,66.92,1,0.218,0,1,0
TXN107786,46.35,3,2.2,47.41,1,0.475,0,0,0
TXN107787,44.51,19,5.19,229.34,1,0.603,0,1,0
TXN107788,56.97,13,6.89,93.01,0,0.544,0,1,0
TXN107789,69.98,10,6.09,5.62,0,0.299,0,1,0
TXN107790,207.42,15,5.88,49.78,0,0.378,0,1,0
TXN107791,107.48,13,9.05,291.64,0,0.307,0,0,0
TXN107792,44.18,10,7.72,125.38,0,0.283,0,1,0
TXN107793,103.95,8,12.9,77.98,0,0.159,0,1,0
TXN107794,110.62,4,9.75,43.02,0,0.187,0,1,0
TXN107795,11.57,15,10.06,36.67,0,0.318,0,0,0
TXN107796,139.51,14,19.33,165.83,0,0.144,0,1,0
TXN107797,78.76,14,10.53,55.06,0,0.335,0,1,0
TXN107798,61.24,11,4.48,173.48,1,0.1,0,1,0
TXN107799,37.97,17,22.67,40.86,1,0.182,0,0,0
TXN107800,67.67,11,12.2,52.2,1,0.574,0,1,0
TXN107801,135.26,12,3.26,53.23,0,0.36,0,1,0
TXN107802,119.9,21,3.51,144.37,0,0.581,1,1,0
TXN107803,27.33,13,5.71,26.95,0,0.225,0,0,0
TXN107804,23.6,8,6.7,120.96,1,0.099,0,0,0
TXN107805,131.85,14,5.85,91.65,0,0.539,0,0,0
TXN107806,26.29,11,15.27,176.23,0,0.309,0,0,0
TXN107807,32.61,19,5.38,105.29,0,0.659,0,0,0
TXN107808,68.7,4,1.03,102.93,0,0.174,0,1,0
TXN107809,326.43,12,137.06,17.68,2,0.71,1,0,1
TXN107810,13.61,9,5.05,144.05,0,0.469,0,1,0
TXN107811,45.98,18,4.93,60.04,0,0.294,0,1,0
TXN107812,47.67,14,5.76,28.67,0,0.189,0,1,0
TXN107813,29.31,10,5.09,45.66,1,0.189,0,1,0
TXN107814,182.71,23,3.1,243.51,0,0.581,0,1,0
TXN107815,45.76,8,23.67,70.94,0,0.131,0,1,0
TXN107816,55.27,7,1.43,9.31,0,0.242,0,0,0
TXN107817,61.68,0,8.34,75.75,2,0.293,0,1,0
TXN107818,56.44,18,4.61,156.64,0,0.215,0,1,0
TXN107819,149.74,3,1.83,2.53,1,0.083,0,1,0
TXN107820,45.13,3,20.02,248.03,0,0.31,0,1,0
TXN107821,22.23,8,0.38,38.35,0,0.058,0,0,0
TXN107822,75.04,17,2.69,52.88,0,0.154,0,1,0
TXN107823,101.45,3,9.39,505.93,0,0.248,1,1,0
TXN107824,228.82,14,4.78,20.88,0,0.159,0,1,0
TXN107825,153.09,20,6.5,101.13,0,0.125,0,1,0
TXN107826,84.52,9,1.84,18.39,1,0.303,0,1,0
TXN107827,7.27,12,21.42,112.32,0,0.35,0,1,0
TXN107828,60.82,20,4.84,51.0,1,0.264,0,0,0
TXN107829,95.4,11,9.06,256.22,0,0.255,1,1,0
TXN107830,4.2,18,22.58,30.06,0,0.22,0,1,0
TXN107831,51.97,17,13.46,15.15,0,0.336,0,1,0
TXN107832,83.95,8,7.91,241.42,1,0.323,0,0,0
TXN107833,87.69,17,15.14,173.34,0,0.542,0,1,0
TXN107834,79.87,11,6.59,33.98,0,0.319,0,1,0
TXN107835,48.78,14,0.91,15.55,0,0.118,0,1,0
TXN107836,83.3,17,9.26,166.96,0,0.279,0,1,0
TXN107837,49.67,9,11.79,33.32,0,0.507,0,1,0
TXN107838,10.1,12,3.42,19.85,1,0.22,0,1,0
TXN107839,28.48,15,4.48,104.94,0,0.188,0,1,0
TXN107840,167.76,21,16.65,151.25,0,0.24,0,1,0
TXN107841,82.9,2,5.32,266.19,1,0.139,0,1,0
TXN107842,99.69,4,3.14,284.16,0,0.791,0,0,0
TXN107843,91.52,14,12.83,71.66,0,0.335,0,1,0
TXN107844,22.11,7,11.3,99.53,0,0.452,0,1,0
TXN107845,148.91,11,2.94,128.19,0,0.311,0,1,0
TXN107846,184.7,22,8.16,87.56,1,0.161,0,1,0
TXN107847,14.11,10,3.87,45.05,0,0.666,0,0,0
TXN107848,172.25,17,17.3,142.74,0,0.372,0,1,0
TXN107849,111.41459791402255,21,6.639246460202249,640.47,0,0.5938010837530013,0,1,0
TXN107850,44.42,16,11.27,2.47,2,0.37,0,1,0
TXN107851,74.19,12,1.16,111.04,1,0.049,0,1,0
TXN107852,83.11,18,3.4,69.79,0,0.317,0,0,0
TXN107853,248.63,14,10.67,310.42,0,0.211,1,1,0
TXN107854,98.33,12,6.21,59.04,0,0.181,1,1,0
TXN107855,147.87,11,1.65,28.03,1,0.205,0,1,0
TXN107856,125.31,4,2.29,19.36,0,0.187,0,0,0
TXN107857,61.3,14,18.68,206.98,0,0.068,0,1,0
TXN107858,76.18,12,4.65,127.14,0,0.37,0,1,0
TXN107859,23.49,17,10.16,75.85,0,0.379,0,1,0
TXN107860,643.9155592649183,23,234.30037746073643,104.1,1,0.6149782972735204,0,1,0
TXN107861,16.32,18,5.93,106.6,0,0.142,0,1,0
TXN107862,25.51,15,10.73,312.62,1,0.167,0,0,0
TXN107863,20.38,20,4.46,71.54,0,0.481,0,0,0
TXN107864,163.4,12,11.16,28.36,0,0.251,0,1,0
TXN107865,65.87,4,3.19,189.57,0,0.214,0,1,0
TXN107866,69.04,6,1.79,70.89,0,0.291,0,1,0
TXN107867,85.62,9,8.64,304.36,0,0.079,0,1,0
TXN107868,117.27,16,5.57,156.32,0,0.225,0,1,0
TXN107869,24.93,10,3.28,153.03,0,0.499,0,1,0
TXN107870,8.94,17,5.45,49.56,0,0.511,0,1,0
TXN107871,102.49,16,1.02,13.98,0,0.269,0,1,0
TXN107872,77.64,1,14.36,43.73,0,0.396,0,1,0
TXN107873,77.92,2,10.09,59.84,0,0.055,0,1,0
TXN107874,62.52,13,8.36,360.28,1,0.413,0,0,0
TXN107875,60.67,19,3.43,320.98,0,0.44,0,1,0
TXN107876,212.36,19,1.51,334.13,0,0.5,0,0,0
TXN107877,53.88,19,1.73,9.87,0,0.604,0,1,0
TXN107878,50.44,4,41.82,647.53,2,0.322,0,0,0
TXN107879,91.67,19,1.64,19.08,0,0.328,0,1,0
TXN107880,64.31219112206642,18,20.22235021340291,24.11,1,0.6864064265988865,0,1,0
TXN107881,140.77,8,7.03,59.72,1,0.408,0,0,0
TXN107882,136.42,21,0.38,29.54,1,0.353,0,1,0
TXN107883,183.21,13,5.89,347.94,0,0.418,0,0,0
TXN107884,12.98,13,10.12,270.79,0,0.209,0,0,0
TXN107885,73.24,11,2.29,101.87,0,0.114,0,1,0
TXN107886,134.71,2,7.97,27.65,0,0.312,0,0,0
TXN107887,45.73,12,6.75,301.08,0,0.182,0,1,0
TXN107888,33.45,10,2.57,16.82,0,0.075,1,1,0
TXN107889,39.18,2,12.63,88.13,0,0.187,0,0,0
TXN107890,138.99,8,5.19,28.26,0,0.251,1,1,0
TXN107891,15.6,11,13.31,6.3,0,0.301,1,1,0
TXN107892,101.82,19,14.82,71.41,0,0.387,0,0,0
TXN107893,100.06,20,7.41,32.25,0,0.472,0,1,0
TXN107894,89.47,9,3.55,44.17,0,0.422,0,1,0
TXN107895,89.03,23,13.57,36.07,0,0.461,0,1,0
TXN107896,313.5602384516259,9,181.4345014921005,549.17,0,0.7349807372432031,0,1,0
TXN107897,72.22,13,13.74,51.9,0,0.416,0,1,0
TXN107898,30.69,23,9.2,71.83,0,0.21,0,1,0
TXN107899,246.98,7,4.57,32.01,1,0.361,0,1,0
TXN107900,26.64,15,3.09,2.93,0,0.216,0,1,0
TXN107901,55.65,0,2.23,15.78,1,0.15,0,1,0
TXN107902,41.43,0,10.76,247.22,0,0.146,0,0,0
TXN107903,56.68,8,0.79,0.49,1,0.354,0,1,0
TXN107904,60.23,18,6.9,82.22,0,0.419,0,0,0
TXN107905,106.92,15,6.65,58.21,0,0.203,0,1,0
TXN107906,243.2,14,16.47,10.83,0,0.191,0,1,0
TXN107907,231.6,21,8.77,72.63,0,0.257,0,1,0
TXN107908,94.62,7,22.65,131.37,0,0.159,0,1,0
TXN107909,19.34,20,9.75,26.0,0,0.534,0,1,0
TXN107910,121.14,8,0.94,32.84,0,0.119,0,0,0
TXN107911,85.53,9,12.39,17.52,0,0.371,0,1,0
TXN107912,191.15,3,6.7,125.12,0,0.243,0,0,0
TXN107913,31.26,14,1.61,71.33,0,0.279,0,1,0
TXN107914,13.22,20,10.88,4.51,0,0.385,0,1,0
TXN107915,37.02,6,14.78,28.52,1,0.25,0,1,0
TXN107916,35.96,6,9.52,268.69,0,0.071,0,1,0
TXN107917,15.28,15,17.89,70.76,0,0.431,0,1,0
TXN107918,8.46,17,1.31,5.39,0,0.37,0,0,0
TXN107919,20.18,19,22.5,36.96,0,0.174,0,1,0
TXN107920,23.52,15,5.06,527.86,0,0.47,0,1,0
TXN107921,51.3,10,3.81,72.15,1,0.393,0,1,0
TXN107922,155.46,12,8.38,90.72,1,0.047,0,1,0
TXN107923,28.89,3,7.23,218.03,0,0.112,0,1,0
TXN107924,26.7,16,1.77,102.08,0,0.243,0,1,0
TXN107925,58.25,19,6.12,27.95,0,0.56,0,0,0
TXN107926,79.01,23,16.13,368.83,0,0.172,0,1,0
TXN107927,199.81,14,1.37,20.64,0,0.198,0,1,0
TXN107928,585.49,6,431.08,1.78,4,0.84,1,0,1
TXN107929,159.94,12,8.35,6.04,1,0.182,0,1,0
TXN107930,71.91,15,7.29,1.61,0,0.218,0,1,0
TXN107931,166.58,19,5.51,117.85,0,0.176,0,1,0
TXN107932,65.57,17,9.48,255.09,1,0.233,0,1,0
TXN107933,281.5,2,1.7,77.01,0,0.253,0,1,0
TXN107934,33.95,7,12.71,19.33,0,0.213,0,0,0
TXN107935,96.83,8,1.21,188.37,0,0.418,0,1,0
TXN107936,142.57,15,14.73,72.38,0,0.148,0,1,0
TXN107937,29.75,20,6.67,95.77,0,0.408,1,0,0
TXN107938,77.38,11,12.31,81.93,0,0.155,0,1,0
TXN107939,88.75,8,9.83,576.14,1,0.3,0,1,0
TXN107940,42.66,12,9.21,86.35,0,0.407,0,1,0
TXN107941,58.35,13,6.46,8.68,0,0.239,0,0,0
TXN107942,150.74,17,16.75,23.68,1,0.197,0,1,0
TXN107943,51.03,19,8.83,84.95,1,0.56,0,0,0
TXN107944,10.05,13,3.23,22.81,0,0.529,1,1,0
TXN107945,58.24,9,16.41,159.59,0,0.213,0,1,0
TXN107946,82.92,7,1.27,30.78,0,0.466,0,1,0
TXN107947,74.66,10,0.71,69.97,1,0.041,0,1,0
TXN107948,57.15,17,9.81,18.64,0,0.133,0,0,0
TXN107949,61.09,9,7.21,33.26,0,0.173,0,0,0
TXN107950,123.99,2,8.68,402.83,0,0.097,1,0,0
TXN107951,455.24976589631746,1,79.50317430797226,233.62,0,0.5956438431343934,0,1,0
TXN107952,108.67,15,10.17,60.7,0,0.198,0,1,0
TXN107953,10.38,12,4.19,81.41,1,0.294,0,1,0
TXN107954,147.49,1,24.18,98.43,0,0.392,0,1,0
TXN107955,42.79,21,11.11,151.34,0,0.423,0,1,0
TXN107956,94.19,22,9.65,410.04,0,0.453,0,1,0
TXN107957,192.27,18,0.96,8.22,0,0.225,0,1,0
TXN107958,297.294508274012,11,16.290533644785036,91.58,1,0.597717756128418,0,1,0
TXN107959,147.25617625722424,20,52.75740126663937,148.81,0,0.7965645663376704,0,1,0
TXN107960,89.43,22,12.08,114.16,1,0.272,0,1,0
TXN107961,92.11,8,5.81,74.5,0,0.757,0,0,0
TXN107962,205.49,19,0.98,426.6,0,0.199,0,1,0
TXN107963,41.16,22,6.81,24.49,1,0.034,0,1,0
TXN107964,27.15,17,7.92,232.12,0,0.306,0,1,0
TXN107965,76.19,9,10.58,78.1,1,0.642,0,1,0
TXN107966,129.0,12,7.6,99.2,0,0.308,0,0,0
TXN107967,64.19,6,3.64,85.86,0,0.228,0,1,0
TXN107968,186.2,6,6.92,219.66,0,0.177,0,1,0
TXN107969,61.43,12,31.0,475.72,0,0.213,0,1,0
TXN107970,47.9,13,4.61,45.51,0,0.316,0,1,0
TXN107971,41.1,6,0.07,201.19,0,0.162,0,1,0
TXN107972,19.49,9,3.84,166.64,1,0.182,0,1,0
TXN107973,106.3,19,7.85,171.52,0,0.269,0,1,0
TXN107974,220.8908346038683,17,85.15046182387616,274.72,1,0.6330831586785344,0,1,0
TXN107975,4.15,18,8.91,235.08,1,0.179,0,1,0
TXN107976,55.43,18,0.84,304.65,0,0.35,0,1,0
TXN107977,310.86,17,0.2,482.99,0,0.178,1,1,0
TXN107978,146.32,9,3.38,15.93,0,0.565,0,1,0
TXN107979,52.89,13,20.47,238.08,0,0.471,0,1,0
TXN107980,47.79,15,1.87,23.03,0,0.286,0,1,0
TXN107981,65.04,16,9.67,194.5,0,0.487,0,1,0
TXN107982,34.55,14,5.29,130.81,0,0.197,0,1,0
TXN107983,28.7,18,9.81,17.12,0,0.083,0,1,0
TXN107984,133.98,11,13.08,41.58,1,0.272,0,1,0
TXN107985,89.67,8,2.7,271.62,1,0.451,0,1,0
TXN107986,0.65,18,4.95,11.47,0,0.422,0,1,0
TXN107987,57.87,9,16.43,32.48,0,0.231,0,1,0
TXN107988,5.65,14,11.25,88.15,0,0.5,0,1,0
TXN107989,48.7,15,6.05,44.33,0,0.327,0,1,0
TXN107990,501.85320735599043,17,2.9751313570677387,0.28,0,0.6579355805242404,0,1,0
TXN107991,21.48,5,6.28,71.45,0,0.121,0,0,0
TXN107992,99.17,11,3.52,246.28,0,0.244,0,1,0
TXN107993,109.69,8,5.25,234.63,0,0.248,0,1,0
TXN107994,58.65,13,18.55,35.76,1,0.173,0,1,0
TXN107995,68.84,15,6.94,29.76,0,0.199,0,1,0
TXN107996,156.94,15,15.66,15.77,0,0.453,0,1,0
TXN107997,46.1,19,7.15,17.68,0,0.394,0,1,0
TXN107998,43.76,21,2.53,6.84,1,0.229,0,1,0
TXN107999,69.96,13,5.72,96.55,0,0.588,0,1,0
TXN108000,119.39,21,0.28,140.79,0,0.54,0,1,0
TXN108001,117.46,14,8.79,97.76,0,0.322,0,0,0
TXN108002,124.06,0,3.72,46.08,0,0.265,0,1,0
TXN108003,75.65,12,13.2,180.6,0,0.454,0,1,0
TXN108004,202.66791551364955,12,8.29067311159581,8.21,0,0.6855627733011999,0,1,0
TXN108005,261.61,18,148.69,15.5,1,0.426,0,0,1
TXN108006,66.33,0,5.67,58.91,0,0.407,0,1,0
TXN108007,310.73,22,148.69,21.09,5,0.638,1,0,1
TXN108008,147.9,19,20.45,112.64,0,0.089,0,1,0
TXN108009,42.46,10,5.69,41.82,0,0.348,0,1,0
TXN108010,95.12,7,0.28,10.22,1,0.337,0,1,0
TXN108011,135.63,19,0.54,10.89,0,0.46,0,1,0
TXN108012,15.91,14,8.91,64.4,0,0.327,0,1,0
TXN108013,93.31,12,8.7,274.9,0,0.408,0,1,0
TXN108014,109.04,8,0.28,26.65,0,0.42,0,1,0
TXN108015,854.14,20,156.23,0.74,2,0.513,1,0,1
TXN108016,183.49,10,4.81,149.96,1,0.16,0,0,0
TXN108017,136.83,16,20.36,130.47,0,0.428,0,1,0
TXN108018,30.9,10,5.22,58.22,0,0.385,0,0,0
TXN108019,55.64,0,4.37,292.28,0,0.158,0,0,0
TXN108020,18.69,1,6.63,91.02,0,0.103,0,1,0
TXN108021,66.11,17,6.64,12.15,0,0.428,0,1,0
TXN108022,158.58,20,13.38,52.84,0,0.55,0,1,0
TXN108023,68.22925901623394,8,81.33787451920809,46.07,0,0.5994090607385489,0,0,0
TXN108024,107.47,16,17.53,28.79,1,0.324,0,0,0
TXN108025,82.36,12,5.47,119.84,1,0.254,0,1,0
TXN108026,170.98,20,5.46,2.81,0,0.448,0,1,0
TXN108027,139.67,12,8.74,89.75,0,0.389,0,0,0
TXN108028,140.44,14,6.0,64.69,0,0.127,1,1,0
TXN108029,34.44,22,5.57,20.76,0,0.201,0,1,0
TXN108030,153.7,19,4.63,23.08,0,0.294,0,0,0
TXN108031,45.28,13,10.0,109.11,0,0.678,0,1,0
TXN108032,70.82,3,0.93,72.59,0,0.662,0,0,0
TXN108033,47.32,10,8.44,26.48,0,0.37,0,1,0
TXN108034,1042.36,1,277.54,3.97,5,0.6,1,0,1
TXN108035,14.91,13,4.73,26.47,1,0.702,0,1,0
TXN108036,53.89,15,1.48,132.67,0,0.232,0,1,0
TXN108037,30.75,17,2.11,251.97,0,0.596,0,1,0
TXN108038,76.21,20,2.58,39.69,0,0.283,0,0,0
TXN108039,28.2,5,19.9,37.63,1,0.148,0,1,0
TXN108040,259.8,10,1.24,151.0,1,0.136,0,1,0
TXN108041,218.17,13,12.94,81.91,0,0.565,0,1,0
TXN108042,43.87,16,13.76,455.8,0,0.337,0,1,0
TXN108043,31.37,20,8.42,10.86,0,0.542,0,1,0
TXN108044,123.49,15,3.72,677.62,1,0.183,0,1,0
TXN108045,13.92,4,11.15,222.14,0,0.363,0,1,0
TXN108046,40.12,14,16.49,26.45,0,0.243,0,1,0
TXN108047,14.44,19,11.17,34.87,0,0.125,0,1,0
TXN108048,198.26,22,5.51,54.1,0,0.276,0,1,0
TXN108049,71.17,2,8.31,7.25,2,0.368,0,0,0
TXN108050,82.82,18,6.73,11.73,0,0.174,0,1,0
TXN108051,31.12,20,21.99,338.27,0,0.191,0,0,0
TXN108052,133.12,1,4.2,221.97,0,0.197,0,0,0
TXN108053,81.73,15,3.02,201.29,1,0.228,0,1,0
TXN108054,74.83,5,1.44,8.8,0,0.154,0,1,0
TXN108055,30.27,14,12.7,51.96,0,0.22,0,1,0
TXN108056,58.43,1,2.24,195.15,0,0.359,0,1,0
TXN108057,34.51,12,7.84,5.8,0,0.078,0,1,0
TXN108058,50.03,15,0.12,93.21,0,0.271,0,1,0
TXN108059,134.27,17,18.31,148.07,0,0.199,0,1,0
TXN108060,66.24,15,18.57,35.67,0,0.248,0,1,0
TXN108061,42.93,12,17.79,63.24,0,0.437,0,1,0
TXN108062,623.86,0,382.82,0.56,7,0.837,1,0,1
TXN108063,53.76,14,17.66,20.08,0,0.365,0,1,0
TXN108064,98.41,17,6.55,64.56,0,0.157,1,1,0
TXN108065,387.48,0,104.1,6.78,3,0.416,0,1,1
TXN108066,45.77,14,5.84,56.6,0,0.442,0,1,0
TXN108067,73.97,14,17.36,137.83,0,0.114,0,1,0
TXN108068,140.8,20,3.0,69.33,0,0.272,0,1,0
TXN108069,17.09,0,11.75,44.37,0,0.257,0,1,0
TXN108070,37.87,18,4.5,86.96,1,0.528,0,1,0
TXN108071,139.01,8,7.37,192.29,0,0.234,0,0,0
TXN108072,134.71,15,1.57,2.02,0,0.116,0,1,0
TXN108073,163.42,8,4.28,27.34,0,0.15,0,1,0
TXN108074,35.49,17,12.64,30.63,0,0.121,0,1,0
TXN108075,76.55,12,6.5,149.01,0,0.357,0,1,0
TXN108076,25.15,1,3.05,92.49,0,0.293,0,1,0
TXN108077,98.45410460600145,13,13.183013265940023,138.72,0,0.7462761509427229,0,1,0
TXN108078,64.62,17,0.7,116.37,0,0.124,0,0,0
TXN108079,60.51,18,4.15,168.5,1,0.396,0,1,0
TXN108080,161.72,12,2.98,69.93,0,0.141,0,0,0
TXN108081,97.64,6,5.79,142.15,1,0.542,0,1,0
TXN108082,8.98,18,4.82,82.57,0,0.191,0,1,0
TXN108083,39.18,18,6.12,93.86,0,0.051,0,1,0
TXN108084,124.42,16,15.02,532.68,0,0.515,0,1,0
TXN108085,60.54,8,4.97,115.14,0,0.274,0,1,0
TXN108086,18.11,12,4.09,179.37,0,0.156,0,1,0
TXN108087,67.03,8,8.54,37.13,1,0.668,0,1,0
TXN108088,227.97,20,6.21,124.73,0,0.125,1,1,0
TXN108089,33.27,15,7.21,163.47,1,0.239,0,1,0
TXN108090,236.9,15,10.2,89.65,0,0.414,0,0,0
TXN108091,102.16,14,11.98,33.79,2,0.094,0,1,0
TXN108092,11.71,14,6.73,107.99,0,0.579,0,1,0
TXN108093,130.04,11,5.8,128.55,0,0.252,0,1,0
TXN108094,137.2,11,11.95,280.27,0,0.371,0,1,0
TXN108095,68.5,14,8.36,144.32,0,0.379,0,1,0
TXN108096,94.86,17,6.48,71.27,0,0.031,0,1,0
TXN108097,133.73,8,2.37,33.4,0,0.445,0,1,0
TXN108098,93.55,20,1.46,149.68,0,0.219,0,1,0
TXN108099,110.54,18,9.15,14.16,0,0.081,0,1,0
TXN108100,39.99,19,11.15,122.92,0,0.35,0,1,0
TXN108101,33.22,9,1.67,26.79,0,0.508,0,1,0
TXN108102,62.93,10,2.55,81.02,1,0.296,0,0,0
TXN108103,450.70674989576486,16,28.93956411701104,106.92,0,0.5478147805143224,0,0,0
TXN108104,63.26,22,19.37,93.58,0,0.246,0,1,0
TXN108105,96.31,16,13.03,32.79,1,0.112,0,1,0
TXN108106,49.61,5,14.75,287.27,1,0.616,0,1,0
TXN108107,99.2,13,2.47,168.52,0,0.14,0,1,0
TXN108108,54.77,19,3.93,0.02,1,0.257,0,1,0
TXN108109,46.07,6,3.44,90.42,0,0.498,0,0,0
TXN108110,23.77,5,7.92,190.41,1,0.203,0,0,0
TXN108111,98.01,10,13.47,16.59,0,0.588,0,0,0
TXN108112,97.84,10,3.35,17.78,1,0.459,0,0,0
TXN108113,73.46,11,3.41,26.09,0,0.341,0,0,0
TXN108114,57.3,12,4.68,320.13,0,0.2,0,1,0
TXN108115,51.08,18,6.04,180.0,1,0.314,0,1,0
TXN108116,136.61,14,10.33,29.18,0,0.471,1,0,0
TXN108117,113.5,0,8.25,344.14,1,0.213,1,1,0
TXN108118,42.14,11,19.12,18.82,1,0.316,0,1,0
TXN108119,88.4,11,3.2,310.02,0,0.09,0,0,0
TXN108120,176.33,20,3.23,129.65,0,0.45,0,0,0
TXN108121,50.15,23,38.03,127.44,0,0.582,0,1,0
TXN108122,50.9,20,12.49,263.38,0,0.107,0,0,0
TXN108123,190.11,9,4.2,252.43,0,0.405,0,1,0
TXN108124,100.03,6,4.42,14.51,0,0.525,0,1,0
TXN108125,106.39,10,4.73,293.0,1,0.44,0,1,0
TXN108126,76.15,21,8.14,66.94,0,0.139,0,1,0
TXN108127,11.92,12,8.09,207.22,1,0.433,0,1,0
TXN108128,64.33,11,7.54,174.24,0,0.437,0,1,0
TXN108129,109.77,19,7.5,194.92,0,0.395,0,1,0
TXN108130,102.88,8,12.53,408.85,0,0.417,0,1,0
TXN108131,155.39,17,8.62,71.73,0,0.09,0,1,0
TXN108132,17.73,20,9.93,2.68,0,0.375,0,1,0
TXN108133,24.52,17,2.96,30.26,0,0.13,0,0,0
TXN108134,122.12,18,2.92,61.65,0,0.431,0,0,0
TXN108135,498.06,23,226.57,0.71,5,0.872,0,0,1
TXN108136,90.04,12,5.4,29.97,0,0.288,0,1,0
TXN108137,179.24,8,34.02,64.35,0,0.394,0,0,0
TXN108138,68.23,17,7.08,93.16,0,0.362,0,1,0
TXN108139,78.87,15,2.2,166.76,1,0.037,0,1,0
TXN108140,78.2,12,8.16,10.37,0,0.42,0,1,0
TXN108141,230.73,20,3.49,103.2,0,0.135,0,1,0
TXN108142,48.56,18,10.46,32.21,1,0.402,0,1,0
TXN108143,92.18,12,10.71,83.84,0,0.327,0,1,0
TXN108144,98.87,16,4.62,58.33,1,0.258,0,1,0
TXN108145,109.45,10,10.97,105.54,1,0.233,0,1,0
TXN108146,25.92,19,11.01,18.75,0,0.111,0,1,0
TXN108147,347.7147777038322,15,110.50608275958594,157.34,0,0.5464110096313944,0,1,0
TXN108148,49.16,13,1.87,90.93,0,0.241,0,1,0
TXN108149,10.8,10,17.91,233.32,1,0.488,0,1,0
TXN108150,51.1,12,23.1,55.09,0,0.068,0,0,0
TXN108151,48.58,4,7.38,165.51,2,0.505,0,1,0
TXN108152,165.81,19,10.89,56.9,0,0.489,0,1,0
TXN108153,106.3,7,0.89,12.2,0,0.204,0,1,0
TXN108154,141.67,18,4.51,481.82,0,0.308,0,0,0
TXN108155,177.28,8,3.39,60.91,0,0.396,0,1,0
TXN108156,387.82,6,80.61,0.73,4,0.358,1,0,1
TXN108157,54.52,11,10.62,46.69,1,0.453,0,1,0
TXN108158,113.04,1,0.07,48.64,0,0.559,0,1,0
TXN108159,88.35,1,4.47,60.02,0,0.47,1,1,0
TXN108160,485.61,6,205.79,10.81,5,0.699,1,0,1
TXN108161,99.29,12,2.89,256.55,0,0.285,0,1,0
TXN108162,64.08,5,16.92,124.06,1,0.452,0,1,0
TXN108163,3.99,5,2.96,83.93,0,0.151,0,1,0
TXN108164,82.7,8,12.41,29.01,0,0.411,0,1,0
TXN108165,107.69,21,4.31,108.56,0,0.136,0,1,0
TXN108166,100.2,18,17.62,33.05,1,0.147,0,1,0
TXN108167,53.17,11,2.69,73.45,2,0.491,0,1,0
TXN108168,636.1180353372333,17,128.42366120998858,278.47,0,0.6934680678501033,0,0,0
TXN108169,106.01,0,5.23,445.74,0,0.115,0,1,0
TXN108170,13.77,12,3.87,57.33,1,0.077,0,1,0
TXN108171,161.14,2,3.76,400.96,1,0.245,0,1,0
TXN108172,22.59,17,8.76,225.93,1,0.378,0,1,0
TXN108173,191.39,9,11.5,122.83,0,0.171,0,1,0
TXN108174,91.88811837064571,10,3.05673409174877,198.86,0,0.5314616957706512,0,1,0
TXN108175,33.2,9,1.75,78.69,0,0.061,0,1,0
TXN108176,112.13,2,6.63,28.9,0,0.194,0,1,0
TXN108177,109.82,8,5.53,126.5,0,0.196,0,0,0
TXN108178,40.79,19,3.25,29.26,1,0.61,0,0,0
TXN108179,53.25,20,16.05,164.12,1,0.46,0,1,0
TXN108180,65.47,17,5.99,36.18,0,0.446,0,0,0
TXN108181,48.87,11,23.33,50.75,0,0.449,0,1,0
TXN108182,28.43,15,4.33,88.21,0,0.199,0,1,0
TXN108183,36.4,17,7.74,63.23,1,0.092,0,1,0
TXN108184,37.27,19,9.22,14.63,0,0.434,0,1,0
TXN108185,115.82,23,17.36,59.06,0,0.473,0,0,0
TXN108186,116.56,19,0.08,51.69,0,0.497,0,1,0
TXN108187,20.12,19,4.46,173.84,0,0.303,0,1,0
TXN108188,42.3,10,22.28,6.82,0,0.662,0,1,0
TXN108189,172.01,6,4.59,323.77,0,0.155,0,0,0
TXN108190,50.99,20,0.65,73.83,0,0.167,0,1,0
TXN108191,90.08,13,10.99,143.45,2,0.079,1,1,0
TXN108192,218.11,11,1.87,227.61,1,0.096,0,1,0
TXN108193,88.48,16,6.16,37.85,0,0.375,0,1,0
TXN108194,62.98,8,2.62,19.01,0,0.073,0,1,0
TXN108195,34.56,23,4.99,86.83,0,0.291,0,1,0
TXN108196,49.82,7,11.98,59.08,0,0.259,0,1,0
TXN108197,74.62,1,20.95,48.61,0,0.074,0,1,0
TXN108198,52.06,9,9.57,233.68,1,0.435,0,0,0
TXN108199,234.71492003188848,4,92.8649531139256,5.58,1,0.7616973884654198,0,1,0
TXN108200,153.49,1,4.88,40.99,0,0.138,0,0,0
TXN108201,43.74,19,7.77,157.83,0,0.313,0,0,0
TXN108202,50.17,9,11.33,67.53,0,0.154,0,1,0
TXN108203,44.21,12,2.96,109.24,0,0.314,0,0,0
TXN108204,57.64,12,3.63,26.71,1,0.467,0,1,0
TXN108205,94.67,12,16.92,108.8,0,0.271,0,0,0
TXN108206,85.84,11,4.45,157.03,0,0.341,0,1,0
TXN108207,82.71,11,23.68,30.86,1,0.181,0,1,0
TXN108208,65.06,9,5.74,39.08,0,0.204,0,1,0
TXN108209,34.21,2,8.53,37.66,0,0.244,1,1,0
TXN108210,20.05,10,11.71,172.99,0,0.12,0,0,0
TXN108211,19.01,6,0.41,131.01,0,0.399,1,0,0
TXN108212,51.22,9,9.01,211.69,1,0.09,0,1,0
TXN108213,136.61,21,227.28,1.12,1,0.96,0,1,1
TXN108214,44.46,17,5.28,1.24,1,0.461,0,0,0
TXN108215,121.25,5,5.53,194.91,0,0.116,0,1,0
TXN108216,214.64,9,1.35,30.33,0,0.178,0,1,0
TXN108217,49.38,0,12.66,405.0,0,0.29,0,1,0
TXN108218,95.02,14,4.4,67.08,0,0.391,0,1,0
TXN108219,63.1,11,6.74,47.55,0,0.403,0,1,0
TXN108220,106.39,15,6.07,38.07,1,0.086,0,1,0
TXN108221,26.12,14,14.68,260.2,1,0.238,1,1,0
TXN108222,131.81,15,1.82,25.85,1,0.132,0,0,0
TXN108223,137.0,10,0.93,226.63,0,0.304,0,1,0
TXN108224,140.02,3,33.98,139.46,0,0.032,0,1,0
TXN108225,34.85,14,0.01,18.79,0,0.54,0,1,0
TXN108226,83.48,9,12.89,271.84,0,0.17,0,1,0
TXN108227,215.69,14,9.05,120.25,0,0.441,0,1,0
TXN108228,102.69,20,7.54,109.31,1,0.165,0,1,0
TXN108229,90.99,7,1.62,186.16,0,0.069,0,1,0
TXN108230,36.24,12,24.22,10.65,0,0.204,0,0,0
TXN108231,132.94,14,11.83,27.81,0,0.191,0,1,0
TXN108232,41.16,20,1.44,53.86,1,0.631,0,1,0
TXN108233,25.55,22,0.32,30.79,0,0.13,0,1,0
TXN108234,95.96,19,3.37,153.57,0,0.451,0,1,0
TXN108235,187.24,13,0.12,138.86,0,0.596,1,1,0
TXN108236,173.87,19,3.17,343.93,1,0.186,0,1,0
TXN108237,4.64,10,2.65,67.97,0,0.255,0,1,0
TXN108238,1339.6,3,263.98,20.39,11,0.83,0,0,1
TXN108239,113.7,17,0.34,24.98,0,0.228,0,1,0
TXN108240,34.59,14,8.78,131.95,0,0.208,0,1,0
TXN108241,36.75,18,7.1,156.5,0,0.149,0,0,0
TXN108242,53.47,20,0.58,176.11,0,0.58,0,0,0
TXN108243,101.4,0,3.38,18.92,0,0.391,0,1,0
TXN108244,199.28,16,13.55,165.69,0,0.249,0,1,0
TXN108245,72.53,19,4.75,16.26,1,0.546,1,1,0
TXN108246,33.03,13,8.96,23.35,2,0.245,0,1,0
TXN108247,165.5784978959394,12,212.8715452650764,219.41,0,0.6628862016752044,0,1,0
TXN108248,76.3,7,7.79,51.28,0,0.204,0,0,0
TXN108249,149.52,12,13.35,68.08,0,0.087,0,1,0
TXN108250,150.35,10,11.96,61.82,0,0.333,0,0,0
TXN108251,87.01,8,5.1,131.59,1,0.034,0,1,0
TXN108252,26.48,9,9.93,85.94,2,0.487,0,1,0
TXN108253,56.88,10,7.21,83.31,2,0.25,0,1,0
TXN108254,46.68,11,9.87,12.98,0,0.291,1,1,0
TXN108255,84.25,11,3.26,207.76,0,0.539,0,1,0
TXN108256,72.34,6,2.36,22.29,0,0.65,0,1,0
TXN108257,38.83,18,2.18,12.1,0,0.201,0,1,0
TXN108258,266.56,1,7.82,22.58,1,0.159,0,1,0
TXN108259,68.44,20,13.07,0.75,0,0.273,0,1,0
TXN108260,183.24,16,3.55,167.85,0,0.146,0,1,0
TXN108261,107.72,17,1.79,206.45,0,0.264,0,1,0
TXN108262,69.4,16,8.99,269.67,0,0.281,0,1,0
TXN108263,128.61,13,2.34,2.28,1,0.211,0,1,0
TXN108264,74.63,18,9.09,95.31,1,0.221,0,0,0
TXN108265,59.63,10,9.58,153.68,1,0.25,0,1,0
TXN108266,213.79,8,6.35,45.54,0,0.197,0,0,0
TXN108267,622.98,1,390.06,0.22,2,0.698,1,0,1
TXN108268,150.17,8,2.84,125.53,1,0.422,1,1,0
TXN108269,33.2,1,4.41,161.14,0,0.155,0,1,0
TXN108270,51.66,23,3.55,157.75,0,0.425,0,1,0
TXN108271,66.22,1,19.94,5.68,0,0.288,0,0,0
TXN108272,22.79,20,3.66,12.26,1,0.317,0,1,0
TXN108273,117.3,1,2.17,288.26,2,0.193,0,1,0
TXN108274,103.06,15,18.98,2.54,0,0.485,0,0,0
TXN108275,92.39,21,2.27,53.55,1,0.334,0,1,0
TXN108276,140.38,15,11.4,108.6,0,0.368,0,0,0
TXN108277,181.5,20,7.19,81.04,1,0.034,0,1,0
TXN108278,119.1,1,0.5,95.32,1,0.381,0,1,0
TXN108279,20.2,18,3.13,17.43,0,0.107,0,1,0
TXN108280,120.28,23,10.34,71.77,0,0.255,0,1,0
TXN108281,108.89,13,1.27,66.59,0,0.129,0,1,0
TXN108282,97.79,23,13.48,68.49,0,0.086,0,1,0
TXN108283,44.45,18,1.82,154.71,0,0.202,0,0,0
TXN108284,12.77,20,18.23,40.07,0,0.338,0,1,0
TXN108285,148.99,11,6.65,86.66,0,0.54,0,1,0
TXN108286,162.11,8,4.53,91.84,1,0.459,0,0,0
TXN108287,87.74,20,13.93,75.78,0,0.054,0,1,0
TXN108288,520.1613052015416,11,185.03646246716377,180.23,0,0.7412822958636832,0,1,0
TXN108289,255.16,11,7.18,7.07,0,0.406,0,1,0
TXN108290,72.97,0,5.98,66.62,0,0.261,0,0,0
TXN108291,67.58,0,3.04,101.08,1,0.656,0,0,0
TXN108292,86.59,12,8.45,1.82,1,0.287,0,1,0
TXN108293,291.8116993717846,10,43.057718218344334,254.47,1,0.5524004461817362,0,0,0
TXN108294,130.97,15,11.66,167.2,1,0.119,0,1,0
TXN108295,71.7,9,13.27,22.29,1,0.227,0,1,0
TXN108296,141.06,8,4.31,251.44,1,0.185,0,1,0
TXN108297,445.76479159020107,16,116.04126549745011,373.19,0,0.5548482736233689,0,0,0
TXN108298,88.7,20,1.43,154.16,0,0.079,0,0,0
TXN108299,58.31,17,5.04,61.99,1,0.406,0,1,0
TXN108300,144.07,14,5.65,53.34,0,0.389,0,1,0
TXN108301,48.92,2,13.94,569.4,0,0.18,0,1,0
TXN108302,14.45,8,4.32,101.94,0,0.319,0,1,0
TXN108303,52.225489965975136,12,24.306103329600205,14.63,3,0.31748870083908426,1,0,1
TXN108304,312.0,0,5.73,25.21,0,0.249,0,1,0
TXN108305,29.23,12,1.79,183.29,0,0.283,0,1,0
TXN108306,91.47,15,4.74,20.56,0,0.4,0,1,0
TXN108307,28.833552115632962,9,187.1395584539396,230.3,0,0.5322772248513824,0,1,0
TXN108308,63.16,11,9.42,41.08,0,0.504,0,1,0
TXN108309,25.84,20,23.27,71.95,0,0.242,0,1,0
TXN108310,101.2,17,3.98,175.66,0,0.393,0,1,0
TXN108311,48.24,8,3.96,132.53,2,0.272,0,1,0
TXN108312,90.05,20,0.84,202.66,0,0.085,0,0,0
TXN108313,18.61,12,3.04,215.36,1,0.11,0,1,0
TXN108314,45.81,8,5.7,70.87,0,0.214,0,1,0
TXN108315,12.44,0,4.22,160.77,0,0.177,0,0,0
TXN108316,227.98,18,13.88,156.83,0,0.119,0,1,0
TXN108317,94.6,20,5.93,20.5,2,0.303,0,1,0
TXN108318,103.48,3,2.55,26.88,0,0.36,0,1,0
TXN108319,74.06,0,0.85,54.61,0,0.383,1,1,0
TXN108320,16.36,12,2.99,65.54,0,0.324,0,0,0
TXN108321,15.19,14,12.68,49.93,0,0.16,0,1,0
TXN108322,48.36,16,7.9,67.32,1,0.103,0,1,0
TXN108323,49.27,15,5.14,295.92,0,0.283,0,0,0
TXN108324,227.5,19,5.03,1.69,0,0.563,0,1,0
TXN108325,133.82,6,18.65,210.81,0,0.776,0,1,0
TXN108326,17.85,15,18.56,85.91,0,0.133,0,1,0
TXN108327,39.27,16,2.96,214.6,0,0.297,0,1,0
TXN108328,76.54,9,4.01,171.38,0,0.294,0,0,0
TXN108329,53.09,5,16.29,27.05,1,0.108,0,1,0
TXN108330,16.78,18,1.95,134.51,0,0.142,0,1,0
TXN108331,328.40177430268733,16,73.63329562963436,3.07,0,0.6640695949486337,0,1,0
TXN108332,44.99,20,3.29,24.73,1,0.245,0,0,0
TXN108333,27.57,19,8.07,71.95,0,0.471,0,1,0
TXN108334,21.87,4,5.09,22.9,0,0.185,1,1,0
TXN108335,71.09,12,3.7,347.85,0,0.054,0,1,0
TXN108336,87.01,17,8.64,228.71,1,0.177,0,1,0
TXN108337,19.74,9,3.54,301.77,0,0.281,0,1,0
TXN108338,1318.63,14,385.23,10.01,2,0.935,0,0,1
TXN108339,115.21,1,19.55,52.85,0,0.341,0,0,0
TXN108340,72.33,16,2.92,53.09,0,0.209,0,1,0
TXN108341,103.09,10,2.64,96.95,0,0.302,0,0,0
TXN108342,48.44,11,7.14,53.07,0,0.251,0,1,0
TXN108343,44.73,12,12.22,11.59,1,0.298,0,1,0
TXN108344,34.32,11,4.01,29.19,2,0.334,0,1,0
TXN108345,33.35,9,12.78,13.24,0,0.567,0,1,0
TXN108346,203.91,19,6.83,47.13,0,0.26,0,1,0
TXN108347,32.58,19,3.25,100.77,0,0.246,0,1,0
TXN108348,111.92,10,2.45,15.11,0,0.232,0,1,0
TXN108349,79.54,8,1.6,104.13,0,0.109,0,1,0
TXN108350,37.28,22,2.84,13.57,0,0.326,0,0,0
TXN108351,66.81,19,12.06,90.15,0,0.211,0,1,0
TXN108352,185.6,19,7.05,152.44,0,0.168,0,1,0
TXN108353,170.17,13,7.5,308.09,1,0.336,1,1,0
TXN108354,77.92,15,6.83,229.29,0,0.11,0,1,0
TXN108355,118.75,12,2.24,35.91,0,0.784,0,0,0
TXN108356,39.77,15,3.73,106.62,0,0.18,0,1,0
TXN108357,9.62,19,7.65,407.28,0,0.168,0,1,0
TXN108358,97.04,14,3.34,12.92,0,0.302,0,0,0
TXN108359,32.87,20,3.03,72.47,1,0.234,0,1,0
TXN108360,289.56,0,73.68,3.12,1,0.368,1,0,1
TXN108361,30.24,17,10.1,73.95,0,0.048,1,1,0
TXN108362,61.83,16,7.68,202.29,0,0.277,0,1,0
TXN108363,37.47,11,4.64,427.94,0,0.105,0,0,0
TXN108364,83.99,14,1.33,237.66,2,0.274,0,1,0
TXN108365,127.36,20,2.7,105.38,0,0.197,0,1,0
TXN108366,117.47,21,12.37,8.34,0,0.701,0,0,0
TXN108367,28.24,16,4.18,25.34,0,0.635,0,1,0
TXN108368,55.77,9,0.87,68.5,1,0.236,0,0,0
TXN108369,327.45,18,6.89,77.51,0,0.148,0,0,0
TXN108370,43.26,17,2.89,178.09,0,0.168,0,1,0
TXN108371,66.04,2,13.22,170.43,0,0.224,0,0,0
TXN108372,63.69,11,2.8,59.86,1,0.288,0,1,0
TXN108373,9.91,22,3.48,244.51,1,0.217,0,1,0
TXN108374,28.29,12,9.87,94.63,0,0.185,0,1,0
TXN108375,231.86618758190116,15,117.30651697966807,399.35,0,0.7196093062854882,0,1,0
TXN108376,64.92,19,0.5,6.3,0,0.25,0,1,0
TXN108377,230.56,0,402.76,0.08,5,0.804,0,0,1
TXN108378,48.66,15,16.54,113.65,1,0.621,0,0,0
TXN108379,85.51,18,9.14,154.62,2,0.249,0,1,0
TXN108380,266.13,11,23.21,172.11,0,0.24,0,1,0
TXN108381,84.59,14,2.44,557.89,0,0.279,0,1,0
TXN108382,18.0,8,1.3,100.23,0,0.232,0,0,0
TXN108383,94.64,18,7.31,131.02,0,0.684,0,1,0
TXN108384,26.12,11,13.89,111.35,0,0.23,0,1,0
TXN108385,155.18,18,2.46,67.85,1,0.125,0,1,0
TXN108386,36.63,15,3.56,12.1,0,0.385,0,1,0
TXN108387,129.78,15,8.22,64.61,0,0.222,0,1,0
TXN108388,79.2,1,12.04,129.3,0,0.244,0,1,0
TXN108389,98.09,15,9.81,158.86,0,0.227,0,1,0
TXN108390,74.78,15,3.16,102.22,0,0.562,0,1,0
TXN108391,81.18,16,3.45,55.07,0,0.468,0,1,0
TXN108392,62.49437932861938,16,216.22580659304523,32.15,0,0.5043161793196641,0,1,0
TXN108393,117.21,18,5.63,14.81,0,0.159,0,0,0
TXN108394,80.82,16,6.23,184.42,0,0.143,0,1,0
TXN108395,197.66,18,4.91,20.22,0,0.279,0,1,0
TXN108396,38.95,5,5.14,114.11,0,0.157,0,0,0
TXN108397,95.92,17,5.31,292.66,0,0.28,0,0,0
TXN108398,61.52,17,14.86,156.48,0,0.4,1,1,0
TXN108399,55.56,1,2.8,34.24,0,0.197,0,1,0
TXN108400,15.72,11,3.0,227.34,1,0.496,0,1,0
TXN108401,34.45,3,3.13,302.66,1,0.36,1,1,0
TXN108402,134.44,6,5.86,22.66,0,0.322,0,1,0
TXN108403,94.45,19,1.53,88.52,0,0.213,0,1,0
TXN108404,13.42,8,3.84,1.46,0,0.095,0,0,0
TXN108405,34.59,9,15.11,359.57,0,0.438,0,1,0
TXN108406,126.51,14,2.28,54.12,0,0.287,0,1,0
TXN108407,75.59,8,1.85,31.7,0,0.041,0,1,0
TXN108408,62.86,22,7.5,98.99,1,0.603,0,1,0
TXN108409,10.9,11,9.11,416.69,0,0.323,0,1,0
TXN108410,117.28,14,4.35,2.61,1,0.406,0,1,0
TXN108411,132.59,7,0.86,200.06,0,0.075,0,0,0
TXN108412,50.68,9,8.86,79.21,1,0.261,0,1,0
TXN108413,161.7,20,1.5,11.86,1,0.156,0,1,0
TXN108414,94.7,6,4.24,162.97,0,0.244,0,1,0
TXN108415,72.33,8,8.58,61.63,0,0.305,0,0,0
TXN108416,11.94,16,1.21,154.27,0,0.263,0,1,0
TXN108417,190.23,0,133.46,2.13,6,0.453,0,0,1
TXN108418,86.56,13,10.33,9.4,1,0.297,0,1,0
TXN108419,50.39,18,1.09,4.98,1,0.348,0,0,0
TXN108420,34.96,4,12.89,145.07,0,0.403,0,1,0
TXN108421,74.89,15,3.6,30.53,0,0.22,0,1,0
TXN108422,265.71,19,1.9,91.65,0,0.072,0,1,0
TXN108423,177.18,18,4.52,158.31,0,0.196,0,1,0
TXN108424,639.75,1,81.87,1.76,4,0.536,0,0,1
TXN108425,6.29,18,16.66,65.85,0,0.126,0,1,0
TXN108426,26.74,12,21.87,30.62,0,0.151,0,0,0
TXN108427,55.4,9,8.89,390.81,0,0.51,0,0,0
TXN108428,52.55,4,7.85,18.4,1,0.262,0,1,0
TXN108429,61.34,13,9.84,255.81,0,0.215,0,1,0
TXN108430,114.85,12,17.6,72.0,0,0.233,0,1,0
TXN108431,82.95,15,0.68,11.89,0,0.066,0,0,0
TXN108432,39.28,19,2.78,97.0,0,0.245,0,1,0
TXN108433,757.46,4,149.54,5.92,6,0.619,1,0,1
TXN108434,45.3,13,15.66,465.49,0,0.399,0,1,0
TXN108435,20.06,22,4.63,32.21,1,0.116,0,0,0
TXN108436,108.6,12,2.41,161.48,2,0.329,1,1,0
TXN108437,765.5382767256109,18,1.2704783698587696,117.73,0,0.791199053627268,0,1,0
TXN108438,102.1,14,2.34,66.61,0,0.16,0,1,0
TXN108439,232.99,17,3.17,328.22,0,0.353,0,1,0
TXN108440,242.78,18,2.74,26.52,0,0.128,0,1,0
TXN108441,56.56,8,5.92,202.54,1,0.335,0,1,0
TXN108442,45.18,4,3.35,262.07,0,0.178,1,1,0
TXN108443,49.05,14,27.1,32.73,0,0.407,0,1,0
TXN108444,20.78,8,5.28,8.61,0,0.192,0,1,0
TXN108445,63.42,8,15.01,90.59,0,0.05,0,1,0
TXN108446,29.07,5,5.16,156.47,0,0.259,0,0,0
TXN108447,26.39,11,6.61,13.23,1,0.174,0,1,0
TXN108448,27.6,18,15.15,43.37,0,0.379,0,1,0
TXN108449,96.61,20,2.96,13.32,0,0.457,0,1,0
TXN108450,58.24,20,11.84,528.77,0,0.255,1,1,0
TXN108451,19.72,14,5.8,315.02,0,0.484,0,1,0
TXN108452,73.06,15,1.17,403.24,0,0.111,0,1,0
TXN108453,24.89,17,3.92,301.47,0,0.151,0,1,0
TXN108454,135.01,18,1.77,109.99,0,0.098,0,1,0
TXN108455,162.13,9,4.82,176.64,0,0.366,0,1,0
TXN108456,43.67,13,14.08,200.53,0,0.1,0,1,0
TXN108457,57.33,17,8.06,49.49,0,0.222,0,1,0
TXN108458,148.65,20,9.23,14.64,1,0.161,0,1,0
TXN108459,115.94,14,0.15,83.43,0,0.595,0,1,0
TXN108460,16.0,9,5.35,5.49,0,0.189,0,1,0
TXN108461,71.07,2,3.35,123.15,1,0.22,0,1,0
TXN108462,238.82,4,13.69,124.1,0,0.447,0,1,0
TXN108463,77.05,7,11.16,19.87,0,0.196,0,0,0
TXN108464,114.21,2,4.66,9.29,0,0.183,0,1,0
TXN108465,48.36,9,26.16,168.49,1,0.117,0,0,0
TXN108466,66.58,13,9.75,42.15,0,0.542,0,1,0
TXN108467,32.22,9,17.98,0.55,1,0.152,0,0,0
TXN108468,91.78,11,0.39,161.88,0,0.093,0,0,0
TXN108469,15.07,14,4.66,122.77,0,0.354,0,1,0
TXN108470,20.52,20,15.72,3.89,0,0.212,0,0,0
TXN108471,60.15,15,19.85,370.03,0,0.257,0,1,0
TXN108472,103.59,18,1.26,9.06,0,0.08,0,1,0
TXN108473,73.87,6,7.36,348.8,0,0.15,0,1,0
TXN108474,138.84,12,9.12,196.37,0,0.388,0,0,0
TXN108475,74.43,15,6.33,76.53,1,0.321,0,1,0
TXN108476,23.77,5,11.53,84.63,1,0.421,0,1,0
TXN108477,110.14,10,3.52,136.7,0,0.329,0,1,0
TXN108478,380.23,0,48.5,0.4,6,0.745,0,0,1
TXN108479,46.19,14,6.66,131.87,2,0.447,0,1,0
TXN108480,90.88010862933251,2,337.21399871315856,174.14,0,0.6194700925336551,0,1,0
TXN108481,65.96,11,2.3,55.35,0,0.29,0,0,0
TXN108482,44.5,20,6.35,75.36,0,0.645,0,1,0
TXN108483,34.61,22,3.85,65.39,0,0.223,0,0,0
TXN108484,58.67,0,8.84,180.49,1,0.415,0,1,0
TXN108485,92.13,11,1.7,35.2,1,0.11,0,1,0
TXN108486,168.01,13,3.07,165.85,0,0.075,0,1,0
TXN108487,81.93,17,2.64,95.43,0,0.675,0,1,0
TXN108488,92.98,21,5.94,66.66,0,0.182,0,0,0
TXN108489,25.49,11,4.22,99.66,0,0.346,0,1,0
TXN108490,144.58,16,2.58,290.78,0,0.244,0,1,0
TXN108491,16.19,14,11.53,85.25,1,0.513,0,1,0
TXN108492,17.48,21,17.61,45.6,0,0.023,0,0,0
TXN108493,55.76,8,12.68,53.19,1,0.137,0,0,0
TXN108494,69.98,9,7.68,28.43,0,0.304,1,0,0
TXN108495,60.68,22,1.25,38.12,0,0.286,0,0,0
TXN108496,23.85,12,2.58,135.97,0,0.101,0,1,0
TXN108497,141.12,18,7.21,47.04,1,0.151,0,1,0
TXN108498,43.15,20,7.25,68.74,0,0.254,0,1,0
TXN108499,66.21,12,7.82,5.5,0,0.501,0,0,0
TXN108500,29.3,16,6.22,189.96,0,0.441,0,1,0
TXN108501,80.16,11,1.36,265.56,0,0.256,0,1,0
TXN108502,56.7,18,12.95,93.94,0,0.242,0,1,0
TXN108503,40.68,18,12.97,46.53,0,0.411,0,1,0
TXN108504,77.36,13,4.4,346.5,0,0.092,0,1,0
TXN108505,48.77,10,0.87,99.54,1,0.234,0,1,0
TXN108506,57.69,13,3.42,203.0,1,0.513,0,1,0
TXN108507,457.02,23,260.58,16.06,4,0.576,1,0,1
TXN108508,118.78,9,6.11,29.96,0,0.6,0,0,0
TXN108509,36.73,6,0.39,12.25,0,0.048,0,1,0
TXN108510,69.08,14,8.49,11.83,0,0.253,0,1,0
TXN108511,17.52,16,0.98,23.66,1,0.083,0,1,0
TXN108512,54.34,19,9.34,16.3,0,0.064,0,0,0
TXN108513,65.72,15,2.09,40.17,0,0.26,0,1,0
TXN108514,96.57,15,1.38,95.82,0,0.402,0,1,0
TXN108515,103.30734813363078,18,31.425750600607728,234.51,0,0.7059626812178448,0,1,0
TXN108516,43.37,10,28.26,16.87,0,0.268,0,1,0
TXN108517,91.89,18,1.87,61.79,0,0.189,0,0,0
TXN108518,61.84,12,0.62,1.15,0,0.49,0,1,0
TXN108519,87.66,16,9.79,226.22,0,0.242,0,1,0
TXN108520,82.62,20,8.67,1.98,0,0.024,0,0,0
TXN108521,129.1,12,13.73,60.63,0,0.05,0,1,0
TXN108522,37.99,16,3.12,124.24,0,0.129,0,1,0
TXN108523,76.19,18,17.51,103.31,0,0.131,0,1,0
TXN108524,47.85,17,2.14,59.96,0,0.214,0,0,0
TXN108525,98.89,10,9.72,78.98,0,0.32,0,1,0
TXN108526,3.21,11,6.09,38.99,0,0.089,0,1,0
TXN108527,141.45,18,18.23,4.19,0,0.284,0,1,0
TXN108528,143.93,20,3.48,127.78,0,0.632,0,1,0
TXN108529,296.98,5,252.62,4.7,5,0.75,1,0,1
TXN108530,63.49,18,8.31,380.45,0,0.443,0,1,0
TXN108531,39.24,11,4.17,106.01,0,0.17,0,0,0
TXN108532,195.21,17,1.9,125.08,0,0.272,0,1,0
TXN108533,78.65,11,1.48,29.85,0,0.284,0,0,0
TXN108534,79.99,7,8.25,76.29,0,0.113,0,1,0
TXN108535,55.96663446741164,19,13.627619929327262,146.05,1,0.7182789240563585,0,1,0
TXN108536,97.55,23,3.03,83.42,1,0.128,0,1,0
TXN108537,10.92,8,5.58,93.71,1,0.089,0,0,0
TXN108538,40.27,16,8.34,131.26,0,0.274,0,0,0
TXN108539,157.28,16,13.36,466.81,0,0.371,0,1,0
TXN108540,105.07,12,4.91,49.05,1,0.111,0,1,0
TXN108541,36.47,22,15.21,25.41,0,0.642,1,0,0
TXN108542,72.31,18,12.97,5.77,1,0.073,0,1,0
TXN108543,59.95,1,11.68,99.92,0,0.074,0,1,0
TXN108544,98.43,20,6.76,0.27,0,0.282,0,1,0
TXN108545,109.05,11,18.74,72.41,0,0.219,0,1,0
TXN108546,96.74,11,2.06,159.68,0,0.1,0,1,0
TXN108547,38.93,10,10.27,5.34,1,0.14,0,1,0
TXN108548,75.1,9,4.09,44.26,0,0.236,0,1,0
TXN108549,122.69,17,32.74,45.41,0,0.13,0,1,0
TXN108550,149.18,16,5.82,125.17,1,0.273,0,1,0
TXN108551,50.7,8,16.75,58.62,1,0.195,0,1,0
TXN108552,99.87,19,7.19,132.18,1,0.32,0,0,0
TXN108553,77.92,12,6.6,83.74,0,0.269,0,1,0
TXN108554,252.84,2,2.92,61.96,1,0.275,0,1,0
TXN108555,106.07,15,3.04,362.19,0,0.183,0,1,0
TXN108556,130.19,0,14.18,70.62,0,0.382,0,0,0
TXN108557,34.68,13,1.91,29.64,0,0.57,0,1,0
TXN108558,220.48,16,1.64,21.09,0,0.041,0,1,0
TXN108559,77.14,20,5.82,4.21,0,0.53,1,0,0
TXN108560,25.73,16,0.4,275.63,0,0.318,0,1,0
TXN108561,26.6,10,1.37,95.38,0,0.421,0,1,0
TXN108562,133.86,3,19.51,136.33,0,0.321,1,0,0
TXN108563,154.2,11,8.81,29.71,1,0.122,0,1,0
TXN108564,61.85,20,11.34,209.4,0,0.197,0,1,0
TXN108565,110.21,10,3.91,71.02,0,0.103,0,1,0
TXN108566,53.76,1,10.1,149.92,0,0.1,0,1,0
TXN108567,113.87621298345796,12,30.74935158563095,38.92,0,0.6315259266598869,0,1,0
TXN108568,73.98,19,0.52,205.4,1,0.137,0,1,0
TXN108569,76.58,14,22.4,777.62,0,0.262,0,1,0
TXN108570,152.8,12,6.44,789.37,0,0.044,0,1,0
TXN108571,73.26,19,10.01,165.75,0,0.096,0,1,0
TXN108572,18.53,7,4.53,12.16,1,0.189,0,1,0
TXN108573,13.53,19,12.53,158.88,0,0.327,0,1,0
TXN108574,173.13,0,13.39,42.37,0,0.24,0,1,0
TXN108575,8.05,14,12.43,168.75,1,0.066,0,1,0
TXN108576,87.4,20,6.94,96.8,0,0.232,0,0,0
TXN108577,47.37,9,10.95,5.72,0,0.017,0,0,0
TXN108578,83.74,14,0.65,294.27,0,0.451,0,1,0
TXN108579,103.3,12,3.57,30.86,1,0.242,0,1,0
TXN108580,193.21736141423693,2,101.6965497688917,50.37,0,0.6221119475907053,0,1,0
TXN108581,20.74,5,18.79,75.74,2,0.125,0,1,0
TXN108582,29.07,17,7.57,56.55,2,0.407,0,1,0
TXN108583,104.91,16,17.03,102.88,2,0.304,0,0,0
TXN108584,41.64,0,8.0,99.85,0,0.09,0,1,0
TXN108585,111.95,12,16.19,125.91,0,0.029,0,1,0
TXN108586,55.26,15,37.26,139.03,0,0.351,0,1,0
TXN108587,62.07,20,9.08,109.93,0,0.555,0,0,0
TXN108588,154.48,21,0.46,77.14,0,0.032,0,0,0
TXN108589,27.2,1,9.52,190.62,0,0.581,0,1,0
TXN108590,152.15,10,2.3,301.38,0,0.269,0,1,0
TXN108591,52.16,3,5.22,109.95,0,0.253,0,1,0
TXN108592,76.13,16,0.82,28.1,0,0.505,0,1,0
TXN108593,33.74,20,15.0,32.19,0,0.332,0,1,0
TXN108594,216.84,15,1.75,44.99,0,0.699,0,1,0
TXN108595,28.64,9,7.13,92.59,1,0.432,0,1,0
TXN108596,144.76,15,8.67,160.92,0,0.35,0,0,0
TXN108597,23.98,8,7.85,182.14,0,0.087,0,1,0
TXN108598,46.94,0,5.57,17.68,0,0.401,0,1,0
TXN108599,55.06,3,13.31,84.61,1,0.205,0,1,0
TXN108600,50.93,15,0.38,66.76,1,0.543,0,1,0
TXN108601,30.84,8,5.82,17.25,2,0.438,0,1,0
TXN108602,21.81,2,13.28,71.29,1,0.238,0,1,0
TXN108603,109.03,12,10.03,140.11,0,0.433,0,1,0
TXN108604,14.56,16,3.75,321.36,1,0.166,0,1,0
TXN108605,4.72,20,3.5,294.78,0,0.13,0,1,0
TXN108606,24.2,18,12.02,15.4,0,0.241,0,1,0
TXN108607,76.94,23,4.69,121.56,2,0.393,0,1,0
TXN108608,17.83,3,2.42,136.57,1,0.321,0,1,0
TXN108609,43.49,16,18.42,47.29,0,0.449,0,1,0
TXN108610,232.07,14,0.51,12.87,0,0.327,1,1,0
TXN108611,24.86,13,2.19,58.57,0,0.471,0,0,0
TXN108612,109.14346028193864,8,107.03957212744498,33.34,0,0.5038092750358819,0,1,0
TXN108613,2.25,13,3.3,20.54,0,0.324,0,1,0
TXN108614,12.62,19,7.49,399.64,0,0.361,0,1,0
TXN108615,178.34,14,2.63,205.77,0,0.418,0,0,0
TXN108616,108.8,8,17.03,92.31,0,0.173,0,1,0
TXN108617,33.49,10,8.43,51.22,1,0.135,0,1,0
TXN108618,94.90393462065867,12,55.04964550404983,141.28,1,0.6843047984925461,0,1,0
TXN108619,102.19425978299333,20,8.803952395579367,19.98,5,0.4694849332598489,0,0,1
TXN108620,73.04,22,12.4,29.73,0,0.427,0,1,0
TXN108621,490.62021669944033,23,100.17064060523627,413.44,0,0.6627153022817882,0,1,0
TXN108622,59.39,19,2.95,65.27,1,0.162,0,0,0
TXN108623,55.3,10,9.29,20.06,0,0.48,0,1,0
TXN108624,28.66,17,29.02,313.69,0,0.154,0,1,0
TXN108625,124.58,9,6.19,171.35,0,0.216,0,1,0
TXN108626,120.3,11,6.31,29.23,0,0.015,1,1,0
TXN108627,21.25,0,5.95,26.47,0,0.373,0,1,0
TXN108628,95.78,16,4.2,50.49,0,0.401,0,1,0
TXN108629,91.82,19,14.14,37.14,0,0.41,0,0,0
TXN108630,209.74284030216918,20,42.97443067450399,119.32,0,0.5685331804841655,0,1,0
TXN108631,86.15,5,1.88,25.31,0,0.381,0,1,0
TXN108632,122.24,11,15.66,28.2,1,0.298,0,1,0
TXN108633,90.87,9,13.71,26.42,0,0.256,0,1,0
TXN108634,40.22,11,0.66,99.67,0,0.25,0,1,0
TXN108635,30.15,14,4.64,11.62,0,0.236,0,1,0
TXN108636,165.95,10,6.02,49.59,0,0.123,0,1,0
TXN108637,43.37,22,1.67,50.22,0,0.143,0,1,0
TXN108638,23.93,1,10.37,25.96,1,0.312,0,1,0
TXN108639,34.4,15,16.7,0.84,0,0.341,0,1,0
TXN108640,26.48,15,5.35,3.35,0,0.383,0,1,0
TXN108641,71.14,16,6.06,276.89,0,0.557,0,0,0
TXN108642,57.48,18,0.24,91.23,0,0.101,0,1,0
TXN108643,76.9,10,12.65,111.05,1,0.304,0,1,0
TXN108644,61.19,20,9.94,146.84,0,0.011,0,1,0
TXN108645,62.5,15,2.87,136.62,0,0.109,0,1,0
TXN108646,108.23,2,4.31,87.77,0,0.221,0,1,0
TXN108647,22.99,3,6.73,79.33,0,0.32,0,1,0
TXN108648,112.87,8,1.7,205.93,1,0.427,0,1,0
TXN108649,33.56,5,19.21,25.74,1,0.216,0,0,0
TXN108650,36.13,20,10.77,202.25,0,0.426,0,0,0
TXN108651,3.53,20,7.86,43.47,0,0.177,0,1,0
TXN108652,22.41,16,0.34,285.55,0,0.214,0,1,0
TXN108653,16.16,2,9.34,691.21,0,0.29,0,1,0
TXN108654,116.41,19,1.09,53.69,0,0.108,0,1,0
TXN108655,88.88,16,11.01,250.79,0,0.312,0,1,0
TXN108656,57.41,8,13.3,157.26,0,0.652,0,1,0
TXN108657,81.78,22,4.91,108.13,0,0.187,0,1,0
TXN108658,105.2,20,7.34,26.91,0,0.134,0,1,0
TXN108659,121.5,1,5.7,166.94,1,0.173,0,1,0
TXN108660,63.18,12,7.41,5.43,1,0.468,0,1,0
TXN108661,173.2,9,10.53,202.64,1,0.275,0,1,0
TXN108662,80.82,10,5.53,95.35,0,0.086,0,1,0
TXN108663,128.69,13,1.96,62.5,1,0.263,0,1,0
TXN108664,71.98,2,8.43,46.07,0,0.158,0,0,0
TXN108665,31.6,17,5.52,49.46,0,0.102,0,1,0
TXN108666,148.91,17,11.61,137.57,0,0.303,0,1,0
TXN108667,77.93,16,0.46,232.91,0,0.134,0,1,0
TXN108668,79.14,18,4.58,59.64,0,0.229,0,1,0
TXN108669,93.83,7,3.44,49.92,0,0.496,0,1,0
TXN108670,16.98,6,2.47,86.46,1,0.184,0,1,0
TXN108671,74.25,16,5.2,242.14,0,0.289,0,1,0
TXN108672,22.67,15,9.5,108.8,0,0.253,0,0,0
TXN108673,105.84,3,12.73,11.32,0,0.143,0,1,0
TXN108674,19.2,15,1.28,23.71,0,0.206,0,1,0
TXN108675,52.42,14,2.57,103.29,0,0.242,0,1,0
TXN108676,53.83,18,1.67,198.49,0,0.36,0,0,0
TXN108677,129.87,0,14.25,91.96,0,0.194,0,1,0
TXN108678,155.14,23,9.2,148.1,1,0.395,0,1,0
TXN108679,67.43,17,15.68,47.37,1,0.011,0,1,0
TXN108680,82.42,16,6.75,5.21,0,0.351,0,1,0
TXN108681,95.08,15,6.22,13.56,0,0.362,0,1,0
TXN108682,126.21,13,3.77,151.28,0,0.087,0,1,0
TXN108683,127.24,15,4.46,88.24,1,0.088,0,1,0
TXN108684,129.93,21,12.71,105.18,0,0.224,0,0,0
TXN108685,55.6,12,4.75,249.43,0,0.188,0,0,0
TXN108686,167.99,19,12.93,363.82,0,0.459,0,1,0
TXN108687,35.63,15,10.14,26.55,0,0.143,0,1,0
TXN108688,49.8,8,1.77,32.31,1,0.163,0,1,0
TXN108689,66.36,14,15.67,66.85,0,0.458,0,1,0
TXN108690,309.89,20,0.7,27.19,0,0.275,0,0,0
TXN108691,18.49,6,9.25,114.17,1,0.261,0,1,0
TXN108692,15.59,11,4.29,91.31,0,0.18,0,0,0
TXN108693,80.6,19,1.26,224.43,0,0.286,0,1,0
TXN108694,42.22,23,1.24,106.86,0,0.058,0,1,0
TXN108695,16.24,16,15.22,230.09,0,0.146,0,1,0
TXN108696,23.03,14,13.16,330.74,3,0.54,0,1,0
TXN108697,23.476522681242553,14,39.23443946701977,18.13,1,0.5594735520416853,0,1,0
TXN108698,62.2,16,5.72,15.21,0,0.461,0,1,0
TXN108699,96.29,2,7.97,325.56,0,0.36,0,1,0
TXN108700,86.44,7,3.17,36.38,0,0.369,0,1,0
TXN108701,69.62,14,1.65,59.33,1,0.163,0,1,0
TXN108702,56.84,11,2.88,15.32,0,0.056,0,1,0
TXN108703,124.35,18,4.06,45.2,0,0.074,0,1,0
TXN108704,36.91,17,10.77,69.62,1,0.084,0,1,0
TXN108705,22.99,13,1.77,8.97,0,0.421,0,1,0
TXN108706,40.46,8,5.45,161.05,0,0.039,0,0,0
TXN108707,80.06,13,3.5,263.24,1,0.321,0,1,0
TXN108708,32.76,8,19.44,152.29,0,0.334,0,0,0
TXN108709,51.93,16,11.09,50.33,0,0.382,0,1,0
TXN108710,63.61,20,2.41,105.55,1,0.494,1,0,0
TXN108711,177.95,15,0.92,67.89,0,0.316,0,0,0
TXN108712,30.38,15,6.94,70.42,0,0.306,0,1,0
TXN108713,90.54,0,24.1,87.7,1,0.156,0,1,0
TXN108714,75.01,11,3.98,380.3,0,0.085,0,1,0
TXN108715,75.1,19,11.74,23.61,0,0.241,0,1,0
TXN108716,70.26,13,2.95,64.29,0,0.257,0,1,0
TXN108717,30.82,13,0.88,26.08,0,0.102,0,1,0
TXN108718,57.7,6,3.53,86.81,2,0.297,0,1,0
TXN108719,76.45,8,2.8,40.89,0,0.372,0,1,0
TXN108720,120.48,15,12.11,120.56,0,0.173,0,1,0
TXN108721,13.6,18,14.01,8.97,0,0.159,0,1,0
TXN108722,8.4,12,6.95,24.76,0,0.343,0,1,0
TXN108723,43.81,22,5.78,161.15,0,0.248,0,1,0
TXN108724,42.68,16,6.71,4.31,0,0.313,0,1,0
TXN108725,40.85,16,13.44,395.51,0,0.408,0,1,0
TXN108726,60.36,9,10.81,216.99,0,0.14,0,1,0
TXN108727,111.81,14,3.68,228.89,0,0.562,0,1,0
TXN108728,95.92,7,4.41,48.41,0,0.283,0,1,0
TXN108729,88.44,17,14.91,167.08,0,0.387,0,0,0
TXN108730,41.1,17,1.52,142.41,0,0.054,0,1,0
TXN108731,50.72,17,7.71,53.3,0,0.247,0,1,0
TXN108732,80.04,5,8.93,94.01,0,0.429,0,1,0
TXN108733,42.17,14,25.16,72.51,1,0.557,0,1,0
TXN108734,185.2,21,232.28,8.66,1,0.691,0,1,1
TXN108735,89.42,17,4.68,49.19,0,0.145,0,1,0
TXN108736,210.85,5,7.12,14.56,0,0.272,0,1,0
TXN108737,315.5334402398542,5,40.56714823687858,130.75,0,0.6684947264203069,0,1,0
TXN108738,31.67,4,5.44,16.6,0,0.117,0,1,0
TXN108739,81.49,3,7.04,2.77,2,0.039,0,1,0
TXN108740,164.25,17,8.42,10.57,0,0.45,0,1,0
TXN108741,34.21,8,1.36,23.71,0,0.104,0,1,0
TXN108742,157.93,1,5.08,150.47,0,0.159,0,1,0
TXN108743,140.12,10,12.03,9.24,0,0.231,0,0,0
TXN108744,97.27,6,7.21,26.65,0,0.339,0,1,0
TXN108745,54.99,10,3.28,8.99,0,0.226,0,0,0
TXN108746,11.89,14,23.44,93.45,0,0.684,0,1,0
TXN108747,123.07,7,12.13,192.0,2,0.135,0,1,0
TXN108748,24.68,16,3.45,112.41,0,0.235,0,1,0
TXN108749,98.14,13,10.17,156.62,0,0.282,0,0,0
TXN108750,68.41,19,12.0,43.88,0,0.201,0,1,0
TXN108751,39.96,13,1.36,37.68,0,0.191,0,1,0
TXN108752,115.87,17,3.6,22.23,0,0.119,0,0,0
TXN108753,67.06,1,2.3,144.9,0,0.217,0,0,0
TXN108754,74.68,13,2.9,317.67,0,0.184,0,0,0
TXN108755,22.34,18,15.41,193.35,0,0.406,0,1,0
TXN108756,24.05,6,0.7,63.51,0,0.326,0,1,0
TXN108757,94.56,4,10.88,150.58,0,0.241,0,1,0
TXN108758,114.51,20,5.52,55.55,0,0.239,0,1,0
TXN108759,78.03,10,9.16,141.17,0,0.409,0,0,0
TXN108760,152.54,17,7.93,34.43,1,0.337,0,0,0
TXN108761,3.91,10,6.22,329.12,1,0.12,0,1,0
TXN108762,103.01,15,0.64,35.41,0,0.287,0,1,0
TXN108763,78.93,17,0.91,38.49,0,0.194,0,1,0
TXN108764,26.25,9,3.98,99.36,1,0.446,0,1,0
TXN108765,202.82,16,10.25,110.22,1,0.095,0,0,0
TXN108766,80.69,6,11.43,381.78,1,0.296,0,1,0
TXN108767,84.07,5,2.79,514.82,0,0.041,0,1,0
TXN108768,48.9,2,27.24,133.23,0,0.519,1,1,0
TXN108769,55.57,16,9.91,144.3,0,0.1,0,0,0
TXN108770,93.55,17,4.06,226.87,0,0.247,0,1,0
TXN108771,25.69,13,3.04,82.08,0,0.441,0,1,0
TXN108772,132.66,18,11.89,127.01,0,0.127,0,0,0
TXN108773,116.78,13,6.71,29.74,0,0.405,0,1,0
TXN108774,96.84,13,2.38,134.29,0,0.48,0,0,0
TXN108775,77.17,11,6.53,140.96,0,0.32,0,1,0
TXN108776,105.99,18,17.93,228.32,0,0.127,0,0,0
TXN108777,91.85,13,1.72,68.69,1,0.09,0,1,0
TXN108778,73.51,1,4.41,117.49,0,0.287,0,1,0
TXN108779,116.41,18,2.39,27.47,0,0.368,0,1,0
TXN108780,52.18,11,3.96,164.58,0,0.146,0,1,0
TXN108781,162.05,16,9.89,217.17,0,0.458,0,1,0
TXN108782,153.36,15,1.22,9.32,0,0.173,0,1,0
TXN108783,53.49,7,23.64,8.2,1,0.334,0,1,0
TXN108784,233.08,16,20.44,51.01,0,0.419,0,0,0
TXN108785,120.24,3,11.57,5.57,0,0.289,0,0,0
TXN108786,60.19,7,4.15,150.32,0,0.397,0,1,0
TXN108787,72.22,9,1.91,26.06,0,0.538,0,1,0
TXN108788,62.14,13,7.48,387.73,0,0.526,0,1,0
TXN108789,107.57,8,15.6,119.05,0,0.351,0,1,0
TXN108790,138.14,18,3.23,5.55,0,0.33,0,1,0
TXN108791,123.35,2,11.04,37.04,0,0.357,0,1,0
TXN108792,97.62,8,4.73,28.15,0,0.368,0,1,0
TXN108793,72.99,4,6.56,21.43,0,0.122,1,1,0
TXN108794,286.04,10,4.04,326.75,0,0.094,0,1,0
TXN108795,167.78,11,2.0,101.42,0,0.585,0,1,0
TXN108796,51.12,8,7.09,229.92,0,0.396,0,1,0
TXN108797,53.09,4,5.27,163.26,0,0.099,0,1,0
TXN108798,51.14,13,3.52,27.59,1,0.357,0,1,0
TXN108799,77.2,18,9.1,172.37,0,0.239,0,1,0
TXN108800,84.62,16,3.59,109.8,1,0.34,0,1,0
TXN108801,9.33,11,19.51,81.87,2,0.109,0,1,0
TXN108802,55.96,15,2.58,150.92,0,0.43,0,1,0
TXN108803,258.09,23,15.54,129.61,0,0.443,0,1,0
TXN108804,46.27,10,5.38,39.25,0,0.328,1,0,0
TXN108805,12.32,18,10.55,218.7,0,0.32,0,1,0
TXN108806,157.29,14,16.05,62.47,0,0.416,0,0,0
TXN108807,124.09,21,8.59,236.66,0,0.106,0,0,0
TXN108808,7.84,3,5.88,1.12,0,0.164,0,0,0
TXN108809,156.72,10,2.38,332.92,0,0.337,0,1,0
TXN108810,91.6,15,21.54,39.42,1,0.256,0,1,0
TXN108811,134.5,11,0.82,67.2,0,0.284,0,1,0
TXN108812,171.62,8,3.3,109.35,0,0.172,0,1,0
TXN108813,28.15,13,5.1,50.95,0,0.019,0,1,0
TXN108814,32.68,18,3.78,47.47,0,0.238,0,1,0
TXN108815,179.02,4,1.02,135.74,0,0.338,0,1,0
TXN108816,93.15,22,0.37,595.15,0,0.493,0,1,0
TXN108817,255.2,15,3.68,155.78,0,0.106,0,1,0
TXN108818,21.52,18,4.42,95.23,0,0.123,1,1,0
TXN108819,177.4,18,4.28,1.31,0,0.169,0,1,0
TXN108820,34.94,12,5.42,64.21,1,0.475,0,1,0
TXN108821,56.2,10,16.96,145.65,0,0.407,1,1,0
TXN108822,80.21,9,12.17,446.71,0,0.381,0,1,0
TXN108823,75.61,10,4.38,107.43,1,0.163,0,1,0
TXN108824,142.59,15,7.23,60.07,0,0.052,0,1,0
TXN108825,50.46,18,9.58,31.26,0,0.475,0,1,0
TXN108826,12.57,16,19.53,1.39,1,0.116,0,1,0
TXN108827,192.27,17,6.34,157.89,0,0.284,0,1,0
TXN108828,69.75,10,9.69,3.24,0,0.723,0,1,0
TXN108829,51.06,17,5.5,85.7,2,0.116,0,1,0
TXN108830,225.59,17,9.42,32.36,1,0.212,0,1,0
TXN108831,3.77,12,16.46,484.88,0,0.069,0,1,0
TXN108832,30.72,19,1.8,59.72,0,0.49,0,1,0
TXN108833,84.71,2,4.4,225.19,0,0.292,0,1,0
TXN108834,80.59,18,12.71,74.64,0,0.309,0,1,0
TXN108835,44.78,11,1.46,500.72,0,0.382,0,0,0
TXN108836,73.08,18,3.81,6.21,0,0.038,0,1,0
TXN108837,75.37,15,17.25,70.44,0,0.462,0,1,0
TXN108838,57.9,14,7.31,12.49,0,0.189,0,1,0
TXN108839,58.84,13,9.61,132.48,0,0.692,0,1,0
TXN108840,44.36,18,1.23,273.69,0,0.098,0,1,0
TXN108841,32.38,16,6.41,7.17,0,0.463,0,1,0
TXN108842,1227.71,5,71.23,2.57,3,0.676,1,0,1
TXN108843,202.65,22,27.91,42.51,0,0.097,0,0,0
TXN108844,286.20845387095045,12,20.965741934822812,27.91,0,0.5156620844963645,0,0,0
TXN108845,45.5,9,3.26,38.56,0,0.329,0,0,0
TXN108846,39.45,3,2.22,45.08,0,0.378,0,1,0
TXN108847,53.37,15,5.01,326.61,0,0.464,0,1,0
TXN108848,47.3,18,10.61,134.31,0,0.197,0,1,0
TXN108849,52.45,13,13.65,354.25,0,0.217,0,1,0
TXN108850,117.56,18,19.37,62.04,0,0.394,0,1,0
TXN108851,74.3,22,1.89,169.22,0,0.527,0,1,0
TXN108852,122.72,20,0.15,3.25,0,0.325,0,1,0
TXN108853,63.91,13,5.89,70.63,0,0.261,1,0,0
TXN108854,138.23,8,1.71,43.57,2,0.115,0,0,0
TXN108855,66.18,15,9.01,44.29,0,0.331,0,1,0
TXN108856,66.91,14,1.71,18.75,1,0.279,0,1,0
TXN108857,59.0,12,18.72,92.16,0,0.405,0,0,0
TXN108858,69.92,12,11.88,42.6,1,0.101,0,1,0
TXN108859,14.38,19,7.75,122.56,0,0.48,0,0,0
TXN108860,128.56,5,15.85,77.0,1,0.325,0,1,0
TXN108861,58.08,19,12.02,18.57,1,0.2,0,1,0
TXN108862,46.05,10,3.48,123.17,1,0.578,0,1,0
TXN108863,83.12,17,5.9,349.68,0,0.227,0,1,0
TXN108864,19.65,16,13.22,48.91,0,0.214,1,1,0
TXN108865,167.87,10,16.46,40.1,0,0.164,0,0,0
TXN108866,115.83,21,15.34,4.52,1,0.397,0,1,0
TXN108867,98.44,9,20.51,90.84,0,0.157,0,1,0
TXN108868,38.0,6,20.07,27.51,0,0.207,0,0,0
TXN108869,644.08,20,46.92,5.07,3,0.637,0,0,1
TXN108870,83.47,9,2.62,41.18,0,0.22,0,1,0
TXN108871,35.72,9,24.08,332.38,0,0.176,0,1,0
TXN108872,11.19,14,2.37,173.15,0,0.52,0,0,0
TXN108873,17.5,20,4.29,34.35,0,0.205,0,1,0
TXN108874,16.26,13,1.48,49.94,0,0.181,1,0,0
TXN108875,53.32,8,1.94,7.06,1,0.253,0,1,0
TXN108876,37.08,5,8.45,20.87,0,0.296,0,1,0
TXN108877,154.06,12,8.72,40.43,2,0.51,0,1,0
TXN108878,14.54,10,3.57,56.35,0,0.502,0,0,0
TXN108879,877.93,0,52.01,8.13,5,0.403,0,0,1
TXN108880,75.41,11,4.39,136.18,0,0.118,0,1,0
TXN108881,178.57,16,5.28,185.53,0,0.249,0,0,0
TXN108882,34.25,12,13.38,1.3,0,0.14,0,1,0
TXN108883,234.62,19,4.1,88.89,0,0.253,0,1,0
TXN108884,41.07,17,2.66,87.77,0,0.29,0,0,0
TXN108885,57.69,14,2.5,90.59,0,0.309,0,1,0
TXN108886,44.48,11,4.48,79.97,0,0.286,0,0,0
TXN108887,49.29,10,7.86,13.81,0,0.516,0,0,0
TXN108888,38.99,9,5.95,7.99,0,0.21,0,1,0
TXN108889,145.83,15,9.28,249.89,0,0.039,0,1,0
TXN108890,323.82,15,5.25,31.43,0,0.144,1,0,0
TXN108891,240.77,18,5.59,20.42,0,0.079,0,1,0
TXN108892,48.36,10,6.8,86.25,1,0.227,0,1,0
TXN108893,79.34,19,2.09,89.3,0,0.124,0,1,0
TXN108894,39.68,0,15.17,34.91,0,0.739,0,1,0
TXN108895,37.31,12,1.91,226.77,1,0.327,0,1,0
TXN108896,23.33,5,6.26,87.22,1,0.373,0,0,0
TXN108897,55.58,13,4.07,153.71,0,0.16,0,1,0
TXN108898,49.65,17,10.3,168.05,0,0.62,0,1,0
TXN108899,47.06,18,7.65,182.65,0,0.328,0,1,0
TXN108900,146.46,23,10.96,368.88,0,0.14,0,1,0
TXN108901,70.15,11,2.0,319.23,0,0.43,0,1,0
TXN108902,47.86,20,5.84,125.65,0,0.198,0,1,0
TXN108903,118.8199909866309,13,8.179326253809649,85.27,1,0.5002159618934734,0,0,0
TXN108904,31.74,10,4.41,5.97,0,0.231,0,1,0
TXN108905,63.67,10,9.48,295.37,0,0.143,0,1,0
TXN108906,131.12,17,3.85,151.28,0,0.484,0,1,0
TXN108907,46.1,5,10.15,126.79,0,0.643,0,1,0
TXN108908,63.12,15,20.04,76.75,0,0.063,0,0,0
TXN108909,115.2,13,6.42,176.57,0,0.467,0,1,0
TXN108910,78.99,14,19.32,35.09,0,0.521,0,1,0
TXN108911,39.01,17,5.13,344.97,0,0.204,0,1,0
TXN108912,19.98,12,6.15,284.61,0,0.412,0,0,0
TXN108913,51.11,9,0.99,50.87,0,0.23,0,1,0
TXN108914,27.69,7,0.99,5.72,1,0.663,0,1,0
TXN108915,112.35,8,2.65,234.05,0,0.168,0,1,0
TXN108916,116.13,14,0.4,223.73,0,0.205,0,1,0
TXN108917,159.81,19,7.02,253.44,0,0.53,0,1,0
TXN108918,83.05,9,0.63,203.31,0,0.319,0,1,0
TXN108919,79.42,18,7.44,41.68,0,0.552,0,1,0
TXN108920,123.99,21,1.48,76.66,0,0.258,0,1,0
TXN108921,56.68,12,6.43,5.37,0,0.09,0,1,0
TXN108922,178.15,10,1.86,213.64,0,0.131,0,1,0
TXN108923,35.96,15,4.53,129.28,1,0.036,0,0,0
TXN108924,54.57,4,8.65,108.4,1,0.246,0,0,0
TXN108925,28.47,15,4.65,36.51,0,0.369,0,1,0
TXN108926,81.53,9,9.09,33.54,1,0.297,0,1,0
TXN108927,41.31,0,17.07,220.34,1,0.077,0,1,0
TXN108928,35.25,10,19.44,81.6,0,0.633,0,1,0
TXN108929,53.94,4,10.13,87.47,0,0.143,0,1,0
TXN108930,53.93,10,7.94,70.87,1,0.631,0,1,0
TXN108931,298.52,20,0.74,91.69,0,0.353,0,1,0
TXN108932,85.04,0,4.15,45.54,0,0.309,0,1,0
TXN108933,499.22,4,103.83,10.22,3,0.39,1,0,1
TXN108934,49.68,20,2.54,42.17,0,0.4,0,0,0
TXN108935,51.82,15,5.96,52.9,0,0.199,0,1,0
TXN108936,19.2,23,16.81,3.44,0,0.536,1,1,0
TXN108937,41.01,0,5.69,216.53,0,0.632,0,1,0
TXN108938,28.97,12,6.24,34.79,0,0.148,0,1,0
TXN108939,26.11814651624042,16,47.23921276253933,164.96,0,0.5648790115111054,0,0,0
TXN108940,211.94,13,8.54,16.56,0,0.433,0,1,0
TXN108941,135.92,16,9.03,2.5,0,0.411,0,1,0
TXN108942,44.94,10,2.58,204.28,2,0.284,0,0,0
TXN108943,110.61,10,12.33,297.71,2,0.189,0,1,0
TXN108944,112.47,12,8.12,25.44,0,0.035,0,0,0
TXN108945,189.25,11,5.47,223.13,0,0.361,0,1,0
TXN108946,102.1,13,3.77,4.56,1,0.082,0,0,0
TXN108947,596.472002713737,22,92.27249679968213,408.93,0,0.7693262220492668,0,1,0
TXN108948,126.88,15,1.44,34.77,1,0.296,0,1,0
TXN108949,123.93,20,5.44,3.56,0,0.37,0,0,0
TXN108950,32.99,2,4.8,235.84,1,0.144,0,0,0
TXN108951,53.89,20,6.1,315.82,0,0.148,0,0,0
TXN108952,82.27,15,6.77,21.87,0,0.193,0,1,0
TXN108953,72.46,11,8.42,17.65,2,0.279,0,1,0
TXN108954,53.82,17,10.26,149.46,0,0.328,0,0,0
TXN108955,50.255570916946795,16,293.4094685644618,48.44,0,0.6290664475350204,0,1,0
TXN108956,31.28,6,3.03,22.94,1,0.537,0,0,0
TXN108957,133.04,22,0.83,76.75,0,0.329,1,1,0
TXN108958,40.38073292551945,19,154.3171961049553,109.29,0,0.5171380132835326,0,0,0
TXN108959,73.83,17,12.12,153.38,0,0.265,0,1,0
TXN108960,106.85,4,63.95,1.82,2,0.872,1,1,1
TXN108961,45.28,20,2.52,433.84,0,0.282,0,1,0
TXN108962,114.56,18,0.53,176.13,0,0.476,0,1,0
TXN108963,90.62,11,6.94,12.01,0,0.026,0,1,0
TXN108964,30.24,23,2.58,1.03,2,0.22,0,1,0
TXN108965,100.32,17,5.13,60.48,0,0.298,0,1,0
TXN108966,150.66,23,4.32,3.01,0,0.364,0,0,0
TXN108967,148.59,10,6.02,35.64,0,0.641,0,1,0
TXN108968,145.3,14,1.16,273.82,0,0.489,0,0,0
TXN108969,28.2,23,10.08,36.1,0,0.193,0,1,0
TXN108970,57.03,16,2.23,144.05,0,0.147,0,1,0
TXN108971,38.06,21,1.63,117.49,0,0.524,0,1,0
TXN108972,98.13,14,7.66,235.86,0,0.329,0,1,0
TXN108973,45.45,3,16.03,96.8,0,0.262,0,1,0
TXN108974,67.61,12,10.21,14.14,0,0.489,0,0,0
TXN108975,50.55,17,7.4,121.42,0,0.243,0,1,0
TXN108976,19.27,20,16.82,152.23,0,0.264,0,0,0
TXN108977,55.21,16,9.09,5.74,1,0.336,1,1,0
TXN108978,5.81,9,11.21,19.8,0,0.37,0,1,0
TXN108979,20.16,13,4.49,254.2,0,0.05,0,0,0
TXN108980,83.57,18,5.0,98.77,1,0.192,0,1,0
TXN108981,178.68,0,1.97,20.59,0,0.163,0,1,0
TXN108982,416.53408134310683,13,35.54321800568204,7.07,2,0.7770648963606326,0,1,0
TXN108983,37.44,11,2.4,139.91,0,0.23,0,1,0
TXN108984,53.97,18,1.96,6.99,0,0.132,0,1,0
TXN108985,59.12,13,15.79,55.31,1,0.116,0,0,0
TXN108986,31.39,13,16.55,98.04,0,0.449,0,1,0
TXN108987,10.91,2,3.31,83.97,2,0.696,0,1,0
TXN108988,52.4,11,7.81,90.16,0,0.158,1,1,0
TXN108989,37.82,22,6.34,311.03,0,0.3,0,1,0
TXN108990,268.80909933015454,9,24.446699905729655,32.45,0,0.6050456622577907,0,0,0
TXN108991,75.98,11,0.48,360.54,0,0.081,0,1,0
TXN108992,38.31,2,8.18,121.23,0,0.399,0,1,0
TXN108993,219.99,4,1.7,452.72,0,0.316,0,1,0
TXN108994,146.9,23,16.19,187.74,0,0.58,0,1,0
TXN108995,62.83,8,2.41,19.5,2,0.38,0,1,0
TXN108996,98.52,9,15.12,185.04,0,0.284,0,1,0
TXN108997,59.35,9,15.79,235.02,0,0.281,0,1,0
TXN108998,175.37,19,13.92,85.88,0,0.28,0,1,0
TXN108999,103.86,15,4.14,36.3,0,0.061,0,1,0
TXN109000,50.96,15,7.0,19.41,0,0.235,0,1,0
TXN109001,165.19,20,2.0,14.27,0,0.406,0,1,0
TXN109002,148.48,15,0.18,194.28,2,0.19,0,0,0
TXN109003,156.44,17,19.99,161.48,0,0.288,0,1,0
TXN109004,4.35,13,2.56,130.76,0,0.043,0,1,0
TXN109005,14.09,16,8.87,98.75,0,0.564,0,0,0
TXN109006,90.96,18,11.03,60.7,0,0.123,0,1,0
TXN109007,198.44,18,17.12,5.33,0,0.115,0,1,0
TXN109008,96.56,19,5.4,58.49,0,0.23,0,1,0
TXN109009,83.17,11,4.36,198.01,0,0.131,0,1,0
TXN109010,137.96,16,5.1,144.07,0,0.428,0,1,0
TXN109011,84.89,1,12.52,2.89,2,0.082,0,0,0
TXN109012,21.11,17,12.86,70.19,0,0.553,0,1,0
TXN109013,57.46,9,8.28,352.53,0,0.004,0,1,0
TXN109014,53.43,12,8.78,96.76,0,0.398,0,1,0
TXN109015,76.94,15,2.01,13.55,0,0.525,0,1,0
TXN109016,37.95,18,4.77,122.39,0,0.323,0,1,0
TXN109017,168.61,18,12.15,162.84,0,0.448,1,1,0
TXN109018,106.88,20,3.89,33.51,0,0.132,0,1,0
TXN109019,27.09,7,5.85,61.4,0,0.359,0,1,0
TXN109020,26.95,16,2.33,140.35,0,0.308,0,0,0
TXN109021,123.76,7,6.62,66.83,0,0.133,0,1,0
TXN109022,68.39,1,4.13,118.51,2,0.178,0,0,0
TXN109023,154.89,9,4.5,135.63,0,0.291,0,1,0
TXN109024,93.19,8,5.53,39.31,0,0.275,0,1,0
TXN109025,34.01,9,9.1,73.51,0,0.369,1,1,0
TXN109026,10.79,10,0.24,127.12,0,0.349,0,1,0
TXN109027,20.0,21,6.22,37.95,0,0.405,1,1,0
TXN109028,54.19,21,2.21,52.18,0,0.248,0,1,0
TXN109029,31.77,12,4.68,34.33,0,0.39,0,0,0
TXN109030,117.74,20,8.03,190.04,0,0.365,0,1,0
TXN109031,66.56,18,3.66,67.82,1,0.338,0,1,0
TXN109032,41.84,4,1.73,53.34,0,0.225,0,1,0
TXN109033,33.6,17,5.7,54.01,0,0.436,0,1,0
TXN109034,41.56,20,6.03,188.23,0,0.344,0,1,0
TXN109035,49.96,3,4.52,173.09,1,0.408,0,1,0
TXN109036,166.37,19,3.55,115.31,0,0.638,0,0,0
TXN109037,327.77,21,255.28,6.11,6,0.879,0,0,1
TXN109038,28.42,13,3.13,332.72,1,0.28,0,1,0
TXN109039,10.3,14,3.96,20.6,1,0.476,0,1,0
TXN109040,60.1,12,12.92,42.68,0,0.183,0,1,0
TXN109041,105.14,15,2.13,210.14,0,0.462,0,1,0
TXN109042,124.01,12,14.01,412.94,0,0.243,0,1,0
TXN109043,42.59,9,4.34,27.49,1,0.136,0,1,0
TXN109044,282.46,22,5.8,215.88,0,0.3,0,1,0
TXN109045,95.0,11,10.33,65.4,0,0.132,0,1,0
TXN109046,54.4,16,5.4,433.04,0,0.212,0,1,0
TXN109047,35.42,20,10.37,5.62,0,0.316,0,0,0
TXN109048,83.88,11,7.39,293.1,0,0.36,0,1,0
TXN109049,40.73,8,1.7,128.95,0,0.22,0,0,0
TXN109050,48.74,12,3.93,108.17,0,0.521,0,0,0
TXN109051,43.53,12,1.13,27.81,0,0.078,0,0,0
TXN109052,97.92,10,2.53,36.69,1,0.051,0,1,0
TXN109053,40.95,16,4.01,103.68,0,0.545,0,1,0
TXN109054,70.09,22,2.65,27.75,0,0.219,0,1,0
TXN109055,111.44,0,3.01,98.41,0,0.21,0,1,0
TXN109056,180.93,14,14.91,136.32,0,0.088,0,1,0
TXN109057,76.78,14,3.14,3.59,0,0.562,0,0,0
TXN109058,112.63,13,1.95,87.72,0,0.243,0,1,0
TXN109059,33.53,17,6.4,148.71,1,0.56,0,1,0
TXN109060,188.25,18,1.07,155.73,1,0.24,0,1,0
TXN109061,33.4,19,16.14,267.61,0,0.17,0,0,0
TXN109062,5.47,20,22.69,137.04,0,0.5,0,0,0
TXN109063,76.26,9,32.4,248.05,0,0.147,1,1,0
TXN109064,138.25,8,6.25,203.11,0,0.169,0,1,0
TXN109065,31.37,17,7.26,17.08,0,0.3,0,1,0
TXN109066,35.82,10,4.31,88.34,0,0.034,1,1,0
TXN109067,131.01,21,1.37,133.49,0,0.284,0,1,0
TXN109068,32.57,18,8.26,71.25,2,0.057,0,1,0
TXN109069,43.01,1,4.15,127.89,1,0.142,0,1,0
TXN109070,778.79,8,42.48,2.77,8,0.372,0,0,1
TXN109071,38.37,9,6.32,78.17,0,0.353,0,1,0
TXN109072,44.93,21,9.04,41.37,0,0.156,0,1,0
TXN109073,19.42,12,15.4,325.0,0,0.4,0,1,0
TXN109074,43.77,20,1.73,8.73,0,0.027,0,1,0
TXN109075,81.79,19,3.08,275.88,1,0.253,0,1,0
TXN109076,88.95,8,2.29,373.83,0,0.303,0,1,0
TXN109077,30.3,9,1.08,5.16,0,0.299,0,1,0
TXN109078,1139.03,16,513.22,2.97,4,0.5,1,0,1
TXN109079,134.9,9,7.87,4.79,0,0.106,1,0,0
TXN109080,300.24,18,9.89,105.12,0,0.174,0,1,0
TXN109081,78.14,23,5.68,44.69,1,0.019,0,0,0
TXN109082,33.56,8,5.89,371.26,0,0.128,0,1,0
TXN109083,75.27,4,2.28,101.92,1,0.575,0,1,0
TXN109084,99.24,18,16.68,164.56,0,0.28,0,1,0
TXN109085,39.81,5,7.24,62.23,0,0.481,0,1,0
TXN109086,13.52,12,11.52,263.23,0,0.214,1,1,0
TXN109087,55.9,8,6.33,13.66,0,0.419,0,1,0
TXN109088,261.67,16,17.22,167.05,2,0.131,0,1,0
TXN109089,17.49,9,2.95,88.04,1,0.051,1,1,0
TXN109090,63.04,23,2.53,80.94,1,0.067,0,1,0
TXN109091,106.01,20,10.83,116.6,1,0.217,0,0,0
TXN109092,75.01,11,8.39,91.75,0,0.264,0,1,0
TXN109093,190.62,11,330.92,7.65,4,0.963,1,0,1
TXN109094,63.52,18,5.03,15.09,0,0.224,0,1,0
TXN109095,26.9,1,16.12,226.22,0,0.064,0,0,0
TXN109096,67.48,17,18.33,31.39,0,0.711,0,1,0
TXN109097,32.7,11,8.73,58.74,0,0.205,0,1,0
TXN109098,24.19,0,8.81,47.5,0,0.232,1,1,0
TXN109099,27.87,8,12.84,60.39,1,0.209,0,0,0
TXN109100,197.9641269308655,16,72.79162717910559,30.94,0,0.7639550156140988,0,1,0
TXN109101,51.81,9,7.99,217.03,0,0.365,0,1,0
TXN109102,118.47,23,4.2,51.14,0,0.391,0,1,0
TXN109103,44.84,19,12.79,26.51,0,0.298,0,1,0
TXN109104,39.75,10,5.99,3.2,1,0.232,0,1,0
TXN109105,60.35,2,5.95,31.17,0,0.39,0,1,0
TXN109106,19.12,13,5.04,175.43,0,0.123,0,1,0
TXN109107,153.41,12,2.27,259.59,0,0.455,0,0,0
TXN109108,137.28,14,4.75,61.91,0,0.081,0,1,0
TXN109109,163.52,17,2.85,1.48,0,0.171,0,1,0
TXN109110,34.18,17,13.68,43.44,0,0.077,0,1,0
TXN109111,50.85,17,9.59,379.77,0,0.32,0,0,0
TXN109112,111.37,13,18.6,124.18,0,0.282,0,0,0
TXN109113,83.72,12,4.8,77.22,0,0.071,0,1,0
TXN109114,79.48,12,1.97,78.4,0,0.389,0,1,0
TXN109115,41.65,4,0.59,123.13,0,0.046,0,0,0
TXN109116,90.94,13,3.17,172.21,1,0.091,0,1,0
TXN109117,205.73,7,13.56,31.21,0,0.412,0,1,0
TXN109118,87.37,18,1.04,99.04,0,0.271,0,1,0
TXN109119,223.85,8,9.89,197.24,0,0.158,0,1,0
TXN109120,11.37,8,7.22,135.5,0,0.269,0,1,0
TXN109121,39.03052378156099,3,32.57964076652774,18.26,3,0.4791917564920332,1,0,1
TXN109122,70.41,8,14.86,25.33,0,0.462,0,1,0
TXN109123,227.1,15,5.76,52.37,1,0.509,0,1,0
TXN109124,147.1,17,14.53,230.51,1,0.094,0,1,0
TXN109125,12.33,15,15.36,156.06,0,0.611,0,0,0
TXN109126,224.01,18,24.78,138.37,0,0.152,0,1,0
TXN109127,805.94,23,69.88,9.39,4,0.963,1,0,1
TXN109128,44.51,9,22.87,14.98,0,0.226,0,1,0
TXN109129,83.95,9,19.53,198.22,0,0.415,0,0,0
TXN109130,182.68,17,6.6,40.87,0,0.237,0,0,0
TXN109131,39.82,3,1.72,296.79,0,0.517,0,1,0
TXN109132,138.68,9,4.52,225.31,0,0.537,0,0,0
TXN109133,25.89,14,3.24,82.17,0,0.137,0,1,0
TXN109134,120.02,21,9.32,47.5,0,0.183,0,1,0
TXN109135,25.89,3,1.95,36.52,3,0.156,0,1,0
TXN109136,55.5,15,1.15,56.22,0,0.598,0,1,0
TXN109137,183.17,11,7.63,95.01,0,0.2,0,1,0
TXN109138,158.26,18,3.05,20.48,0,0.296,0,0,0
TXN109139,38.41,0,6.1,131.64,1,0.489,0,1,0
TXN109140,6.51,7,2.62,11.94,0,0.359,1,1,0
TXN109141,65.06,23,21.15,122.58,0,0.024,0,1,0
TXN109142,81.78732871040964,13,24.84825239924473,49.76,0,0.5695201850846355,0,1,0
TXN109143,90.95,10,1.92,28.24,0,0.013,0,1,0
TXN109144,1.61,12,19.67,21.89,0,0.205,0,1,0
TXN109145,38.31,14,4.9,177.99,0,0.058,0,1,0
TXN109146,56.95,23,12.45,171.4,0,0.204,0,1,0
TXN109147,22.37,15,5.11,7.56,0,0.208,0,1,0
TXN109148,193.26,16,12.5,106.28,0,0.339,0,1,0
TXN109149,6.55,14,4.85,145.56,0,0.13,0,1,0
TXN109150,44.33,9,9.62,37.09,0,0.444,0,1,0
TXN109151,200.61,10,12.48,90.53,0,0.402,0,1,0
TXN109152,99.37,21,7.15,301.42,0,0.28,0,0,0
TXN109153,56.58,12,24.84,382.86,2,0.109,0,1,0
TXN109154,73.1,18,10.22,34.79,0,0.044,0,1,0
TXN109155,98.27,17,12.94,229.61,0,0.601,0,1,0
TXN109156,126.91,18,8.07,103.37,0,0.582,0,0,0
TXN109157,137.5,20,6.62,51.73,0,0.712,0,1,0
TXN109158,83.33,5,1.78,24.68,0,0.074,0,1,0
TXN109159,134.76,20,5.89,138.78,0,0.133,0,1,0
TXN109160,214.81,20,3.38,100.31,0,0.125,0,1,0
TXN109161,93.7,15,2.81,30.26,0,0.097,1,1,0
TXN109162,6.56,4,4.02,1.69,0,0.397,0,1,0
TXN109163,15.94,8,8.13,69.59,1,0.138,0,0,0
TXN109164,63.99,23,14.03,115.67,0,0.512,0,1,0
TXN109165,80.17,15,6.67,41.43,0,0.253,0,1,0
TXN109166,84.43561894660405,14,60.60528408828904,0.42,0,0.568486298841783,0,1,0
TXN109167,144.22,15,3.7,107.51,0,0.348,0,1,0
TXN109168,93.23,2,7.1,167.78,0,0.243,0,1,0
TXN109169,399.87499253250974,3,33.12361567601959,53.44,0,0.5979002571358264,0,1,0
TXN109170,101.07,18,1.51,147.34,0,0.588,0,1,0
TXN109171,145.95,7,4.23,49.88,0,0.27,0,1,0
TXN109172,68.22,7,14.25,52.75,1,0.355,0,1,0
TXN109173,51.08,12,6.6,40.13,1,0.178,0,1,0
TXN109174,82.87,6,2.44,43.99,0,0.244,0,1,0
TXN109175,227.22,19,7.19,66.36,2,0.297,0,1,0
TXN109176,88.06,21,12.0,9.1,0,0.348,0,1,0
TXN109177,44.8,19,9.74,31.62,0,0.344,0,0,0
TXN109178,35.76,14,8.29,40.15,0,0.19,0,1,0
TXN109179,27.67,21,3.94,75.4,0,0.241,0,1,0
TXN109180,35.97,17,24.67,131.15,1,0.056,0,1,0
TXN109181,25.77,12,6.48,164.99,0,0.148,0,1,0
TXN109182,59.5,2,12.07,39.03,0,0.232,0,0,0
TXN109183,358.8254157653748,20,11.638444470520106,330.33,0,0.686580030289231,0,1,0
TXN109184,148.97,23,6.49,103.61,1,0.11,0,1,0
TXN109185,189.24,2,17.11,223.27,0,0.424,0,0,0
TXN109186,68.87,16,1.7,31.6,2,0.488,0,1,0
TXN109187,139.82,11,0.92,304.61,0,0.356,0,1,0
TXN109188,135.94,10,18.93,327.76,0,0.269,1,1,0
TXN109189,229.31,8,4.72,26.49,1,0.236,0,1,0
TXN109190,46.68,18,2.23,44.12,0,0.461,0,0,0
TXN109191,113.41,22,7.38,174.1,0,0.16,0,1,0
TXN109192,46.1,20,2.61,128.79,0,0.551,0,1,0
TXN109193,30.47,10,0.47,42.0,0,0.168,0,0,0
TXN109194,38.05,5,6.69,30.12,0,0.131,0,1,0
TXN109195,87.58,20,5.73,94.7,1,0.136,0,1,0
TXN109196,152.77,13,0.28,31.82,0,0.26,1,1,0
TXN109197,143.07,19,21.97,183.33,0,0.349,0,1,0
TXN109198,229.03,23,12.65,9.94,0,0.474,0,0,0
TXN109199,80.47,8,15.53,67.16,0,0.161,0,0,0
TXN109200,69.2,4,17.69,2.53,0,0.369,0,1,0
TXN109201,80.01,12,1.94,43.05,0,0.438,0,1,0
TXN109202,149.85,12,20.39,22.22,0,0.137,0,0,0
TXN109203,79.58,17,17.07,292.12,0,0.538,0,1,0
TXN109204,59.46,11,7.55,59.76,1,0.579,0,1,0
TXN109205,92.59,7,2.67,65.75,0,0.31,0,1,0
TXN109206,38.74,18,17.77,93.14,0,0.323,0,1,0
TXN109207,44.14,16,7.74,215.81,1,0.34,0,1,0
TXN109208,47.74,17,21.12,69.95,0,0.31,0,1,0
TXN109209,14.2,2,1.25,160.02,0,0.244,0,1,0
TXN109210,52.86,14,5.55,12.25,0,0.153,0,0,0
TXN109211,95.05,4,5.97,47.52,0,0.251,0,1,0
TXN109212,22.81,14,0.89,12.77,0,0.332,0,1,0
TXN109213,80.15,21,1.67,12.52,0,0.212,0,1,0
TXN109214,98.76,6,4.34,74.26,0,0.161,0,1,0
TXN109215,59.81,23,13.2,141.34,0,0.091,0,1,0
TXN109216,7.89,10,17.4,158.02,0,0.02,0,1,0
TXN109217,35.16,16,3.77,13.43,0,0.338,0,1,0
TXN109218,134.49,12,13.89,45.34,0,0.086,0,1,0
TXN109219,22.96,12,0.08,104.19,3,0.076,0,1,0
TXN109220,104.21,9,5.85,15.3,0,0.333,0,1,0
TXN109221,53.82,17,7.26,29.18,1,0.309,0,1,0
TXN109222,91.16,6,6.17,22.07,0,0.292,0,1,0
TXN109223,1166.15,4,140.0,5.01,3,0.778,0,0,1
TXN109224,47.63,3,0.39,29.44,0,0.238,0,0,0
TXN109225,183.87,8,3.82,103.67,0,0.133,0,1,0
TXN109226,24.85,9,5.98,21.01,2,0.344,0,0,0
TXN109227,51.47,12,1.7,254.89,0,0.075,0,1,0
TXN109228,11.4,5,10.15,51.5,0,0.364,0,1,0
TXN109229,14.58,12,0.53,32.25,0,0.229,0,1,0
TXN109230,43.32,22,8.93,122.93,0,0.236,0,1,0
TXN109231,70.85,17,1.53,31.69,0,0.169,0,1,0
TXN109232,215.81,23,17.42,24.72,0,0.071,0,1,0
TXN109233,80.73,14,11.77,248.24,0,0.186,0,0,0
TXN109234,62.01,18,5.55,10.89,0,0.163,0,1,0
TXN109235,1476.7,0,284.6,0.91,2,0.504,0,0,1
TXN109236,84.77,21,7.0,275.94,0,0.419,0,1,0
TXN109237,28.06,11,1.11,346.42,0,0.109,0,0,0
TXN109238,213.55,20,30.18,17.74,0,0.273,0,1,0
TXN109239,27.92,13,3.21,5.2,0,0.183,0,0,0
TXN109240,121.8,8,0.71,45.07,0,0.027,0,1,0
TXN109241,192.79,18,8.09,141.21,0,0.181,0,1,0
TXN109242,15.99,10,5.18,110.57,1,0.356,0,1,0
TXN109243,98.82,10,6.57,39.36,0,0.133,0,1,0
TXN109244,79.23,15,1.4,88.32,1,0.455,0,1,0
TXN109245,173.83139466045148,15,108.7951505485144,0.2,0,0.7270484810839446,0,0,0
TXN109246,99.47,8,4.16,45.22,0,0.072,0,1,0
TXN109247,51.12,8,0.48,22.98,1,0.357,0,1,0
TXN109248,68.9,10,5.06,62.51,0,0.135,0,1,0
TXN109249,68.35,0,12.64,26.74,0,0.171,0,1,0
TXN109250,39.01,0,5.41,10.38,0,0.391,0,1,0
TXN109251,122.34,9,8.5,122.76,1,0.134,0,1,0
TXN109252,30.09,3,35.0,15.06,2,0.352,0,1,0
TXN109253,96.66,19,3.14,3.07,0,0.226,0,0,0
TXN109254,124.6,8,7.2,34.09,1,0.26,0,1,0
TXN109255,24.18,8,3.62,54.24,0,0.154,0,1,0
TXN109256,7.0,10,26.94,71.49,0,0.231,0,1,0
TXN109257,43.0,8,11.41,85.5,0,0.098,0,1,0
TXN109258,98.39,22,1.42,89.01,0,0.342,0,0,0
TXN109259,93.75,13,7.16,99.42,0,0.361,0,1,0
TXN109260,38.92,13,15.49,109.6,1,0.062,0,1,0
TXN109261,35.24,16,8.81,45.66,0,0.241,0,1,0
TXN109262,72.98,18,3.89,47.18,0,0.317,1,1,0
TXN109263,162.22,6,31.8,66.04,0,0.448,0,1,0
TXN109264,92.26,18,3.7,13.23,0,0.083,0,1,0
TXN109265,128.76,20,5.58,75.24,0,0.328,0,0,0
TXN109266,48.24,15,10.49,218.84,0,0.225,0,1,0
TXN109267,16.81,10,0.98,15.12,0,0.353,0,1,0
TXN109268,159.96,16,4.9,110.54,0,0.324,0,0,0
TXN109269,62.61,12,5.28,33.79,1,0.285,0,0,0
TXN109270,45.79,19,12.45,441.34,0,0.323,0,1,0
TXN109271,124.18,17,4.93,133.11,0,0.183,0,1,0
TXN109272,73.29,14,2.67,53.64,0,0.307,0,1,0
TXN109273,43.53,19,2.43,35.44,0,0.249,0,1,0
TXN109274,113.08,14,15.82,48.55,1,0.176,0,1,0
TXN109275,58.56,1,5.8,109.77,0,0.431,0,1,0
TXN109276,379.22,3,190.58,4.18,2,0.757,0,0,1
TXN109277,146.4639659622118,20,6.520141404680035,146.22,0,0.7027289086066434,0,1,0
TXN109278,137.84,9,8.84,171.8,0,0.394,0,1,0
TXN109279,55.51,15,1.62,64.68,0,0.528,0,1,0
TXN109280,23.22,19,7.38,125.05,0,0.08,0,1,0
TXN109281,31.09,15,1.19,120.56,0,0.033,0,1,0
TXN109282,79.61,15,3.03,130.68,1,0.431,0,0,0
TXN109283,46.47,11,3.1,12.99,2,0.582,0,1,0
TXN109284,48.76,15,7.07,185.78,0,0.295,0,0,0
TXN109285,37.16,20,12.94,120.74,0,0.078,0,1,0
TXN109286,137.3,10,6.04,138.59,1,0.245,0,1,0
TXN109287,122.75,9,2.08,51.37,0,0.534,0,0,0
TXN109288,119.73,3,441.68,2.85,3,0.894,0,0,1
TXN109289,79.37,12,4.07,22.11,1,0.231,0,1,0
TXN109290,12.1,14,11.73,3.04,0,0.431,0,1,0
TXN109291,34.31,11,9.07,5.56,0,0.271,0,1,0
TXN109292,193.78243053101454,14,415.34403445129954,17.08,2,0.6569047585436927,0,1,0
TXN109293,24.59,11,10.95,3.56,0,0.463,0,0,0
TXN109294,12.43,8,12.59,45.74,0,0.286,1,1,0
TXN109295,142.64,16,2.65,566.99,0,0.211,0,1,0
TXN109296,87.17,3,6.76,113.83,0,0.076,0,1,0
TXN109297,77.79,9,8.55,208.2,3,0.137,0,1,0
TXN109298,96.58,8,9.41,458.75,1,0.338,0,1,0
TXN109299,31.91,20,2.98,140.76,1,0.307,0,1,0
TXN109300,46.75,9,9.95,62.93,0,0.222,0,1,0
TXN109301,43.43,20,5.66,315.33,0,0.182,0,1,0
TXN109302,30.54,11,2.39,98.48,1,0.403,0,0,0
TXN109303,159.08,5,7.91,187.13,0,0.398,0,0,0
TXN109304,22.48,12,4.86,5.66,2,0.11,0,0,0
TXN109305,81.25,18,18.46,66.42,1,0.061,0,1,0
TXN109306,96.14,2,9.29,14.06,0,0.195,0,1,0
TXN109307,66.84,13,5.6,12.54,0,0.115,0,1,0
TXN109308,248.3362594717168,1,13.951762792476826,111.09,0,0.7381337321530279,1,1,0
TXN109309,46.17,7,3.46,36.97,1,0.399,0,1,0
TXN109310,28.95,10,15.37,86.84,2,0.053,0,1,0
TXN109311,90.34,2,0.79,157.33,0,0.28,1,1,0
TXN109312,744.68,5,163.57,2.68,3,0.892,0,0,1
TXN109313,55.81,1,1.15,217.78,0,0.44,0,1,0
TXN109314,48.28,19,5.05,63.63,0,0.203,0,1,0
TXN109315,70.55,21,16.2,106.77,0,0.437,1,0,0
TXN109316,73.7,17,2.07,112.71,0,0.141,0,0,0
TXN109317,76.5,0,1.92,102.85,0,0.096,0,1,0
TXN109318,32.76,18,2.73,171.63,0,0.285,0,1,0
TXN109319,107.96,8,9.31,82.05,0,0.022,0,1,0
TXN109320,65.06,15,11.46,45.31,0,0.194,0,1,0
TXN109321,55.92,11,12.3,4.71,1,0.175,0,1,0
TXN109322,21.43,10,1.04,5.45,3,0.15,0,1,0
TXN109323,51.36,16,4.99,30.78,0,0.06,1,0,0
TXN109324,48.28,5,4.66,125.93,1,0.341,0,1,0
TXN109325,113.01,1,3.63,33.27,0,0.292,0,1,0
TXN109326,15.87,6,23.87,70.24,0,0.197,0,1,0
TXN109327,119.22,8,17.79,6.57,0,0.306,0,1,0
TXN109328,151.42,17,2.25,60.27,0,0.266,0,1,0
TXN109329,240.73,3,301.31,4.4,2,0.579,1,0,1
TXN109330,81.34,23,10.36,19.73,0,0.359,0,1,0
TXN109331,44.52,7,9.97,11.79,0,0.549,0,1,0
TXN109332,70.65,4,2.4,13.45,1,0.299,0,1,0
TXN109333,28.74,0,17.96,108.04,1,0.115,0,1,0
TXN109334,61.53,3,1.34,137.02,0,0.11,0,1,0
TXN109335,45.68,4,2.23,71.5,1,0.76,0,1,0
TXN109336,61.31,5,6.35,60.12,0,0.121,0,1,0
TXN109337,30.22,8,3.98,203.66,2,0.112,0,1,0
TXN109338,55.43,0,7.27,37.32,0,0.197,0,1,0
TXN109339,57.66,20,2.47,97.42,0,0.426,1,1,0
TXN109340,248.25809046707886,9,65.90606210902423,72.64,0,0.7007515541925426,0,1,0
TXN109341,48.75,16,5.39,92.08,1,0.432,0,0,0
TXN109342,96.82,22,6.42,143.33,2,0.012,0,1,0
TXN109343,402.42,3,0.48,78.92,2,0.22,0,1,0
TXN109344,88.93,12,3.47,87.37,1,0.282,0,1,0
TXN109345,121.87,20,21.21,92.2,0,0.229,0,1,0
TXN109346,83.9,9,7.95,78.03,0,0.246,1,1,0
TXN109347,29.82,13,2.36,4.56,0,0.271,0,1,0
TXN109348,127.16,18,9.81,123.42,0,0.136,0,1,0
TXN109349,37.78,4,12.13,92.35,1,0.259,0,1,0
TXN109350,82.31,12,3.78,33.52,0,0.038,0,1,0
TXN109351,84.23,17,0.8,114.73,4,0.171,0,1,0
TXN109352,132.06,14,4.73,59.68,0,0.479,0,0,0
TXN109353,53.67,17,1.29,317.61,1,0.31,0,0,0
TXN109354,80.32,10,7.12,183.78,0,0.477,0,1,0
TXN109355,77.92,12,32.98,531.56,0,0.082,0,1,0
TXN109356,248.56,13,6.86,181.49,0,0.135,0,1,0
TXN109357,13.4,14,19.83,369.86,1,0.456,0,1,0
TXN109358,60.45,18,8.41,480.31,0,0.299,0,1,0
TXN109359,126.97,19,1.99,177.5,0,0.627,0,1,0
TXN109360,166.04,21,15.66,115.89,0,0.173,0,1,0
TXN109361,209.92,13,2.98,7.58,0,0.179,0,1,0
TXN109362,147.9,23,295.38,0.08,4,0.761,1,0,1
TXN109363,41.86,20,2.66,132.08,1,0.051,0,1,0
TXN109364,188.08,12,1.13,70.05,1,0.169,0,1,0
TXN109365,25.52,16,2.23,260.14,0,0.302,0,1,0
TXN109366,27.26,15,5.87,501.46,0,0.339,0,1,0
TXN109367,86.52,8,36.35,261.07,1,0.239,0,1,0
TXN109368,154.8,9,13.33,88.17,0,0.182,0,1,0
TXN109369,87.81,19,0.87,154.32,1,0.075,0,1,0
TXN109370,141.13,20,3.33,48.04,0,0.271,0,1,0
TXN109371,23.64,10,1.39,11.84,1,0.069,1,1,0
TXN109372,82.4,19,2.68,6.06,0,0.333,0,1,0
TXN109373,60.47,1,5.48,115.31,0,0.192,0,1,0
TXN109374,25.24,13,9.17,47.31,1,0.187,0,1,0
TXN109375,728.4458025934626,20,34.98007652379985,57.19,0,0.5122491989046178,0,0,0
TXN109376,31.2,18,3.51,162.15,0,0.082,0,1,0
TXN109377,59.61,8,0.71,34.78,1,0.381,1,1,0
TXN109378,18.44,22,23.86,539.57,0,0.143,0,1,0
TXN109379,55.2,19,0.41,116.82,0,0.309,0,0,0
TXN109380,55.96,16,3.95,52.79,0,0.255,0,1,0
TXN109381,45.69,13,10.59,152.97,0,0.285,0,0,0
TXN109382,512.6,3,456.69,13.97,7,0.588,0,0,1
TXN109383,461.45,21,348.01,1.03,2,0.761,1,0,1
TXN109384,583.5464901831471,16,18.499743334091047,49.73,0,0.5849899242562312,0,1,0
TXN109385,21.21,20,19.71,110.4,1,0.218,1,1,0
TXN109386,1033.06,1,103.29,2.96,6,0.803,1,0,1
TXN109387,47.52,15,13.73,4.58,1,0.338,0,1,0
TXN109388,44.57,14,11.35,99.8,0,0.414,0,1,0
TXN109389,35.01,17,10.52,54.79,1,0.217,0,1,0
TXN109390,44.93,12,6.13,38.11,0,0.182,0,1,0
TXN109391,64.86,20,0.61,3.82,0,0.371,0,1,0
TXN109392,108.12,15,4.02,39.82,0,0.394,0,1,0
TXN109393,171.3,4,38.74,5.15,0,0.939,0,0,1
TXN109394,102.13,21,9.32,185.35,0,0.249,0,1,0
TXN109395,63.46,0,5.21,0.56,0,0.328,1,0,0
TXN109396,196.18,18,9.7,23.83,0,0.395,0,1,0
TXN109397,11.69,9,9.37,3.03,0,0.226,0,1,0
TXN109398,53.87,22,8.18,407.8,0,0.239,0,1,0
TXN109399,164.27,8,0.59,133.87,1,0.566,0,1,0
TXN109400,45.79,6,1.85,21.39,1,0.237,0,0,0
TXN109401,25.67,10,3.62,1.73,1,0.03,0,1,0
TXN109402,165.24,20,23.78,13.62,0,0.218,0,1,0
TXN109403,26.58,1,6.74,8.85,0,0.047,0,0,0
TXN109404,150.32,18,4.17,47.55,1,0.214,0,1,0
TXN109405,153.84,15,2.12,41.65,0,0.278,0,1,0
TXN109406,183.0,13,4.52,635.61,0,0.206,0,1,0
TXN109407,76.0,16,9.36,32.18,1,0.537,0,1,0
TXN109408,123.35,14,7.93,66.44,1,0.119,0,1,0
TXN109409,77.8,15,10.38,252.57,0,0.561,0,1,0
TXN109410,22.45,16,7.5,29.49,0,0.309,0,1,0
TXN109411,20.76,8,3.58,22.86,1,0.35,0,1,0
TXN109412,44.67,6,12.99,11.63,0,0.051,0,1,0
TXN109413,90.06,12,4.29,20.74,0,0.32,0,1,0
TXN109414,207.12,12,9.3,1.09,0,0.278,0,1,0
TXN109415,61.86,14,9.01,15.17,0,0.165,0,1,0
TXN109416,42.1,14,13.81,64.49,0,0.193,0,1,0
TXN109417,57.9,13,4.43,65.4,1,0.456,0,1,0
TXN109418,48.41,9,2.87,193.33,0,0.088,0,1,0
TXN109419,55.04,16,17.13,47.44,0,0.647,0,1,0
TXN109420,19.55,17,1.41,157.89,1,0.253,0,1,0
TXN109421,99.48,9,7.73,13.95,0,0.101,0,1,0
TXN109422,69.05,12,14.37,222.81,0,0.052,0,1,0
TXN109423,67.2,11,11.97,164.7,0,0.22,0,1,0
TXN109424,26.89,13,4.8,470.07,0,0.263,0,1,0
TXN109425,95.99,16,3.69,20.18,0,0.477,0,1,0
TXN109426,216.13,15,6.84,146.09,0,0.225,0,1,0
TXN109427,20.53,13,6.2,242.67,0,0.359,0,1,0
TXN109428,166.8,17,11.29,118.05,0,0.28,0,0,0
TXN109429,60.9,13,9.42,60.7,0,0.528,0,1,0
TXN109430,57.3,17,5.13,130.77,0,0.122,0,0,0
TXN109431,28.71,18,15.63,243.04,0,0.078,0,1,0
TXN109432,47.19,8,2.62,45.98,1,0.126,0,0,0
TXN109433,51.997612163342374,17,91.43277625625274,91.87,0,0.6918964777557763,0,1,0
TXN109434,125.45,3,12.07,92.47,0,0.168,0,1,0
TXN109435,98.97,8,1.61,40.65,0,0.182,0,1,0
TXN109436,285.39,13,1.76,215.0,0,0.649,0,1,0
TXN109437,88.41,8,4.89,109.27,0,0.488,0,1,0
TXN109438,60.12,16,11.95,55.27,0,0.553,0,1,0
TXN109439,53.43,20,6.01,40.15,1,0.223,0,1,0
TXN109440,41.67,17,1.35,12.1,1,0.156,1,1,0
TXN109441,7.71,12,0.88,56.79,0,0.311,0,1,0
TXN109442,161.51,22,3.38,87.89,0,0.375,0,1,0
TXN109443,90.77,20,2.32,144.13,1,0.338,0,1,0
TXN109444,96.57,4,8.2,8.9,0,0.222,0,1,0
TXN109445,22.37,7,3.26,178.84,2,0.608,0,1,0
TXN109446,65.78,7,3.19,98.62,2,0.113,0,1,0
TXN109447,13.32,5,1.99,306.41,0,0.449,0,1,0
TXN109448,81.2,19,9.37,304.08,0,0.149,0,1,0
TXN109449,23.81,15,14.01,71.17,0,0.476,0,0,0
TXN109450,77.71,18,8.3,52.78,0,0.353,0,1,0
TXN109451,45.57,4,5.1,152.66,0,0.587,0,1,0
TXN109452,91.86,8,6.77,35.48,0,0.497,0,1,0
TXN109453,56.5,12,7.31,12.53,0,0.211,0,1,0
TXN109454,76.7,8,12.02,136.43,0,0.389,0,1,0
TXN109455,9.9,15,12.2,61.34,0,0.498,0,1,0
TXN109456,143.37,17,2.29,60.49,1,0.13,0,1,0
TXN109457,4.74,6,12.01,253.14,0,0.17,0,0,0
TXN109458,100.82,9,2.03,120.69,1,0.594,0,1,0
TXN109459,15.89,19,4.14,6.5,2,0.359,0,1,0
TXN109460,133.1,12,9.7,178.94,0,0.418,0,1,0
TXN109461,86.86,8,5.41,55.11,0,0.569,0,1,0
TXN109462,65.37,17,27.43,70.95,1,0.145,0,1,0
TXN109463,53.17,17,15.1,8.36,0,0.218,0,1,0
TXN109464,18.85,19,2.97,34.35,0,0.42,0,1,0
TXN109465,63.65,13,5.74,31.0,0,0.279,0,1,0
TXN109466,33.38,11,2.04,80.6,0,0.428,0,1,0
TXN109467,256.25183330791725,8,19.556712806856964,194.12,0,0.5364004122900251,0,0,0
TXN109468,14.2,15,9.23,282.39,0,0.137,0,1,0
TXN109469,177.22,16,12.78,11.75,0,0.12,0,0,0
TXN109470,57.76,12,7.4,76.18,0,0.568,0,1,0
TXN109471,89.22616680313415,19,87.43863802877802,40.47,0,0.6952176415301582,0,0,0
TXN109472,706.69,19,405.73,2.68,2,0.926,0,0,1
TXN109473,148.39,22,4.24,42.53,0,0.169,0,1,0
TXN109474,88.54,11,8.42,0.96,0,0.213,0,0,0
TXN109475,29.17,11,3.97,199.96,0,0.402,0,1,0
TXN109476,110.19,15,3.77,159.28,1,0.31,0,1,0
TXN109477,10.47,9,3.95,199.29,1,0.25,0,1,0
TXN109478,51.73,15,0.72,77.1,0,0.374,0,1,0
TXN109479,36.19,8,11.19,112.19,1,0.049,0,1,0
TXN109480,65.81,12,10.14,209.21,0,0.414,0,1,0
TXN109481,29.05,13,29.86,104.37,0,0.021,0,1,0
TXN109482,43.33,20,0.41,227.52,0,0.34,0,1,0
TXN109483,88.46,9,7.85,154.71,0,0.522,1,1,0
TXN109484,12.45,13,6.44,49.47,0,0.33,0,1,0
TXN109485,23.78,13,8.82,62.49,0,0.07,0,0,0
TXN109486,101.03,0,396.38,0.96,1,0.817,1,0,1
TXN109487,52.64,17,12.68,148.42,0,0.189,0,1,0
TXN109488,68.99,19,8.1,119.51,0,0.492,0,1,0
TXN109489,8.34,4,3.34,43.54,0,0.467,0,1,0
TXN109490,76.75,16,30.78,10.16,2,0.448,0,1,0
TXN109491,132.37,11,5.25,534.95,0,0.108,0,1,0
TXN109492,14.26,18,2.34,101.53,1,0.291,0,1,0
TXN109493,98.91,19,6.26,57.64,1,0.219,0,1,0
TXN109494,121.7,15,2.32,12.8,0,0.154,0,1,0
TXN109495,57.97,11,6.05,1.57,0,0.446,0,0,0
TXN109496,20.35,6,6.3,15.94,0,0.4,0,0,0
TXN109497,52.16,16,6.56,100.0,0,0.187,0,1,0
TXN109498,96.26,15,2.44,73.14,0,0.123,0,1,0
TXN109499,36.81,17,4.18,41.5,0,0.324,0,1,0
TXN109500,51.25,20,8.94,304.37,0,0.067,0,1,0
TXN109501,58.13,17,3.76,35.21,0,0.519,0,1,0
TXN109502,126.93,20,6.25,224.35,0,0.23,0,0,0
TXN109503,68.72,11,0.73,265.07,0,0.163,0,1,0
TXN109504,82.49,9,8.28,20.87,0,0.145,0,1,0
TXN109505,84.44,17,11.79,172.54,0,0.069,0,0,0
TXN109506,27.51,10,4.14,18.28,0,0.137,0,1,0
TXN109507,18.17,16,1.34,243.38,1,0.49,0,1,0
TXN109508,214.69,9,5.33,25.22,0,0.422,0,0,0
TXN109509,162.7,19,8.44,55.12,0,0.41,0,1,0
TXN109510,37.0,2,7.8,135.86,0,0.262,0,1,0
TXN109511,225.1460280048128,15,41.7334292667974,8.41,0,0.5462661195338224,0,1,0
TXN109512,114.05,10,7.55,205.85,0,0.165,0,1,0
TXN109513,10.42,8,12.71,230.1,0,0.502,0,1,0
TXN109514,79.74,13,2.45,89.98,0,0.239,0,1,0
TXN109515,44.33,11,7.34,0.89,2,0.237,0,1,0
TXN109516,138.69,8,14.45,97.57,0,0.368,0,1,0
TXN109517,78.4,11,7.42,137.03,0,0.049,0,1,0
TXN109518,70.24,10,5.18,5.71,1,0.267,0,0,0
TXN109519,3.57,11,5.01,16.83,1,0.404,0,0,0
TXN109520,42.24,12,24.0,185.59,0,0.296,0,0,0
TXN109521,208.34,23,165.4,0.18,1,0.72,1,0,1
TXN109522,27.92,13,3.21,71.16,0,0.161,0,1,0
TXN109523,34.59,11,4.45,110.8,0,0.17,0,1,0
TXN109524,133.58,23,12.3,34.86,0,0.29,0,1,0
TXN109525,81.78,13,3.53,100.62,0,0.089,0,1,0
TXN109526,86.03,5,0.62,4.33,0,0.307,0,1,0
TXN109527,47.42,10,7.36,219.67,0,0.118,1,0,0
TXN109528,208.34,9,2.02,748.46,0,0.127,0,1,0
TXN109529,68.58,20,6.73,12.14,1,0.403,0,0,0
TXN109530,37.14,4,10.45,13.79,1,0.302,0,1,0
TXN109531,118.15,20,7.24,21.04,0,0.035,0,1,0
TXN109532,45.55,14,6.99,25.79,0,0.274,0,1,0
TXN109533,27.91,19,3.74,102.59,0,0.231,0,1,0
TXN109534,35.14,20,2.81,85.94,1,0.235,0,1,0
TXN109535,109.38,12,7.65,5.28,0,0.299,0,0,0
TXN109536,71.21,13,6.8,73.51,0,0.305,0,0,0
TXN109537,73.42,1,10.45,70.47,1,0.597,1,1,0
TXN109538,74.12,8,12.81,21.5,0,0.41,0,1,0
TXN109539,28.47,18,7.39,9.95,0,0.127,0,1,0
TXN109540,97.13,20,8.94,53.29,0,0.384,0,1,0
TXN109541,30.28,19,14.16,232.53,0,0.342,0,1,0
TXN109542,141.69,15,9.08,66.32,0,0.194,0,1,0
TXN109543,125.33,18,5.77,169.18,0,0.224,0,0,0
TXN109544,63.96,8,9.55,65.52,0,0.391,0,1,0
TXN109545,21.95,15,2.86,71.51,0,0.354,0,1,0
TXN109546,38.05,10,6.81,32.5,0,0.27,1,1,0
TXN109547,87.08,11,5.65,213.69,1,0.258,0,1,0
TXN109548,54.63,11,5.7,448.46,1,0.216,0,1,0
TXN109549,50.62,11,3.64,127.78,0,0.232,0,1,0
TXN109550,74.85,20,24.36,8.49,0,0.423,0,1,0
TXN109551,80.11,19,0.98,34.93,1,0.128,1,1,0
TXN109552,135.09,5,12.66,19.14,0,0.25,0,0,0
TXN109553,52.02,8,2.94,6.79,0,0.491,0,1,0
TXN109554,41.21,16,7.24,58.22,1,0.356,0,1,0
TXN109555,21.57,13,5.06,44.04,0,0.419,0,1,0
TXN109556,3.61,12,4.98,141.59,0,0.175,0,1,0
TXN109557,81.0,15,3.29,81.78,0,0.732,0,1,0
TXN109558,51.37,19,6.27,37.1,0,0.087,0,0,0
TXN109559,15.36,0,3.11,9.41,0,0.107,0,0,0
TXN109560,141.07,9,5.34,178.46,1,0.487,0,1,0
TXN109561,67.2,19,5.88,159.17,0,0.332,0,1,0
TXN109562,132.68,16,3.81,20.65,1,0.616,0,1,0
TXN109563,67.02,17,22.95,199.45,0,0.162,0,0,0
TXN109564,171.17,13,6.53,32.14,0,0.297,0,1,0
TXN109565,30.02,14,23.49,400.35,0,0.114,0,0,0
TXN109566,432.8566419822944,10,21.41422058101644,4.83,1,0.5486312349728536,0,1,0
TXN109567,72.88,21,4.94,20.58,0,0.756,0,1,0
TXN109568,260.72,15,3.54,86.84,1,0.244,0,1,0
TXN109569,33.46,2,8.95,873.4,1,0.563,0,0,0
TXN109570,110.68,8,1.41,32.66,1,0.209,0,1,0
TXN109571,48.24,21,4.99,20.09,1,0.31,0,0,0
TXN109572,73.3,3,3.61,114.65,1,0.529,0,1,0
TXN109573,122.2,12,6.15,4.55,0,0.467,0,1,0
TXN109574,57.18,1,7.73,13.09,1,0.105,0,1,0
TXN109575,289.6,11,4.53,209.27,1,0.409,0,1,0
TXN109576,108.31,4,2.4,193.91,1,0.22,0,0,0
TXN109577,36.48,7,2.52,151.47,0,0.308,0,1,0
TXN109578,25.52,17,8.71,276.49,0,0.196,0,1,0
TXN109579,15.89,12,4.86,119.2,0,0.361,0,1,0
TXN109580,78.57,19,4.82,164.88,0,0.497,0,0,0
TXN109581,9.17,23,8.18,71.43,0,0.324,0,0,0
TXN109582,52.55,2,1.23,23.86,0,0.351,0,1,0
TXN109583,223.93,14,9.17,17.89,0,0.186,0,1,0
TXN109584,209.22,17,4.79,317.13,0,0.191,0,1,0
TXN109585,52.93,16,0.53,111.05,1,0.13,0,1,0
TXN109586,219.91940665528313,23,152.45481071605937,60.85,1,0.7194275360800941,0,1,0
TXN109587,20.53,14,7.73,256.6,1,0.477,0,1,0
TXN109588,112.07,18,21.76,143.61,0,0.279,0,0,0
TXN109589,23.31,17,5.07,19.61,1,0.369,0,1,0
TXN109590,129.43,9,4.97,224.83,1,0.215,0,1,0
TXN109591,164.81,22,3.32,65.59,0,0.004,0,0,0
TXN109592,56.82,18,2.72,9.11,0,0.213,0,0,0
TXN109593,367.69,11,400.86,4.99,5,0.687,1,0,1
TXN109594,41.44,1,14.96,137.66,1,0.428,0,1,0
TXN109595,65.2,12,4.73,53.6,0,0.275,0,1,0
TXN109596,86.36,15,2.6,43.81,1,0.093,0,1,0
TXN109597,52.21,15,3.7,308.19,0,0.42,0,1,0
TXN109598,59.98,18,4.15,86.14,0,0.3,0,1,0
TXN109599,122.78,11,23.92,59.81,0,0.33,0,0,0
TXN109600,243.96,0,2.21,18.51,0,0.243,0,1,0
TXN109601,83.58,20,6.87,20.19,1,0.512,0,1,0
TXN109602,321.89,0,8.11,40.72,1,0.164,0,1,0
TXN109603,75.17,11,2.87,429.9,2,0.23,0,1,0
TXN109604,45.28,2,13.99,141.88,0,0.336,0,1,0
TXN109605,84.15,11,5.25,169.68,0,0.325,0,1,0
TXN109606,50.72,18,3.39,31.44,1,0.395,0,1,0
TXN109607,84.21,18,7.85,65.91,0,0.084,0,1,0
TXN109608,794.7396643338938,18,9.908472566626887,10.98,1,0.5953561225057253,0,1,0
TXN109609,37.52,15,1.18,15.0,0,0.144,1,1,0
TXN109610,29.68,11,12.32,137.29,0,0.186,0,1,0
TXN109611,154.95,11,4.73,23.8,1,0.34,0,1,0
TXN109612,30.91,1,0.54,302.23,1,0.322,1,1,0
TXN109613,41.58,14,6.28,176.09,0,0.407,0,1,0
TXN109614,15.5,15,12.77,21.11,0,0.421,0,1,0
TXN109615,73.83,17,11.05,27.46,2,0.218,0,0,0
TXN109616,23.41,8,7.19,73.37,0,0.24,0,1,0
TXN109617,336.12,4,152.16,0.87,1,0.73,1,0,1
TXN109618,648.46,19,226.35,1.56,3,0.87,0,0,1
TXN109619,5.54,20,0.96,473.42,1,0.264,0,1,0
TXN109620,58.8,16,3.37,118.16,0,0.427,0,1,0
TXN109621,39.3,14,20.53,199.99,0,0.407,0,1,0
TXN109622,21.5,14,0.21,201.67,1,0.163,1,1,0
TXN109623,41.56,12,10.95,139.7,0,0.091,0,1,0
TXN109624,179.11,18,5.97,35.43,0,0.458,0,1,0
TXN109625,43.47,20,8.22,37.24,0,0.178,1,0,0
TXN109626,61.51,14,1.59,8.75,0,0.464,0,1,0
TXN109627,22.49,13,3.58,40.7,1,0.442,0,0,0
TXN109628,8.45,5,7.06,126.39,0,0.482,0,0,0
TXN109629,62.35,11,5.94,47.07,0,0.397,0,1,0
TXN109630,37.43,7,0.75,508.41,0,0.07,0,1,0
TXN109631,114.66,11,5.57,52.72,0,0.559,0,1,0
TXN109632,65.0,23,25.92,42.23,0,0.079,0,0,0
TXN109633,91.74,20,32.63,177.33,0,0.13,0,1,0
TXN109634,20.68,17,9.16,295.92,0,0.371,0,0,0
TXN109635,31.92,19,9.23,574.68,0,0.288,0,1,0
TXN109636,361.65,18,183.69,2.78,4,0.759,1,0,1
TXN109637,75.84,14,4.91,177.44,1,0.303,0,0,0
TXN109638,40.4,13,5.01,64.75,0,0.594,0,1,0
TXN109639,40.96,11,4.0,59.7,2,0.392,0,1,0
TXN109640,61.29,3,1.77,82.7,0,0.175,0,1,0
TXN109641,207.97,14,3.4,44.14,1,0.186,0,1,0
TXN109642,117.44,21,17.39,215.21,1,0.31,0,1,0
TXN109643,77.89,1,11.59,205.86,0,0.101,0,1,0
TXN109644,66.22,15,0.35,336.84,1,0.14,0,1,0
TXN109645,195.88,20,7.51,246.33,0,0.353,0,1,0
TXN109646,74.08,15,2.81,138.85,1,0.371,0,0,0
TXN109647,416.9688551239152,19,76.52046270251749,51.15,1,0.598469721312505,0,0,0
TXN109648,227.39,14,5.39,8.27,0,0.252,0,1,0
TXN109649,123.5017695239912,0,21.137642525427868,10.74,0,0.7554939881036815,0,1,0
TXN109650,52.08,5,5.3,75.56,0,0.173,0,1,0
TXN109651,14.19,15,6.28,50.93,0,0.545,0,1,0
TXN109652,48.64,16,0.06,160.22,0,0.429,0,1,0
TXN109653,16.27,8,5.97,178.68,1,0.352,0,1,0
TXN109654,97.92,20,7.26,48.34,0,0.122,0,1,0
TXN109655,135.0,20,5.36,107.29,0,0.294,0,1,0
TXN109656,5.45,11,12.77,104.8,1,0.253,0,0,0
TXN109657,49.97,20,8.9,89.34,0,0.295,0,1,0
TXN109658,76.55,0,10.96,63.57,1,0.345,0,1,0
TXN109659,90.19,17,16.36,6.96,1,0.374,0,1,0
TXN109660,112.57,2,6.47,719.7,0,0.626,0,0,0
TXN109661,33.24,15,19.15,199.67,1,0.365,0,1,0
TXN109662,152.51,17,15.6,150.13,0,0.126,0,0,0
TXN109663,79.19,15,27.81,485.48,0,0.634,0,1,0
TXN109664,12.57,17,15.56,154.64,0,0.36,0,1,0
TXN109665,725.2228938095008,11,27.13911661514849,32.3,2,0.6787563313784102,0,1,0
TXN109666,53.61,8,11.03,113.05,2,0.398,1,1,0
TXN109667,147.11,2,5.34,231.04,0,0.593,0,1,0
TXN109668,115.7,3,1.48,186.06,0,0.144,1,1,0
TXN109669,257.77,10,2.29,16.38,0,0.341,0,1,0
TXN109670,47.26,12,10.12,58.69,0,0.2,1,1,0
TXN109671,114.59,9,5.73,289.49,1,0.377,0,0,0
TXN109672,63.9,6,8.18,60.38,1,0.21,0,1,0
TXN109673,40.94,16,7.0,102.9,2,0.216,0,1,0
TXN109674,45.63,10,8.2,95.66,0,0.292,0,1,0
TXN109675,125.66,13,3.67,69.45,0,0.293,0,1,0
TXN109676,261.42,15,11.76,77.69,0,0.452,0,1,0
TXN109677,15.4,11,5.43,34.53,1,0.215,0,1,0
TXN109678,201.14,9,11.49,116.83,1,0.214,0,1,0
TXN109679,47.08,9,5.28,41.01,0,0.137,0,0,0
TXN109680,113.81,10,5.18,237.68,1,0.059,0,1,0
TXN109681,54.84,18,14.29,42.1,1,0.608,0,1,0
TXN109682,140.25,18,0.56,24.73,0,0.171,0,1,0
TXN109683,70.34,5,2.59,113.48,0,0.244,0,1,0
TXN109684,133.93753204036403,22,142.8308477130483,85.09,0,0.5147083945676291,0,1,0
TXN109685,1.13,9,20.22,69.9,2,0.579,1,0,0
TXN109686,61.91,14,24.34,67.65,0,0.088,0,1,0
TXN109687,28.57,18,0.43,75.69,1,0.437,0,1,0
TXN109688,24.28,14,9.62,179.18,0,0.293,0,1,0
TXN109689,104.25,4,14.03,56.35,0,0.275,0,1,0
TXN109690,38.74,17,0.45,78.05,0,0.456,0,1,0
TXN109691,26.05,9,8.22,75.86,0,0.402,0,1,0
TXN109692,119.98,2,2.43,26.17,0,0.262,0,1,0
TXN109693,38.02,13,18.26,37.88,0,0.155,0,1,0
TXN109694,45.71,3,6.84,123.21,0,0.249,0,0,0
TXN109695,26.98,12,13.57,4.0,0,0.099,0,0,0
TXN109696,47.81,9,4.51,105.46,1,0.473,0,1,0
TXN109697,37.6886259388771,23,45.31368445367533,33.32,2,0.578191242330625,0,0,0
TXN109698,57.86,15,8.41,62.69,0,0.426,0,1,0
TXN109699,27.92,19,4.94,394.81,0,0.303,0,1,0
TXN109700,88.7,10,8.42,27.85,0,0.149,1,1,0
TXN109701,47.0,11,10.7,162.54,0,0.078,0,1,0
TXN109702,70.51,15,21.5,303.96,0,0.356,0,0,0
TXN109703,16.95,15,6.95,17.25,0,0.21,0,1,0
TXN109704,200.17,19,42.5,26.22,1,0.454,0,1,0
TXN109705,18.38,10,8.4,231.69,1,0.242,0,1,0
TXN109706,259.7316536246524,18,31.32783438850199,343.48,0,0.6383248366591996,0,0,0
TXN109707,251.33871115128184,17,32.85460455520132,113.57,1,0.7941820588090793,0,1,0
TXN109708,89.29,17,0.19,303.38,0,0.502,0,1,0
TXN109709,33.12,7,3.37,465.76,0,0.261,0,1,0
TXN109710,48.79,18,0.6,71.1,1,0.405,0,1,0
TXN109711,159.68,7,2.23,270.32,0,0.292,1,0,0
TXN109712,102.67,5,11.84,225.51,0,0.313,0,1,0
TXN109713,28.73,10,3.52,49.04,0,0.354,0,1,0
TXN109714,52.73,14,4.57,18.0,0,0.678,0,1,0
TXN109715,27.84,18,12.29,100.54,1,0.511,0,1,0
TXN109716,85.69,11,4.7,19.1,0,0.154,0,1,0
TXN109717,23.7,20,0.58,20.44,1,0.131,0,1,0
TXN109718,57.2,11,6.12,48.43,0,0.597,0,1,0
TXN109719,118.11,20,2.09,32.67,0,0.305,0,0,0
TXN109720,76.11,15,3.33,17.72,0,0.333,0,1,0
TXN109721,39.56,17,1.29,62.03,0,0.177,0,0,0
TXN109722,134.71,18,5.15,94.53,1,0.384,0,1,0
TXN109723,73.46,10,5.72,9.73,0,0.171,0,1,0
TXN109724,239.63,5,7.94,42.64,0,0.214,1,1,0
TXN109725,27.52,20,6.94,130.41,1,0.635,0,1,0
TXN109726,87.6,15,0.79,3.13,0,0.332,0,0,0
TXN109727,104.91,5,18.63,5.46,0,0.133,0,1,0
TXN109728,34.94,15,1.81,41.41,0,0.234,0,0,0
TXN109729,90.64,17,3.44,303.22,0,0.233,0,1,0
TXN109730,154.83,19,1.65,3.32,2,0.527,0,1,0
TXN109731,58.16,11,8.1,36.22,0,0.435,0,0,0
TXN109732,31.33,19,1.07,17.42,0,0.581,0,1,0
TXN109733,161.73,9,6.89,214.76,0,0.192,0,0,0
TXN109734,274.41,0,198.98,3.9,0,0.898,0,0,1
TXN109735,221.18,0,8.91,15.33,0,0.239,0,0,0
TXN109736,166.26,19,18.0,23.75,0,0.36,0,1,0
TXN109737,582.6200609062753,16,124.47444329734893,9.36,1,0.7287816383777176,0,1,0
TXN109738,140.72,1,2.54,76.65,0,0.463,0,0,0
TXN109739,9.32,18,4.27,299.68,0,0.294,0,1,0
TXN109740,52.91,14,16.21,264.83,0,0.276,1,1,0
TXN109741,7.07,22,2.26,69.53,0,0.427,0,0,0
TXN109742,22.86,15,0.38,400.73,0,0.291,0,0,0
TXN109743,60.15,10,2.74,349.13,2,0.567,0,1,0
TXN109744,49.87,12,13.46,20.43,0,0.318,0,0,0
TXN109745,60.09,12,8.94,108.3,0,0.38,0,1,0
TXN109746,62.04,2,6.07,116.02,0,0.139,0,0,0
TXN109747,86.15,12,2.95,116.54,0,0.09,0,1,0
TXN109748,31.82,20,1.19,110.56,0,0.417,0,1,0
TXN109749,51.0,19,5.94,49.84,0,0.368,0,1,0
TXN109750,56.43,10,5.59,219.3,1,0.183,0,1,0
TXN109751,57.15,14,22.34,444.58,1,0.14,0,1,0
TXN109752,91.33,1,3.05,758.8,0,0.283,1,1,0
TXN109753,83.17,5,279.06,4.22,6,0.53,1,0,1
TXN109754,61.77,9,9.85,314.12,3,0.669,1,0,0
TXN109755,141.69,20,6.99,73.44,0,0.616,0,1,0
TXN109756,21.0,8,3.04,43.82,0,0.207,1,1,0
TXN109757,41.48,15,6.18,93.61,0,0.173,0,1,0
TXN109758,73.06,12,4.43,35.04,0,0.469,0,1,0
TXN109759,187.11,12,14.55,173.06,0,0.016,0,0,0
TXN109760,90.6,8,14.46,268.93,1,0.261,0,1,0
TXN109761,54.95,21,0.06,121.64,0,0.311,0,0,0
TXN109762,60.48,12,18.65,42.34,0,0.359,0,1,0
TXN109763,58.57,5,10.78,4.97,1,0.092,0,1,0
TXN109764,162.98,10,6.12,91.27,0,0.25,0,0,0
TXN109765,27.4,1,2.46,238.51,1,0.236,0,1,0
TXN109766,66.69,10,0.69,386.78,0,0.296,0,0,0
TXN109767,338.12,16,16.09,55.88,0,0.231,0,1,0
TXN109768,114.91,4,11.7,48.48,0,0.212,0,1,0
TXN109769,80.18,21,9.34,218.59,0,0.148,0,1,0
TXN109770,8.13,14,8.18,86.79,1,0.122,0,1,0
TXN109771,78.69,17,5.68,16.0,2,0.207,0,1,0
TXN109772,91.02,20,3.96,81.0,0,0.438,0,1,0
TXN109773,125.19,18,6.21,41.06,0,0.019,1,1,0
TXN109774,79.3,16,10.66,187.38,1,0.507,0,0,0
TXN109775,222.43849600504453,23,128.62709853043924,0.91,0,0.6344349445080881,0,0,0
TXN109776,59.41,12,5.92,50.33,0,0.373,0,0,0
TXN109777,7.09,9,16.26,87.66,0,0.64,0,1,0
TXN109778,72.49,14,8.19,192.65,0,0.652,0,1,0
TXN109779,184.34068587128465,14,20.296536468119456,31.02,1,0.5068949271861045,0,1,0
TXN109780,239.74,13,14.66,105.74,1,0.152,0,0,0
TXN109781,63.31,0,2.48,38.43,0,0.201,0,1,0
TXN109782,695.82,3,231.84,2.5,3,0.772,0,0,1
TXN109783,8.16,14,7.29,34.82,0,0.249,0,1,0
TXN109784,68.6,7,6.06,18.9,1,0.522,0,1,0
TXN109785,187.92,3,166.5,8.62,3,0.655,1,0,1
TXN109786,158.76,17,12.45,23.03,0,0.253,0,1,0
TXN109787,114.44,20,23.26,75.13,0,0.076,0,1,0
TXN109788,16.54,15,10.95,29.13,0,0.142,0,1,0
TXN109789,23.08,17,1.31,89.11,0,0.401,0,1,0
TXN109790,119.42,13,5.51,2.89,0,0.373,0,1,0
TXN109791,93.13,13,5.63,12.59,0,0.256,0,1,0
TXN109792,132.08,17,9.29,0.65,1,0.171,1,1,0
TXN109793,116.12,14,20.69,155.23,0,0.324,0,0,0
TXN109794,127.18,19,23.52,48.81,0,0.182,0,1,0
TXN109795,4.01,9,2.25,428.39,2,0.287,0,1,0
TXN109796,59.42,15,9.7,182.5,0,0.223,0,1,0
TXN109797,167.2,18,2.87,62.66,0,0.032,1,1,0
TXN109798,138.87,19,6.06,37.51,0,0.611,1,1,0
TXN109799,117.25,12,6.15,68.0,0,0.171,0,1,0
TXN109800,20.9,13,6.19,648.54,2,0.158,0,1,0
TXN109801,5.92,15,0.82,156.46,0,0.256,0,0,0
TXN109802,150.85,23,13.7,180.16,1,0.603,0,1,0
TXN109803,433.11114067794153,12,12.686445700344064,43.3,1,0.6384386025505496,0,1,0
TXN109804,31.07,21,3.79,296.52,2,0.565,0,0,0
TXN109805,54.4,13,2.34,64.38,0,0.559,0,1,0
TXN109806,32.09,9,32.7,42.7,0,0.298,0,1,0
TXN109807,34.19,17,5.74,142.15,1,0.209,0,1,0
TXN109808,64.28,12,1.8,43.35,1,0.274,0,1,0
TXN109809,42.39,11,13.51,155.26,1,0.153,0,1,0
TXN109810,28.47,11,3.9,147.56,1,0.439,0,1,0
TXN109811,227.8,1,1.05,78.26,0,0.246,0,1,0
TXN109812,45.88,17,4.43,21.93,0,0.092,1,1,0
TXN109813,96.51,19,11.33,177.15,0,0.099,0,1,0
TXN109814,385.09029223385954,11,63.57642390554821,135.17,0,0.701144656149195,0,1,0
TXN109815,72.44,19,2.63,129.02,0,0.294,0,0,0
TXN109816,199.3,14,1.43,16.72,0,0.227,0,1,0
TXN109817,26.45,3,5.51,341.3,0,0.252,0,1,0
TXN109818,81.48734466531745,0,24.22122854743339,32.66,0,0.6938626020180141,0,0,0
TXN109819,93.5,12,7.78,11.63,1,0.02,0,1,0
TXN109820,25.6,12,2.13,275.04,0,0.393,0,1,0
TXN109821,63.64,17,4.4,58.18,0,0.07,0,1,0
TXN109822,52.45,6,6.99,152.73,0,0.461,0,1,0
TXN109823,123.27,18,3.01,87.65,0,0.479,0,1,0
TXN109824,270.09523437618213,19,241.37058197661446,138.58,1,0.6811413631201854,0,1,0
TXN109825,70.85,8,9.21,35.82,1,0.301,0,0,0
TXN109826,121.88,7,0.73,246.5,1,0.236,0,0,0
TXN109827,21.53,18,6.39,85.21,0,0.185,1,0,0
TXN109828,96.12,18,5.73,4.45,0,0.191,1,1,0
TXN109829,28.42,10,9.5,8.99,0,0.336,0,1,0
TXN109830,212.96,13,20.16,393.79,0,0.187,0,1,0
TXN109831,8.96,15,3.57,2.11,0,0.458,0,1,0
TXN109832,105.71,15,27.76,714.45,0,0.409,0,0,0
TXN109833,51.7,23,7.06,117.77,2,0.148,0,1,0
TXN109834,78.65,13,7.07,109.39,1,0.389,0,1,0
TXN109835,72.02,11,8.52,124.4,2,0.057,0,1,0
TXN109836,41.78,0,2.37,36.8,0,0.333,0,1,0
TXN109837,27.92,18,0.96,62.47,1,0.459,0,1,0
TXN109838,5.82,18,11.45,5.53,0,0.076,0,1,0
TXN109839,53.72,12,1.04,15.11,0,0.553,0,1,0
TXN109840,32.31,2,561.9,15.76,3,0.66,0,0,1
TXN109841,107.61,23,13.14,86.74,0,0.174,0,1,0
TXN109842,53.39,11,6.11,203.97,0,0.25,0,1,0
TXN109843,69.22,10,0.19,338.7,0,0.29,0,0,0
TXN109844,42.24,17,4.7,172.91,0,0.188,0,0,0
TXN109845,106.16,18,10.09,96.25,0,0.28,0,1,0
TXN109846,618.05,1,233.25,0.91,4,0.748,1,0,1
TXN109847,22.62,5,18.12,1087.6,1,0.337,0,1,0
TXN109848,154.32,12,21.57,273.3,0,0.181,0,1,0
TXN109849,75.96,2,4.68,17.51,1,0.174,0,1,0
TXN109850,95.23,8,5.72,80.46,0,0.222,1,1,0
TXN109851,126.26,5,5.72,200.62,0,0.156,0,1,0
TXN109852,62.68,6,6.09,60.25,0,0.245,0,1,0
TXN109853,60.35,16,3.11,113.79,0,0.432,0,1,0
TXN109854,44.05,20,2.93,214.81,0,0.371,0,1,0
TXN109855,12.07,10,4.16,269.41,0,0.4,1,1,0
TXN109856,572.66,23,89.08,5.54,1,0.939,0,0,1
TXN109857,50.55,5,3.85,13.04,1,0.286,0,1,0
TXN109858,138.03,19,19.14,21.46,1,0.107,0,1,0
TXN109859,16.99,1,11.55,138.3,0,0.561,0,1,0
TXN109860,143.7,13,9.32,473.56,0,0.054,0,1,0
TXN109861,64.53,14,4.41,14.57,0,0.112,0,1,0
TXN109862,34.04,17,2.22,39.21,1,0.135,0,0,0
TXN109863,103.57,12,21.49,92.55,0,0.445,0,1,0
TXN109864,248.44,14,5.06,319.85,0,0.321,0,1,0
TXN109865,125.36,19,1.17,31.46,1,0.408,0,1,0
TXN109866,247.19,4,8.28,87.46,0,0.24,0,1,0
TXN109867,55.59,18,15.59,42.61,0,0.614,0,1,0
TXN109868,107.76,13,17.0,6.64,0,0.224,0,1,0
TXN109869,49.73,2,1.08,155.96,0,0.169,0,1,0
TXN109870,63.11,15,3.52,152.14,0,0.528,0,1,0
TXN109871,28.23,18,6.23,174.69,1,0.426,0,0,0
TXN109872,76.02,3,1.5,45.97,1,0.329,0,1,0
TXN109873,114.62,13,4.01,7.96,0,0.259,0,0,0
TXN109874,90.72,10,4.39,73.24,1,0.248,0,1,0
TXN109875,44.47,8,24.25,46.37,0,0.287,0,1,0
TXN109876,88.93,19,5.14,148.51,0,0.209,0,0,0
TXN109877,76.31,15,15.32,75.41,0,0.125,0,0,0
TXN109878,40.03,10,23.74,294.76,0,0.16,0,1,0
TXN109879,192.23,15,3.69,212.13,0,0.321,0,1,0
TXN109880,76.97,17,2.8,8.15,0,0.341,0,0,0
TXN109881,138.15,22,3.59,33.17,0,0.361,0,1,0
TXN109882,181.99,1,18.81,55.8,0,0.084,0,1,0
TXN109883,185.1,11,3.36,128.07,0,0.109,0,1,0
TXN109884,168.35,8,2.02,214.11,1,0.588,0,1,0
TXN109885,53.39,2,7.8,63.21,0,0.181,0,0,0
TXN109886,46.44,19,9.28,61.91,0,0.125,1,1,0
TXN109887,38.96,11,1.24,18.39,0,0.18,0,1,0
TXN109888,92.07,3,7.05,182.73,0,0.209,0,0,0
TXN109889,73.04,4,7.32,28.34,0,0.304,0,1,0
TXN109890,263.87983046517473,17,17.128421901299337,75.81,0,0.6691300550877642,0,1,0
TXN109891,47.97,9,6.36,133.28,1,0.454,0,1,0
TXN109892,62.46,6,6.54,52.95,0,0.062,0,1,0
TXN109893,69.46,21,0.94,146.54,1,0.418,0,1,0
TXN109894,51.05,18,2.78,55.19,0,0.442,0,1,0
TXN109895,90.42,2,119.82,10.4,3,0.579,0,1,1
TXN109896,68.75091391331203,18,56.36236341042265,36.32,3,0.533215543211331,0,1,0
TXN109897,130.86,17,18.2,503.09,0,0.176,0,1,0
TXN109898,97.78,11,1.97,67.02,1,0.554,0,1,0
TXN109899,98.37,2,13.48,50.66,0,0.322,0,1,0
TXN109900,169.55,22,1.99,297.99,0,0.079,0,1,0
TXN109901,3.11,8,8.49,44.2,0,0.087,0,1,0
TXN109902,21.32,10,5.17,84.01,0,0.342,0,1,0
TXN109903,182.07,1,6.26,20.99,0,0.086,0,1,0
TXN109904,74.54,0,19.52,136.32,1,0.575,0,1,0
TXN109905,81.71,15,3.04,95.1,1,0.289,0,1,0
TXN109906,65.39,22,7.86,65.06,0,0.432,0,1,0
TXN109907,46.95,8,15.25,38.52,0,0.102,0,1,0
TXN109908,5.28,12,10.41,15.69,0,0.248,0,1,0
TXN109909,64.06,2,4.56,64.42,0,0.102,0,1,0
TXN109910,20.65,10,16.04,61.94,0,0.255,0,0,0
TXN109911,6.42,11,6.78,189.28,0,0.077,0,1,0
TXN109912,27.04,12,2.68,104.39,0,0.232,0,0,0
TXN109913,135.45,3,12.03,76.79,1,0.518,0,1,0
TXN109914,42.69,12,17.28,154.9,0,0.463,0,1,0
TXN109915,186.83,20,7.35,34.03,1,0.222,0,1,0
TXN109916,257.93,15,0.76,278.2,0,0.506,0,0,0
TXN109917,354.47,7,144.07,20.75,7,0.893,1,0,1
TXN109918,72.81,13,1.41,45.93,0,0.326,0,1,0
TXN109919,103.44,20,4.8,131.14,1,0.284,0,1,0
TXN109920,78.73,13,3.36,262.1,0,0.24,0,0,0
TXN109921,56.88,17,6.89,57.34,0,0.351,0,1,0
TXN109922,133.45,19,3.28,42.78,1,0.352,0,0,0
TXN109923,46.99,13,1.54,66.12,0,0.049,0,0,0
TXN109924,120.13,12,4.97,80.51,0,0.106,0,1,0
TXN109925,68.82,15,0.68,55.38,0,0.197,0,0,0
TXN109926,134.08264089746004,18,98.13915511948571,233.86,1,0.6086495217532457,0,0,0
TXN109927,114.87,16,9.6,227.55,0,0.229,0,1,0
TXN109928,49.97,12,2.17,317.1,0,0.412,0,0,0
TXN109929,66.72,20,20.45,36.71,0,0.125,0,1,0
TXN109930,115.49,13,0.09,97.33,0,0.173,0,1,0
TXN109931,154.5449166534965,20,60.54932856504669,143.02,2,0.556838453104121,0,1,0
TXN109932,20.81,14,13.06,28.6,0,0.307,0,1,0
TXN109933,76.16,3,3.42,90.77,0,0.17,0,1,0
TXN109934,97.5,9,5.4,142.37,1,0.537,0,0,0
TXN109935,19.92,9,1.06,293.59,1,0.412,0,1,0
TXN109936,91.45,20,1.04,47.22,0,0.271,0,1,0
TXN109937,55.5,16,3.49,88.73,0,0.686,0,1,0
TXN109938,97.76,20,3.82,305.14,1,0.3,0,1,0
TXN109939,70.86,1,9.61,144.06,0,0.212,0,1,0
TXN109940,87.61,16,1.15,172.67,0,0.292,0,1,0
TXN109941,56.76,6,9.36,63.81,1,0.282,0,1,0
TXN109942,37.25,2,1.92,80.23,0,0.195,0,1,0
TXN109943,69.05,10,5.66,191.98,0,0.306,0,1,0
TXN109944,136.12806384534443,13,103.18788580507753,19.39,0,0.742896656353519,0,1,0
TXN109945,48.25,16,4.43,108.07,2,0.366,0,1,0
TXN109946,183.23,19,4.72,215.6,2,0.186,0,1,0
TXN109947,167.42,12,8.02,267.39,1,0.387,0,1,0
TXN109948,47.15,9,5.83,133.32,1,0.457,0,1,0
TXN109949,16.88,15,7.8,92.15,0,0.623,0,0,0
TXN109950,65.39,11,11.66,535.54,0,0.553,0,1,0
TXN109951,23.17,6,5.41,11.37,0,0.368,0,1,0
TXN109952,100.77,2,2.24,17.07,0,0.08,0,1,0
TXN109953,129.91,16,3.4,0.88,0,0.265,0,1,0
TXN109954,92.3,21,3.66,175.49,0,0.056,0,1,0
TXN109955,92.3,20,14.75,174.25,1,0.217,0,1,0
TXN109956,33.7,12,0.29,269.03,0,0.364,0,1,0
TXN109957,54.44500298312078,5,106.15067539052252,65.62,0,0.5479682226978039,0,0,0
TXN109958,48.2,0,1.56,114.22,0,0.593,0,1,0
TXN109959,88.4,9,9.41,43.41,0,0.188,0,1,0
TXN109960,879.0365412835181,5,36.733371078921934,45.82,0,0.6650240996964132,0,1,0
TXN109961,23.83,22,12.62,31.61,0,0.259,0,1,0
TXN109962,162.09,5,2.01,144.76,1,0.105,0,1,0
TXN109963,96.4,12,27.27,85.6,1,0.199,0,1,0
TXN109964,66.63,17,5.26,56.4,1,0.449,0,1,0
TXN109965,161.71,9,2.1,223.16,0,0.402,0,1,0
TXN109966,87.29,17,10.53,145.83,0,0.634,0,1,0
TXN109967,31.06,9,13.04,106.42,1,0.193,0,1,0
TXN109968,105.29,13,1.68,372.04,0,0.162,0,0,0
TXN109969,85.6,15,2.14,126.49,1,0.41,1,1,0
TXN109970,67.52,17,12.97,191.01,0,0.077,0,1,0
TXN109971,248.05,19,21.6,70.04,1,0.076,0,1,0
TXN109972,71.14,13,14.91,336.92,0,0.472,0,1,0
TXN109973,71.98,21,7.33,61.97,1,0.08,0,1,0
TXN109974,124.89,14,10.97,56.7,1,0.125,0,1,0
TXN109975,69.27,12,4.01,78.5,1,0.337,0,1,0
TXN109976,35.79,9,8.06,21.45,0,0.124,0,0,0
TXN109977,155.33,10,21.66,167.83,0,0.318,0,0,0
TXN109978,10.58,10,19.57,6.88,1,0.26,0,0,0
TXN109979,98.33,6,2.67,3.2,1,0.128,0,1,0
TXN109980,177.8482666002172,10,31.07925631147527,54.03,0,0.7398237123965824,0,0,0
TXN109981,44.57,12,2.4,327.01,1,0.279,0,1,0
TXN109982,26.45,11,1.81,165.53,0,0.266,0,1,0
TXN109983,120.29,20,4.88,4.82,0,0.132,0,1,0
TXN109984,100.3,3,14.14,39.65,0,0.092,0,1,0
TXN109985,155.47,19,11.17,212.47,0,0.432,0,0,0
TXN109986,49.18,14,10.59,92.13,0,0.29,0,0,0
TXN109987,69.55,11,31.51,158.43,0,0.404,1,1,0
TXN109988,105.81,20,0.65,111.79,0,0.75,0,1,0
TXN109989,143.78,19,4.24,179.19,0,0.281,0,1,0
TXN109990,183.01,9,7.87,88.23,1,0.073,0,1,0
TXN109991,82.25,10,4.98,12.19,0,0.25,0,1,0
TXN109992,50.43,16,4.6,72.95,0,0.185,0,0,0
TXN109993,67.18,14,1.98,29.69,0,0.101,0,0,0
TXN109994,47.23,11,5.82,10.32,1,0.332,0,1,0
TXN109995,128.2,16,8.79,49.16,0,0.147,1,0,0
TXN109996,110.16,6,2.04,213.67,0,0.378,0,1,0
TXN109997,331.31,7,6.58,99.2,0,0.381,0,1,0
TXN109998,55.39,1,6.88,30.33,0,0.414,0,1,0
TXN109999,28.41,18,5.77,202.08,0,0.16,0,1,0
TXN110000,33.83,3,12.28,28.0,0,0.447,0,1,0
TXN110001,47.23,15,17.75,58.95,0,0.126,0,1,0
TXN110002,179.9196488532719,19,158.34581235647664,80.0,0,0.6436807913926448,0,1,0
TXN110003,19.03,8,3.24,39.32,1,0.431,0,1,0
TXN110004,50.67,17,4.71,242.21,0,0.228,0,1,0
TXN110005,101.61,15,7.18,143.32,0,0.443,0,1,0
TXN110006,29.31,11,10.08,517.07,0,0.378,0,1,0
TXN110007,21.8,3,20.69,88.83,2,0.475,0,1,0
TXN110008,54.63,9,3.24,35.95,1,0.343,0,1,0
TXN110009,127.66,7,11.75,146.24,1,0.159,0,1,0
TXN110010,91.5,21,11.34,144.89,0,0.436,0,1,0
TXN110011,127.29,5,3.56,497.43,0,0.533,0,1,0
TXN110012,132.08,12,2.95,285.33,0,0.281,0,1,0
TXN110013,173.01,13,3.39,36.18,0,0.259,0,1,0
TXN110014,56.8,19,1.54,108.74,0,0.239,0,1,0
TXN110015,70.77,15,8.6,91.49,1,0.331,0,1,0
TXN110016,64.74,13,2.64,163.62,0,0.272,0,0,0
TXN110017,55.79,17,14.21,35.61,0,0.108,0,1,0
TXN110018,325.69,14,5.78,104.33,0,0.471,0,1,0
TXN110019,112.68,2,5.11,8.44,0,0.141,0,1,0
TXN110020,11.73,15,13.75,156.81,0,0.321,0,1,0
TXN110021,150.07258032004194,17,59.53042062770527,255.76,0,0.6585821504820272,0,1,0
TXN110022,81.25,19,0.47,90.44,0,0.401,0,1,0
TXN110023,116.84,16,1.0,164.5,1,0.189,0,1,0
TXN110024,6.2,16,1.99,152.77,0,0.163,0,0,0
TXN110025,166.35,12,6.96,59.63,0,0.169,0,1,0
TXN110026,106.0,3,0.47,137.27,0,0.139,1,1,0
TXN110027,152.01,11,1.57,77.21,0,0.194,0,0,0
TXN110028,141.28,20,4.89,16.63,0,0.105,0,1,0
TXN110029,256.7958669479471,10,53.016591958741905,33.4,0,0.5271723406408344,0,1,0
TXN110030,32.09,8,1.67,36.86,0,0.31,0,1,0
TXN110031,144.56,16,5.81,80.56,1,0.033,0,0,0
TXN110032,41.09,10,2.84,99.3,1,0.216,0,1,0
TXN110033,14.49,18,17.54,447.02,2,0.137,0,1,0
TXN110034,81.56,9,2.57,148.61,0,0.831,0,1,0
TXN110035,33.11,10,2.77,393.44,1,0.541,0,1,0
TXN110036,54.14,16,3.48,90.51,0,0.278,0,0,0
TXN110037,182.02,20,0.76,117.2,0,0.245,0,1,0
TXN110038,58.77,8,0.61,226.24,1,0.276,0,1,0
TXN110039,84.93,16,5.62,20.87,0,0.604,1,0,0
TXN110040,530.18,10,187.1,2.99,4,0.577,1,0,1
TXN110041,61.15,20,3.96,47.68,0,0.457,0,0,0
TXN110042,13.94,12,14.14,127.93,0,0.084,0,1,0
TXN110043,59.02,12,10.6,127.19,0,0.291,0,1,0
TXN110044,106.7,4,0.92,100.59,0,0.189,0,1,0
TXN110045,148.9,3,4.7,105.52,0,0.128,0,1,0
TXN110046,90.15,10,14.4,6.33,0,0.177,0,0,0
TXN110047,153.99,21,2.04,32.56,0,0.098,0,1,0
TXN110048,184.15,14,15.48,85.21,0,0.2,0,0,0
TXN110049,29.32,17,12.49,26.16,1,0.085,0,1,0
TXN110050,86.81,14,8.77,103.46,0,0.108,0,0,0
TXN110051,85.6,4,1.02,74.67,0,0.342,0,1,0
TXN110052,612.48,5,198.56,5.22,2,0.819,1,0,1
TXN110053,43.1,15,5.29,21.26,0,0.522,0,1,0
TXN110054,19.04,9,25.3,72.37,0,0.183,0,1,0
TXN110055,200.99,18,5.73,108.3,0,0.456,0,1,0
TXN110056,32.06,19,4.26,288.3,0,0.208,0,1,0
TXN110057,46.95,17,6.16,299.33,1,0.594,0,0,0
TXN110058,82.25,17,12.43,193.09,0,0.353,0,1,0
TXN110059,45.07,11,10.15,179.69,0,0.586,0,1,0
TXN110060,59.43,17,12.74,364.78,0,0.172,0,0,0
TXN110061,103.7,10,5.16,76.11,0,0.353,0,0,0
TXN110062,153.73,1,5.17,284.37,0,0.315,0,1,0
TXN110063,126.45,12,8.24,141.85,0,0.045,0,1,0
TXN110064,49.7,3,13.23,83.68,0,0.277,0,1,0
TXN110065,33.58,22,2.83,206.12,0,0.105,0,0,0
TXN110066,174.16,15,1.98,41.25,1,0.12,0,1,0
TXN110067,141.74,8,1.06,134.59,0,0.05,0,1,0
TXN110068,56.39,16,10.65,154.99,0,0.056,1,1,0
TXN110069,26.544849694752326,3,19.89042582650214,62.03,0,0.6276751477400435,0,1,0
TXN110070,601.22,21,214.07,8.08,3,0.729,0,0,1
TXN110071,41.41,3,2.42,166.44,0,0.131,0,1,0
TXN110072,77.26,8,1.66,98.05,1,0.11,0,1,0
TXN110073,57.72,10,28.7,52.13,0,0.45,0,1,0
TXN110074,36.57,4,7.7,27.44,0,0.666,0,1,0
TXN110075,78.09,20,3.97,125.37,1,0.238,0,1,0
TXN110076,24.01,16,5.93,59.99,1,0.5,0,1,0
TXN110077,117.05,16,10.8,66.25,0,0.443,0,1,0
TXN110078,317.17682737225823,13,45.0492393179738,54.08,0,0.5809250593113889,0,1,0
TXN110079,23.11,14,8.2,53.5,0,0.477,0,1,0
TXN110080,148.75,9,4.73,80.99,0,0.271,0,0,0
TXN110081,158.24,7,7.33,5.37,0,0.352,0,1,0
TXN110082,14.63,12,0.62,76.29,0,0.225,0,0,0
TXN110083,183.25,10,4.36,68.87,0,0.411,0,1,0
TXN110084,71.17,19,6.03,2.29,0,0.131,0,1,0
TXN110085,39.42,14,10.66,127.31,0,0.182,0,1,0
TXN110086,16.59,4,9.97,210.25,0,0.451,0,1,0
TXN110087,31.24,1,2.9,32.32,0,0.134,0,1,0
TXN110088,100.9,16,4.22,100.2,0,0.512,0,0,0
TXN110089,53.61,14,8.28,32.22,2,0.311,0,1,0
TXN110090,48.57,12,4.15,131.69,0,0.426,0,1,0
TXN110091,16.95,16,0.97,55.76,1,0.133,0,1,0
TXN110092,105.17,20,3.3,12.25,0,0.415,0,1,0
TXN110093,52.22,11,1.69,30.26,1,0.205,0,0,0
TXN110094,166.68,16,0.21,90.13,1,0.104,0,1,0
TXN110095,177.717997264167,17,14.54864894562397,98.07,0,0.5719557175717241,0,1,0
TXN110096,26.02,18,3.78,157.96,0,0.051,0,1,0
TXN110097,14.21,13,4.49,291.05,1,0.686,0,0,0
TXN110098,34.89,10,25.11,40.0,1,0.179,1,1,0
TXN110099,62.11,13,2.41,260.55,0,0.107,1,1,0
TXN110100,96.67,15,9.45,200.06,1,0.509,0,0,0
TXN110101,172.14,0,2.12,189.86,0,0.371,0,1,0
TXN110102,178.75,9,6.01,206.96,1,0.043,0,1,0
TXN110103,56.19,10,14.28,191.72,1,0.054,1,1,0
TXN110104,12.68,21,14.16,214.53,0,0.417,0,1,0
TXN110105,177.98,13,8.48,11.02,0,0.121,0,1,0
TXN110106,155.3,19,11.86,70.38,0,0.108,0,1,0
TXN110107,141.15,1,4.38,3.45,0,0.045,0,1,0
TXN110108,27.47,22,9.8,86.77,0,0.162,0,0,0
TXN110109,59.21,14,5.65,77.95,2,0.355,0,1,0
TXN110110,114.0,8,2.79,401.94,0,0.299,0,1,0
TXN110111,108.94,9,1.84,32.32,0,0.112,0,1,0
TXN110112,52.1,5,9.07,23.4,0,0.243,0,1,0
TXN110113,57.445373594358706,8,31.102167447248107,5.35,0,0.6677272491000457,0,1,0
TXN110114,27.01,10,11.02,192.09,0,0.574,0,1,0
TXN110115,5.29,9,4.61,121.25,0,0.475,0,1,0
TXN110116,37.8,16,3.9,140.9,0,0.011,0,1,0
TXN110117,925.51,6,216.12,0.35,5,0.678,0,0,1
TXN110118,105.8,13,4.86,356.84,1,0.248,0,1,0
TXN110119,197.89,20,5.7,45.14,1,0.025,0,1,0
TXN110120,93.14,2,7.49,123.89,0,0.074,0,1,0
TXN110121,103.89,19,2.83,87.86,0,0.285,0,1,0
TXN110122,24.09,17,20.03,279.55,0,0.493,0,1,0
TXN110123,18.21,1,10.91,4.98,0,0.344,0,1,0
TXN110124,137.62,18,4.12,384.76,1,0.195,0,1,0
TXN110125,75.29,4,6.5,97.98,0,0.206,0,1,0
TXN110126,81.44,19,6.41,91.15,0,0.564,0,1,0
TXN110127,190.63,7,13.5,251.78,0,0.132,1,1,0
TXN110128,229.68,17,1.49,5.59,0,0.1,0,1,0
TXN110129,61.66,11,1.54,97.17,0,0.312,0,1,0
TXN110130,82.97897621827391,10,16.452534770264275,93.24,1,0.6464729441080646,0,1,0
TXN110131,172.4,8,15.42,140.37,0,0.243,0,1,0
TXN110132,167.87,3,13.61,21.46,0,0.115,0,1,0
TXN110133,20.63,15,10.64,197.3,1,0.209,0,1,0
TXN110134,138.48,19,1.56,66.88,1,0.152,0,1,0
TXN110135,99.15,5,1.56,148.11,1,0.151,0,1,0
TXN110136,59.93,15,0.37,209.44,1,0.261,0,0,0
TXN110137,66.66039530514627,7,100.19902740929129,44.39,1,0.526464108878664,0,1,0
TXN110138,38.02,22,5.22,241.53,1,0.107,0,1,0
TXN110139,98.8,17,10.79,239.71,2,0.175,0,1,0
TXN110140,50.2,16,5.56,36.57,0,0.298,0,0,0
TXN110141,39.08,7,10.97,134.92,0,0.378,0,1,0
TXN110142,31.44,15,7.02,170.61,0,0.361,0,1,0
TXN110143,30.39,4,10.21,130.72,0,0.331,0,1,0
TXN110144,17.24,15,7.71,65.47,0,0.515,0,1,0
TXN110145,140.56,20,0.29,225.9,0,0.088,0,1,0
TXN110146,81.52,9,4.96,146.97,0,0.097,0,1,0
TXN110147,168.67,11,11.28,73.14,0,0.391,0,1,0
TXN110148,161.41,17,18.3,94.77,0,0.292,0,0,0
TXN110149,23.42,16,6.68,22.52,0,0.142,0,0,0
TXN110150,85.69,11,0.83,184.92,1,0.269,0,1,0
TXN110151,124.23,3,7.0,30.53,3,0.064,0,0,0
TXN110152,29.24,20,13.0,45.71,1,0.345,0,1,0
TXN110153,273.3,14,8.1,258.11,0,0.231,0,1,0
TXN110154,13.21,14,10.76,61.55,1,0.12,0,1,0
TXN110155,3.24,13,10.36,53.56,1,0.498,0,1,0
TXN110156,114.05,16,1.62,108.44,0,0.196,0,1,0
TXN110157,100.66,2,3.81,326.58,0,0.47,0,0,0
TXN110158,15.31,15,17.02,153.72,0,0.129,0,1,0
TXN110159,9.67,19,4.57,200.67,2,0.032,0,1,0
TXN110160,27.63,20,2.82,122.78,0,0.175,0,1,0
TXN110161,90.88,12,12.7,206.47,0,0.274,0,1,0
TXN110162,48.89,16,3.37,115.55,0,0.301,0,1,0
TXN110163,106.46,19,16.1,382.8,2,0.117,0,1,0
TXN110164,11.78,23,15.25,193.67,0,0.296,0,1,0
TXN110165,9.2,13,1.92,9.9,0,0.159,0,1,0
TXN110166,151.13,8,11.2,107.55,0,0.271,0,1,0
TXN110167,27.38,1,10.5,81.94,0,0.199,0,1,0
TXN110168,17.28,5,2.79,105.57,0,0.366,0,1,0
TXN110169,80.12,15,17.16,100.42,0,0.336,0,1,0
TXN110170,72.78,12,6.45,97.96,0,0.365,1,1,0
TXN110171,41.34,22,11.8,46.64,0,0.364,0,1,0
TXN110172,141.7,5,13.56,55.37,0,0.155,0,1,0
TXN110173,433.05,2,138.74,4.64,7,0.64,1,0,1
TXN110174,21.76,3,20.66,0.1,0,0.165,0,1,0
TXN110175,42.67,15,15.44,113.74,2,0.42,0,1,0
TXN110176,125.98,18,24.15,46.91,0,0.095,0,1,0
TXN110177,74.02,8,9.72,1.67,0,0.097,0,1,0
TXN110178,13.88,11,6.49,39.62,0,0.354,0,1,0
TXN110179,68.69,17,4.09,10.13,1,0.056,0,1,0
TXN110180,36.57,9,1.55,2.22,0,0.363,0,1,0
TXN110181,25.56,10,14.18,145.53,0,0.142,0,1,0
TXN110182,24.62,20,9.78,146.87,0,0.252,0,1,0
TXN110183,64.38,20,3.77,86.9,0,0.132,0,0,0
TXN110184,27.61,14,11.64,12.5,0,0.195,0,1,0
TXN110185,547.44,0,89.16,6.46,1,0.756,1,0,1
TXN110186,58.14,18,1.82,91.48,0,0.155,0,1,0
TXN110187,39.04,4,11.4,153.17,1,0.064,0,1,0
TXN110188,76.48,19,2.93,34.51,0,0.328,0,1,0
TXN110189,166.96,12,2.24,164.12,1,0.181,0,1,0
TXN110190,101.35,11,16.43,6.53,0,0.188,0,1,0
TXN110191,66.44,13,10.2,149.89,1,0.165,0,1,0
TXN110192,37.56,19,7.05,167.97,0,0.238,0,1,0
TXN110193,58.34,15,2.9,46.15,0,0.097,0,1,0
TXN110194,154.0,18,6.07,43.25,0,0.362,0,1,0
TXN110195,87.2,18,3.34,47.86,0,0.528,0,1,0
TXN110196,11.07,10,3.04,208.42,2,0.134,0,1,0
TXN110197,71.51,13,23.7,91.8,0,0.359,0,1,0
TXN110198,182.3,12,6.43,264.99,0,0.19,0,1,0
TXN110199,36.54,12,2.38,72.09,0,0.125,0,1,0
TXN110200,144.32,12,1.28,42.58,0,0.351,0,1,0
TXN110201,57.84,14,6.91,34.01,0,0.215,0,1,0
TXN110202,65.21,11,13.67,27.66,0,0.406,0,1,0
TXN110203,194.77,12,2.29,47.93,0,0.236,0,1,0
TXN110204,71.38,17,2.53,32.24,0,0.193,1,1,0
TXN110205,274.68,18,3.84,136.51,2,0.525,0,1,0
TXN110206,45.59,18,5.31,110.86,0,0.264,0,0,0
TXN110207,72.81,16,12.22,18.03,0,0.371,0,1,0
TXN110208,60.78,0,19.95,136.66,1,0.346,0,0,0
TXN110209,240.71,2,250.53,3.55,3,0.754,1,0,1
TXN110210,7.7,6,16.56,125.87,0,0.24,0,1,0
TXN110211,215.38,5,0.28,20.38,0,0.173,0,1,0
TXN110212,69.35,14,3.0,25.43,0,0.53,1,1,0
TXN110213,49.85,10,17.07,25.83,1,0.14,0,1,0
TXN110214,93.41,23,2.09,144.56,0,0.602,0,1,0
TXN110215,14.39,6,10.03,124.16,1,0.279,0,1,0
TXN110216,79.43,19,11.49,10.63,0,0.09,0,0,0
TXN110217,95.25,19,16.69,233.19,0,0.516,0,0,0
TXN110218,190.11,17,2.35,13.31,0,0.142,0,1,0
TXN110219,19.27,9,2.17,17.13,0,0.475,0,1,0
TXN110220,149.45,0,6.13,104.31,1,0.277,0,1,0
TXN110221,24.28,16,13.37,66.98,0,0.599,0,1,0
TXN110222,104.83,20,5.71,34.76,0,0.34,0,1,0
TXN110223,32.4,18,2.67,49.31,1,0.333,0,1,0
TXN110224,36.0,5,7.14,101.23,0,0.6,0,1,0
TXN110225,73.25,4,5.14,80.42,1,0.292,0,1,0
TXN110226,47.81,6,2.25,339.24,0,0.585,0,1,0
TXN110227,57.27,14,5.72,7.08,0,0.254,0,0,0
TXN110228,30.53,23,7.52,491.65,0,0.394,0,0,0
TXN110229,198.0,23,4.88,60.33,0,0.42,0,0,0
TXN110230,301.95,16,5.06,628.64,0,0.216,0,1,0
TXN110231,77.47,15,7.59,19.21,1,0.255,0,1,0
TXN110232,81.21,16,5.53,207.36,0,0.17,0,1,0
TXN110233,26.17,12,16.83,4.88,0,0.3,0,0,0
TXN110234,115.5,11,2.25,233.58,0,0.604,0,1,0
TXN110235,114.55,3,13.1,118.33,0,0.588,0,1,0
TXN110236,33.26,10,4.48,69.6,0,0.252,0,0,0
TXN110237,12.47,5,9.76,67.68,0,0.096,0,1,0
TXN110238,67.24,3,14.74,97.63,1,0.651,0,1,0
TXN110239,24.94,22,4.72,88.05,1,0.475,0,1,0
TXN110240,128.97,10,11.2,4.09,0,0.054,0,1,0
TXN110241,96.43,5,8.7,200.58,1,0.205,0,1,0
TXN110242,27.64,19,14.22,525.35,1,0.67,0,0,0
TXN110243,75.45,5,10.88,69.14,2,0.564,0,1,0
TXN110244,98.49,3,1.43,82.61,1,0.352,0,1,0
TXN110245,64.94,4,2.62,166.18,1,0.227,0,0,0
TXN110246,170.29,12,1.99,29.32,1,0.578,0,1,0
TXN110247,104.62,14,9.21,42.45,0,0.378,0,1,0
TXN110248,58.71,21,9.32,5.67,0,0.253,0,1,0
TXN110249,42.84,21,8.5,247.5,0,0.18,0,1,0
TXN110250,22.0,12,5.11,162.42,0,0.053,0,1,0
TXN110251,78.03,18,13.43,29.69,0,0.183,0,1,0
TXN110252,26.2,20,30.48,151.57,0,0.209,0,1,0
TXN110253,63.23,13,7.66,23.01,0,0.194,0,1,0
TXN110254,59.6,19,3.21,226.66,0,0.22,0,0,0
TXN110255,23.8,1,5.71,29.4,0,0.503,0,1,0
TXN110256,4.99,15,8.82,214.4,0,0.101,0,1,0
TXN110257,40.87,11,3.66,33.9,0,0.116,0,1,0
TXN110258,87.51,15,3.37,136.09,1,0.454,0,0,0
TXN110259,160.88,14,3.43,404.41,0,0.075,0,1,0
TXN110260,28.07,17,0.25,81.65,0,0.222,0,0,0
TXN110261,36.87,15,13.2,84.47,0,0.187,0,1,0
TXN110262,80.17,13,0.46,102.76,0,0.123,0,1,0
TXN110263,56.23,20,1.71,208.26,0,0.195,0,1,0
TXN110264,22.59,6,14.45,98.66,0,0.264,0,1,0
TXN110265,255.38,22,12.29,38.87,1,0.192,0,1,0
TXN110266,4.19,11,20.04,13.51,0,0.452,0,1,0
TXN110267,142.47,14,2.24,367.14,0,0.589,0,1,0
TXN110268,136.66,18,10.96,33.49,1,0.454,0,1,0
TXN110269,153.56,7,18.58,49.38,0,0.265,0,1,0
TXN110270,56.1,8,8.69,35.85,0,0.312,1,0,0
TXN110271,55.2,22,19.74,96.51,1,0.191,0,1,0
TXN110272,36.55718783517187,19,10.061174848580992,19.13,0,0.7738754116566988,0,0,0
TXN110273,68.23,8,4.99,84.15,0,0.302,0,0,0
TXN110274,107.39,19,1.1,48.67,0,0.307,0,1,0
TXN110275,345.48,8,6.3,318.28,0,0.574,0,1,0
TXN110276,124.91,5,17.92,378.33,0,0.299,0,1,0
TXN110277,57.23,11,13.06,44.69,0,0.287,0,1,0
TXN110278,70.11,0,3.87,70.76,0,0.395,0,1,0
TXN110279,93.64,13,1.35,249.32,0,0.28,0,1,0
TXN110280,20.08,5,3.28,84.25,1,0.363,0,0,0
TXN110281,35.0,13,7.52,25.93,0,0.119,1,1,0
TXN110282,7.73,12,9.68,220.86,2,0.061,0,1,0
TXN110283,99.0,11,11.74,217.7,0,0.414,0,1,0
TXN110284,11.7,20,8.22,84.75,0,0.133,0,1,0
TXN110285,28.06,9,0.73,5.63,0,0.383,1,1,0
TXN110286,78.09,14,3.82,549.63,0,0.193,0,1,0
TXN110287,38.54,13,2.41,100.75,1,0.23,0,0,0
TXN110288,57.79,15,2.18,46.27,0,0.191,0,1,0
TXN110289,53.02,16,24.99,119.09,0,0.154,0,1,0
TXN110290,151.82,18,11.82,134.39,0,0.565,0,1,0
TXN110291,67.15,4,8.41,44.5,0,0.41,0,1,0
TXN110292,25.54,16,9.95,231.24,0,0.206,0,1,0
TXN110293,42.6,15,3.07,171.67,0,0.462,0,1,0
TXN110294,82.36,9,17.83,44.86,0,0.315,0,1,0
TXN110295,74.29,4,3.89,9.03,0,0.149,0,1,0
TXN110296,50.53,16,8.17,163.82,0,0.264,0,1,0
TXN110297,129.29,13,24.02,52.81,0,0.135,0,0,0
TXN110298,99.6,20,9.81,392.1,0,0.271,0,1,0
TXN110299,25.81,19,12.15,273.13,0,0.092,0,1,0
TXN110300,80.62,22,5.93,7.45,0,0.396,0,0,0
TXN110301,41.57,18,17.72,43.63,1,0.166,0,1,0
TXN110302,27.05,6,12.13,100.62,0,0.259,0,1,0
TXN110303,147.83,11,6.39,2.88,0,0.069,0,0,0
TXN110304,75.86,13,2.95,793.3,1,0.646,0,1,0
TXN110305,23.42,13,10.11,123.97,1,0.137,0,1,0
TXN110306,64.75,13,3.23,77.56,0,0.208,0,0,0
TXN110307,115.44,16,0.55,182.05,1,0.05,0,1,0
TXN110308,69.68,10,3.74,71.62,0,0.468,0,1,0
TXN110309,48.1,20,5.76,212.66,0,0.226,0,1,0
TXN110310,52.23,8,6.99,76.05,0,0.172,1,0,0
TXN110311,112.82,10,4.83,50.5,0,0.15,1,1,0
TXN110312,36.02,13,6.18,29.36,0,0.332,0,0,0
TXN110313,129.8,12,10.09,357.95,0,0.242,0,1,0
TXN110314,18.4,18,5.1,38.77,0,0.148,0,1,0
TXN110315,73.26,0,2.89,280.6,0,0.41,0,0,0
TXN110316,91.97,5,1.03,17.33,0,0.62,0,1,0
TXN110317,100.59,23,2.92,16.8,0,0.413,0,1,0
TXN110318,35.12,15,34.83,102.19,1,0.118,0,1,0
TXN110319,121.98,6,1.55,69.07,0,0.091,0,1,0
TXN110320,65.6,3,0.9,76.31,0,0.247,0,1,0
TXN110321,37.44,14,10.59,154.36,1,0.116,0,1,0
TXN110322,225.85718021722104,11,43.06778894985579,41.73,1,0.7386566805404131,0,1,0
TXN110323,41.74,3,0.66,40.8,0,0.35,0,1,0
TXN110324,77.39,11,5.65,127.23,0,0.258,0,0,0
TXN110325,57.35,12,6.75,240.8,1,0.226,0,1,0
TXN110326,83.86,22,1.71,218.98,0,0.341,0,0,0
TXN110327,70.52,18,9.97,129.5,0,0.296,0,0,0
TXN110328,59.26,12,0.44,69.24,2,0.255,0,1,0
TXN110329,9.22,16,6.32,16.51,0,0.399,1,1,0
TXN110330,10.69,6,7.33,140.73,0,0.357,1,1,0
TXN110331,67.45,17,14.5,32.41,0,0.258,0,1,0
TXN110332,229.22,17,206.76,5.66,1,0.68,0,0,1
TXN110333,66.54,1,14.38,87.48,1,0.062,0,1,0
TXN110334,92.54,19,0.88,117.02,0,0.199,1,0,0
TXN110335,118.25,18,2.31,16.44,0,0.207,0,0,0
TXN110336,62.29,11,2.68,190.33,0,0.316,0,1,0
TXN110337,37.8,20,9.1,105.63,1,0.414,0,1,0
TXN110338,41.58,17,16.7,419.88,1,0.524,0,1,0
TXN110339,40.05,15,7.48,208.89,0,0.713,0,1,0
TXN110340,25.08,10,4.23,102.44,0,0.309,1,1,0
TXN110341,144.54,16,3.69,84.79,0,0.409,0,1,0
TXN110342,107.16,21,7.7,362.57,0,0.225,0,1,0
TXN110343,6.78,13,10.32,86.25,0,0.624,0,0,0
TXN110344,119.46,12,1.86,211.39,1,0.393,0,1,0
TXN110345,43.96,4,11.09,289.37,0,0.285,0,1,0
TXN110346,34.73,20,4.32,104.14,0,0.475,0,1,0
TXN110347,35.44,9,2.45,194.93,0,0.357,0,1,0
TXN110348,224.05,18,5.47,221.96,0,0.214,0,0,0
TXN110349,159.71,17,7.34,52.09,0,0.234,0,1,0
TXN110350,230.06,14,4.29,2.65,0,0.593,0,1,0
TXN110351,12.12,15,5.25,38.05,0,0.367,0,1,0
TXN110352,122.99,10,1.58,23.29,1,0.143,0,1,0
TXN110353,165.48,11,1.89,252.48,1,0.522,0,1,0
TXN110354,171.5,12,402.8,5.28,3,0.583,1,0,1
TXN110355,68.08,20,15.49,1.62,0,0.195,0,1,0
TXN110356,30.73,7,0.16,80.45,0,0.148,0,1,0
TXN110357,138.25,5,4.22,57.81,0,0.041,0,1,0
TXN110358,21.23,11,2.77,24.88,1,0.048,0,1,0
TXN110359,29.8,16,7.03,224.56,0,0.191,0,1,0
TXN110360,73.79,15,3.52,97.44,0,0.058,0,1,0
TXN110361,72.04,20,5.39,20.24,0,0.237,0,0,0
TXN110362,502.18,20,19.59,115.03,1,0.254,0,1,0
TXN110363,370.23,14,6.53,174.22,0,0.458,0,1,0
TXN110364,165.7,11,6.44,161.16,0,0.427,0,1,0
TXN110365,82.02,22,15.12,47.4,0,0.156,0,1,0
TXN110366,240.29,17,13.39,110.33,0,0.201,0,0,0
TXN110367,113.66,21,0.49,397.55,1,0.135,0,1,0
TXN110368,81.06,13,9.27,419.79,0,0.147,0,1,0
TXN110369,21.43,12,6.28,37.87,0,0.106,0,1,0
TXN110370,76.51,10,9.04,9.29,1,0.597,0,1,0
TXN110371,30.26,8,16.77,59.27,0,0.236,0,1,0
TXN110372,23.85,14,1.64,41.96,0,0.278,1,1,0
TXN110373,37.73,13,0.35,230.86,0,0.563,0,0,0
TXN110374,35.84,13,19.5,54.18,1,0.466,1,1,0
TXN110375,159.06,9,11.09,626.84,0,0.384,0,1,0
TXN110376,35.73,15,1.23,35.34,0,0.199,0,0,0
TXN110377,111.34,12,10.93,8.98,1,0.495,0,1,0
TXN110378,71.8052246081215,13,12.996591043045804,244.18,1,0.6812685453399588,0,0,0
TXN110379,39.73,7,8.15,159.33,0,0.584,0,1,0
TXN110380,134.92,13,14.21,36.61,0,0.535,0,1,0
TXN110381,25.25,1,1.05,227.94,1,0.202,0,1,0
TXN110382,49.66,9,8.58,157.87,0,0.322,0,1,0
TXN110383,41.18,18,1.67,34.28,0,0.195,0,1,0
TXN110384,41.44,13,10.0,277.42,0,0.169,0,1,0
TXN110385,133.53,13,1.55,17.16,0,0.203,0,0,0
TXN110386,89.39,17,4.87,100.51,2,0.277,0,1,0
TXN110387,63.02,19,5.9,8.37,0,0.11,0,1,0
TXN110388,80.84,1,4.97,59.7,0,0.179,0,1,0
TXN110389,46.35,14,20.17,19.91,0,0.339,0,1,0
TXN110390,80.54,18,8.0,111.68,2,0.156,0,1,0
TXN110391,286.29332631387615,10,41.08118971019344,80.0,0,0.706525066865463,0,1,0
TXN110392,100.21,17,5.41,9.52,0,0.103,0,1,0
TXN110393,93.33,17,0.95,19.78,1,0.262,0,1,0
TXN110394,61.3,13,4.4,273.4,0,0.128,0,1,0
TXN110395,33.34,20,5.27,67.41,2,0.111,0,1,0
TXN110396,79.91,7,1.88,18.75,0,0.192,0,1,0
TXN110397,77.6283900986524,6,155.17564760340943,174.14,0,0.7655630960508466,0,1,0
TXN110398,127.19,14,0.29,40.86,0,0.269,0,1,0
TXN110399,74.97,8,11.88,111.53,0,0.237,0,1,0
TXN110400,97.96,13,2.48,89.62,0,0.151,0,1,0
TXN110401,74.84,18,4.57,111.66,0,0.129,0,1,0
TXN110402,70.52,10,5.18,52.23,0,0.277,0,1,0
TXN110403,40.63,13,5.25,57.48,0,0.479,0,1,0
TXN110404,193.07,15,5.56,29.04,1,0.365,0,0,0
TXN110405,54.11,1,4.12,178.75,0,0.293,0,1,0
TXN110406,140.37,2,1.62,27.97,1,0.583,0,1,0
TXN110407,70.24,8,7.07,53.09,2,0.244,0,1,0
TXN110408,115.57,11,3.81,16.49,0,0.212,0,1,0
TXN110409,65.01,9,19.41,58.13,0,0.135,0,1,0
TXN110410,60.53,9,10.51,189.33,0,0.455,0,0,0
TXN110411,136.88,10,7.3,120.62,0,0.287,1,1,0
TXN110412,63.05,11,3.52,386.78,0,0.319,0,1,0
TXN110413,100.79,11,22.08,254.96,0,0.225,0,1,0
TXN110414,50.23,17,2.44,397.85,0,0.261,0,1,0
TXN110415,170.69,14,4.89,13.4,0,0.217,0,1,0
TXN110416,17.16,16,0.06,0.89,1,0.387,0,1,0
TXN110417,93.01,8,3.84,154.22,0,0.214,0,1,0
TXN110418,236.17,23,1.77,84.77,0,0.492,0,1,0
TXN110419,54.59,16,16.63,99.19,1,0.235,0,0,0
TXN110420,41.8,10,20.36,58.75,0,0.287,0,1,0
TXN110421,84.51,10,3.61,28.51,1,0.1,0,0,0
TXN110422,85.62,2,4.88,69.59,0,0.209,0,1,0
TXN110423,33.85,20,10.17,462.24,1,0.149,0,1,0
TXN110424,66.79,19,0.36,82.26,1,0.049,0,1,0
TXN110425,207.08,23,5.47,7.18,0,0.326,0,1,0
TXN110426,29.2,20,15.84,21.43,0,0.248,0,1,0
TXN110427,90.83,14,11.86,111.1,0,0.054,0,1,0
TXN110428,24.36,16,6.3,161.01,2,0.187,0,0,0
TXN110429,119.88,19,5.36,92.25,1,0.119,0,1,0
TXN110430,34.58,13,13.69,66.14,0,0.028,0,1,0
TXN110431,9.9,16,2.05,513.91,0,0.73,0,1,0
TXN110432,63.9,15,0.41,275.44,2,0.275,0,1,0
TXN110433,213.78,10,1.48,541.28,0,0.405,0,1,0
TXN110434,124.27,12,5.11,62.82,0,0.244,0,1,0
TXN110435,107.86,1,2.1,62.14,0,0.527,0,1,0
TXN110436,38.24,23,27.17,104.65,0,0.645,1,1,0
TXN110437,343.8083731071439,20,7.332728306365015,115.08,1,0.7908566660205647,0,1,0
TXN110438,87.99,8,3.27,238.92,1,0.694,0,0,0
TXN110439,71.8,15,1.47,111.74,1,0.133,0,1,0
TXN110440,97.73,23,6.5,35.73,3,0.515,0,0,0
TXN110441,28.71,8,11.21,92.36,0,0.139,0,1,0
TXN110442,19.28,19,4.01,114.58,0,0.161,0,1,0
TXN110443,74.06,19,4.5,32.16,0,0.32,0,1,0
TXN110444,49.98,15,11.74,85.15,0,0.016,0,1,0
TXN110445,59.73,23,2.59,132.1,0,0.057,0,1,0
TXN110446,47.92,15,5.12,58.75,1,0.208,0,1,0
TXN110447,53.78,15,7.59,51.38,0,0.038,1,1,0
TXN110448,106.65,10,2.0,474.06,0,0.216,0,1,0
TXN110449,157.35,12,5.44,159.96,0,0.194,0,1,0
TXN110450,30.06,15,6.75,105.54,1,0.318,0,1,0
TXN110451,126.97,5,12.49,281.67,0,0.23,0,0,0
TXN110452,679.97,7,380.44,11.46,3,0.773,0,0,1
TXN110453,213.49,16,0.84,145.53,0,0.511,0,1,0
TXN110454,92.98,14,4.65,229.31,1,0.34,0,1,0
TXN110455,3.11,7,4.3,57.36,0,0.202,0,1,0
TXN110456,64.4,13,7.73,224.46,0,0.215,0,1,0
TXN110457,37.24,12,28.75,99.18,0,0.312,0,1,0
TXN110458,45.79,9,5.63,123.98,1,0.033,0,0,0
TXN110459,62.47,19,8.19,449.07,0,0.503,0,1,0
TXN110460,26.06,8,12.79,149.72,0,0.188,1,0,0
TXN110461,82.94,11,3.61,14.93,0,0.203,1,1,0
TXN110462,80.16,23,2.88,38.78,0,0.107,0,1,0
TXN110463,59.0,16,8.36,86.97,1,0.163,0,1,0
TXN110464,101.37,20,1.9,70.89,0,0.571,0,1,0
TXN110465,121.06,14,6.72,218.34,0,0.15,0,1,0
TXN110466,88.56,10,5.41,166.26,0,0.142,0,1,0
TXN110467,81.72,12,0.3,73.36,0,0.295,0,1,0
TXN110468,94.31,8,10.62,439.95,1,0.17,0,1,0
TXN110469,40.71,8,2.85,0.36,0,0.388,0,1,0
TXN110470,118.09593550580146,23,3.5139400256944837,197.22,0,0.6899002525635394,0,1,0
TXN110471,71.39,18,13.72,23.11,0,0.076,0,1,0
TXN110472,23.2,13,4.6,349.57,3,0.414,0,1,0
TXN110473,60.74,12,7.44,17.96,0,0.335,0,1,0
TXN110474,122.63,20,14.43,23.65,1,0.056,0,1,0
TXN110475,167.05,12,4.43,67.79,2,0.1,0,1,0
TXN110476,393.13666271037795,9,19.86809583906979,99.82,0,0.7366523055079006,0,1,0
TXN110477,17.96,14,7.29,88.52,1,0.69,0,1,0
TXN110478,43.75,8,9.06,135.26,0,0.289,0,1,0
TXN110479,106.23,14,0.91,108.5,0,0.175,0,1,0
TXN110480,50.29,11,7.91,65.72,0,0.429,0,0,0
TXN110481,173.91,18,9.86,139.39,0,0.469,0,1,0
TXN110482,64.56,13,24.66,368.94,0,0.38,0,1,0
TXN110483,86.01,8,7.6,3.34,0,0.374,0,1,0
TXN110484,88.48,8,9.64,162.25,0,0.478,0,1,0
TXN110485,390.04,5,309.23,12.91,3,0.885,1,0,1
TXN110486,63.93,10,6.33,237.74,0,0.203,1,1,0
TXN110487,19.07,16,12.5,65.47,0,0.416,0,0,0
TXN110488,98.61,9,8.03,195.1,0,0.453,0,0,0
TXN110489,59.53,7,18.76,138.16,0,0.306,0,1,0
TXN110490,146.47,17,2.3,72.97,0,0.395,0,1,0
TXN110491,152.41,11,11.43,130.76,2,0.115,0,1,0
TXN110492,152.78,12,7.12,71.84,1,0.173,0,1,0
TXN110493,97.47,11,6.29,170.43,1,0.365,0,1,0
TXN110494,80.41,13,11.13,20.65,0,0.084,1,0,0
TXN110495,41.54,13,4.66,221.38,0,0.211,0,1,0
TXN110496,46.29,2,0.29,540.29,0,0.199,0,1,0
TXN110497,50.1,7,336.24,2.12,3,0.585,1,0,1
TXN110498,18.03,15,0.4,103.75,0,0.373,0,1,0
TXN110499,159.75,17,13.42,378.61,0,0.51,0,0,0
TXN110500,35.41,11,7.58,222.09,1,0.214,0,1,0
TXN110501,107.64,21,3.95,19.48,0,0.21,0,1,0
TXN110502,12.52,17,11.24,14.5,0,0.168,0,1,0
TXN110503,215.58,18,3.53,10.01,1,0.078,0,1,0
TXN110504,22.54,9,0.94,17.64,0,0.085,0,1,0
TXN110505,11.66,20,25.33,16.38,0,0.32,0,1,0
TXN110506,61.09,14,7.05,85.42,0,0.544,0,1,0
TXN110507,672.91,2,118.68,3.26,3,0.368,0,1,1
TXN110508,110.91,19,2.76,310.72,0,0.739,0,0,0
TXN110509,185.84844268758454,20,113.2074329928387,135.36,0,0.6214360955847753,0,1,0
TXN110510,35.53,21,3.82,56.92,0,0.217,0,1,0
TXN110511,26.68,15,8.13,242.85,1,0.35,0,1,0
TXN110512,48.05,12,6.86,7.13,0,0.564,0,1,0
TXN110513,77.67753308173579,3,62.89285984412938,123.51,1,0.5636008152762915,0,1,0
TXN110514,133.7,6,2.68,76.08,1,0.571,0,1,0
TXN110515,27.76,11,8.5,13.53,0,0.516,0,1,0
TXN110516,150.04,9,5.14,221.77,0,0.219,0,1,0
TXN110517,70.22,12,2.25,46.98,0,0.073,0,1,0
TXN110518,31.0,8,1.16,356.47,0,0.647,0,1,0
TXN110519,823.62,4,173.18,2.61,5,0.661,1,0,1
TXN110520,129.18,19,10.7,38.94,0,0.263,0,1,0
TXN110521,53.28,10,6.26,86.3,0,0.198,0,1,0
TXN110522,122.65,8,12.92,118.88,1,0.454,0,1,0
TXN110523,30.33,5,5.38,75.44,0,0.108,0,0,0
TXN110524,42.73,18,7.3,55.95,0,0.345,0,1,0
TXN110525,71.51,13,4.12,3.78,2,0.506,0,1,0
TXN110526,19.4,16,5.88,237.99,0,0.17,0,1,0
TXN110527,175.35,20,7.84,202.64,0,0.114,0,1,0
TXN110528,78.62,14,16.85,236.71,0,0.634,0,1,0
TXN110529,74.34,9,1.79,80.13,0,0.633,0,0,0
TXN110530,43.1,9,22.86,122.81,1,0.123,0,0,0
TXN110531,62.75,2,14.62,61.07,0,0.056,0,1,0
TXN110532,118.89,2,4.24,186.77,0,0.553,0,0,0
TXN110533,86.52,11,32.25,37.75,0,0.12,0,1,0
TXN110534,183.63,11,2.12,57.31,0,0.196,0,1,0
TXN110535,18.05,12,6.08,107.26,0,0.648,0,0,0
TXN110536,42.18,18,1.14,240.34,0,0.146,0,1,0
TXN110537,28.65,12,5.98,170.34,0,0.265,0,1,0
TXN110538,167.54,23,1.63,166.21,0,0.139,0,1,0
TXN110539,23.13,13,12.8,8.2,0,0.106,1,1,0
TXN110540,56.32,19,6.86,15.83,0,0.279,1,0,0
TXN110541,54.42,23,15.42,482.98,0,0.464,0,1,0
TXN110542,62.43,14,6.12,183.74,0,0.37,0,1,0
TXN110543,30.96,9,10.55,180.0,1,0.012,0,0,0
TXN110544,64.19,17,10.18,136.96,0,0.344,0,1,0
TXN110545,183.51,21,2.84,70.86,0,0.221,0,1,0
TXN110546,10.64,23,3.99,256.67,1,0.333,0,1,0
TXN110547,336.01,12,4.27,47.21,0,0.676,0,1,0
TXN110548,81.83,18,8.11,432.75,0,0.237,0,1,0
TXN110549,214.85,9,0.66,268.55,1,0.34,0,1,0
TXN110550,52.71,21,4.08,122.75,0,0.171,0,1,0
TXN110551,56.97,17,9.25,174.57,0,0.265,0,0,0
TXN110552,52.24,19,5.37,70.43,0,0.177,0,0,0
TXN110553,151.61,16,17.31,252.98,4,0.319,0,1,0
TXN110554,56.15,17,3.72,26.05,1,0.136,0,0,0
TXN110555,99.56,8,2.82,51.87,0,0.591,0,1,0
TXN110556,138.13,1,9.47,331.21,2,0.297,0,1,0
TXN110557,58.05,14,7.39,50.22,0,0.3,0,1,0
TXN110558,61.41,12,6.14,25.55,0,0.149,0,1,0
TXN110559,47.5,5,1.45,51.5,1,0.103,0,1,0
TXN110560,6.77,10,5.74,32.05,0,0.24,0,1,0
TXN110561,101.1,6,13.09,51.5,0,0.461,0,0,0
TXN110562,65.37,2,12.38,43.73,1,0.173,0,1,0
TXN110563,59.73,10,6.22,71.95,0,0.4,0,1,0
TXN110564,122.22,10,8.9,61.38,0,0.044,0,0,0
TXN110565,5.15,20,2.2,22.85,1,0.482,0,1,0
TXN110566,168.34,20,4.98,48.44,0,0.259,0,1,0
TXN110567,94.61,16,16.18,122.37,1,0.187,0,1,0
TXN110568,45.64,16,11.76,40.76,0,0.131,0,1,0
TXN110569,53.59,19,6.91,388.17,0,0.381,1,1,0
TXN110570,113.12,20,6.03,127.04,0,0.107,0,1,0
TXN110571,7.78,14,2.29,5.75,0,0.59,0,1,0
TXN110572,4.7,19,15.78,42.6,0,0.18,0,1,0
TXN110573,64.01,10,3.87,117.8,1,0.27,0,0,0
TXN110574,35.08,10,20.11,85.63,0,0.253,0,1,0
TXN110575,140.97,18,1.77,2.09,1,0.193,0,1,0
TXN110576,17.95,10,5.12,91.93,0,0.52,0,0,0
TXN110577,38.55,9,2.22,55.37,0,0.408,0,1,0
TXN110578,56.93,14,15.92,158.02,0,0.306,0,0,0
TXN110579,193.64,4,1.02,37.65,0,0.075,0,1,0
TXN110580,142.8664767928415,23,178.828209566789,92.39,0,0.6511576660013952,0,1,0
TXN110581,10.62,17,8.14,40.95,1,0.458,0,1,0
TXN110582,39.63694551707095,9,11.106994891063064,0.4,1,0.4100299663415964,1,1,1
TXN110583,53.25,11,3.1,86.59,1,0.505,0,1,0
TXN110584,97.77,4,9.0,124.41,0,0.174,0,1,0
TXN110585,84.63,15,3.14,187.17,0,0.175,0,1,0
TXN110586,68.6,12,17.65,389.16,0,0.537,1,1,0
TXN110587,54.86,17,5.14,19.8,0,0.16,0,1,0
TXN110588,185.66,13,9.22,6.65,0,0.238,0,1,0
TXN110589,58.96,11,0.63,110.51,0,0.182,0,1,0
TXN110590,41.67,16,23.45,79.57,1,0.308,1,1,0
TXN110591,37.15,12,2.46,122.22,0,0.104,0,1,0
TXN110592,123.66,20,10.1,102.51,0,0.11,0,1,0
TXN110593,105.92,8,5.89,27.73,0,0.221,0,0,0
TXN110594,184.31,23,12.31,33.46,0,0.176,0,1,0
TXN110595,1311.56,5,213.99,5.59,4,0.669,1,1,1
TXN110596,74.6,19,3.75,11.64,0,0.03,0,1,0
TXN110597,12.58,14,4.14,22.03,0,0.457,0,1,0
TXN110598,17.55,15,7.73,421.5,2,0.591,0,1,0
TXN110599,122.45,8,6.29,79.08,0,0.365,0,1,0
TXN110600,61.18,6,5.0,172.5,0,0.101,0,1,0
TXN110601,56.16,7,0.92,287.96,0,0.175,0,0,0
TXN110602,52.26,20,3.69,47.44,0,0.158,0,0,0
TXN110603,176.76,18,6.78,58.79,0,0.445,0,1,0
TXN110604,36.19,15,3.09,441.66,0,0.124,0,1,0
TXN110605,139.96,13,15.0,7.56,0,0.327,0,1,0
TXN110606,108.73,18,4.4,178.01,0,0.181,0,1,0
TXN110607,266.36,18,18.63,250.57,0,0.206,0,1,0
TXN110608,435.88,15,148.22,4.35,8,0.856,0,0,1
TXN110609,128.16,3,9.4,329.7,0,0.279,0,1,0
TXN110610,51.12237637998328,18,47.36055899108094,43.99,2,0.7462836645775426,0,1,0
TXN110611,93.34,12,9.19,59.09,0,0.583,0,1,0
TXN110612,23.62,15,6.08,165.71,1,0.208,0,0,0
TXN110613,65.05,0,3.34,334.0,0,0.667,0,1,0
TXN110614,128.4,1,15.67,51.96,0,0.174,0,1,0
TXN110615,194.57,23,13.17,40.83,1,0.301,0,1,0
TXN110616,65.81,15,0.97,38.0,1,0.328,0,1,0
TXN110617,5.55,14,5.24,68.39,0,0.138,0,1,0
TXN110618,354.03,6,191.06,0.64,5,0.845,0,0,1
TXN110619,79.16,21,15.67,8.39,0,0.407,0,1,0
TXN110620,788.9215084674654,14,25.861211647659747,149.33,0,0.7203539056853772,0,1,0
TXN110621,112.51,1,15.11,330.19,0,0.123,0,1,0
TXN110622,72.12,19,6.76,36.16,1,0.056,0,1,0
TXN110623,49.5,8,10.07,11.44,0,0.108,0,1,0
TXN110624,31.36,18,4.92,89.11,1,0.321,0,1,0
TXN110625,275.79105100439665,14,39.58609640655479,97.12,1,0.7541977503987983,0,0,0
TXN110626,99.25,19,0.31,10.83,1,0.087,0,1,0
TXN110627,22.09,19,2.67,22.83,2,0.233,0,1,0
TXN110628,84.24,19,2.1,138.48,1,0.457,0,1,0
TXN110629,55.86,20,6.64,15.57,0,0.186,0,1,0
TXN110630,100.73,12,5.48,89.17,0,0.058,0,1,0
TXN110631,89.21,12,1.3,24.97,0,0.294,1,0,0
TXN110632,213.0,17,4.46,31.09,0,0.5,0,1,0
TXN110633,824.83,2,234.62,12.97,7,0.59,1,0,1
TXN110634,70.81,13,4.21,7.48,0,0.579,0,0,0
TXN110635,153.36,7,8.42,58.78,1,0.092,0,1,0
TXN110636,23.04,6,22.29,93.84,1,0.442,0,0,0
TXN110637,55.91,20,3.85,40.54,1,0.225,1,1,0
TXN110638,123.18,7,0.71,204.77,0,0.35,0,0,0
TXN110639,46.64,19,2.56,75.08,0,0.123,0,1,0
TXN110640,102.49,18,9.93,84.27,0,0.287,0,1,0
TXN110641,84.73,11,3.86,74.67,1,0.321,0,1,0
TXN110642,28.68,17,24.66,68.18,0,0.471,0,1,0
TXN110643,128.7,3,1.01,80.63,0,0.15,0,0,0
TXN110644,23.49,17,1.42,176.29,0,0.38,1,1,0
TXN110645,63.47,2,19.83,30.31,1,0.643,0,1,0
TXN110646,82.8,13,2.0,2.24,0,0.491,0,0,0
TXN110647,12.91,13,9.55,334.28,1,0.445,0,1,0
TXN110648,34.91,18,10.76,128.72,1,0.525,0,0,0
TXN110649,36.0,10,9.39,121.43,2,0.164,0,1,0
TXN110650,74.44,11,9.66,5.08,0,0.257,0,1,0
TXN110651,24.02,16,8.61,25.57,0,0.048,0,1,0
TXN110652,192.73,16,6.03,142.41,1,0.508,0,1,0
TXN110653,114.68591227416896,19,8.974033030190173,29.68,0,0.6888569246278263,0,1,0
TXN110654,35.52,9,5.77,150.39,0,0.196,1,1,0
TXN110655,115.54470118042319,9,64.47641910825409,73.52,0,0.5870819389039132,0,1,0
TXN110656,57.8,17,8.39,119.61,0,0.448,1,1,0
TXN110657,256.3280998628508,7,32.190400681093934,79.99,0,0.5998225606890052,0,1,0
TXN110658,4.08,10,11.63,83.64,1,0.297,0,1,0
TXN110659,24.45,18,14.13,75.36,0,0.22,0,1,0
TXN110660,124.26,12,5.82,136.78,0,0.385,0,1,0
TXN110661,65.63,0,14.28,274.49,0,0.405,0,1,0
TXN110662,59.55,8,1.07,238.54,0,0.257,0,1,0
TXN110663,164.23,13,6.5,195.89,2,0.193,0,1,0
TXN110664,530.63,0,247.17,2.08,4,0.832,1,0,1
TXN110665,96.94,13,2.39,101.09,0,0.078,0,1,0
TXN110666,132.43,14,3.86,590.54,1,0.181,0,0,0
TXN110667,46.33,17,3.53,8.4,0,0.093,0,1,0
TXN110668,81.96,15,0.67,207.77,0,0.578,0,0,0
TXN110669,175.01,2,6.88,93.44,1,0.616,0,1,0
TXN110670,19.16,16,6.82,66.02,0,0.271,0,1,0
TXN110671,34.18,17,4.52,81.93,1,0.282,0,0,0
TXN110672,39.34,19,19.75,103.78,0,0.553,0,1,0
TXN110673,17.71,20,9.06,13.26,0,0.339,0,1,0
TXN110674,373.25203231417044,10,30.65039158882467,130.11,0,0.6737892155778208,0,1,0
TXN110675,58.84,12,6.47,18.57,0,0.2,1,0,0
TXN110676,16.09,14,1.66,62.69,0,0.424,0,1,0
TXN110677,35.26,6,3.33,180.01,0,0.191,0,0,0
TXN110678,130.36,17,8.96,166.83,0,0.252,0,1,0
TXN110679,221.4,16,4.34,76.5,0,0.33,0,1,0
TXN110680,135.89,14,6.62,162.16,0,0.201,0,1,0
TXN110681,50.57,11,3.58,472.89,1,0.139,0,0,0
TXN110682,40.05,18,5.26,580.81,0,0.271,0,1,0
TXN110683,139.47,0,8.47,48.59,0,0.191,0,0,0
TXN110684,130.05,16,4.51,42.24,1,0.317,0,1,0
TXN110685,104.87,7,9.01,140.97,0,0.291,0,1,0
TXN110686,46.15,8,2.16,70.87,0,0.176,0,0,0
TXN110687,51.02,9,20.39,85.52,0,0.392,0,0,0
TXN110688,60.92,10,3.24,72.3,1,0.186,0,1,0
TXN110689,112.56,15,2.04,264.88,0,0.47,0,1,0
TXN110690,28.03,10,2.98,112.18,0,0.121,0,1,0
TXN110691,51.27,23,6.32,42.7,1,0.349,0,1,0
TXN110692,138.23,16,10.78,11.39,0,0.092,0,0,0
TXN110693,60.03,12,12.43,225.09,1,0.326,0,1,0
TXN110694,44.84,23,2.19,41.47,0,0.246,0,0,0
TXN110695,597.19,15,108.84,4.57,3,0.756,0,0,1
TXN110696,54.71,13,1.68,100.14,0,0.164,0,0,0
TXN110697,99.1,18,1.7,42.47,1,0.274,0,1,0
TXN110698,105.51,15,5.21,241.63,0,0.279,0,1,0
TXN110699,70.57,10,6.19,80.78,0,0.455,1,1,0
TXN110700,198.36,8,14.93,199.0,0,0.053,0,1,0
TXN110701,34.0,19,5.55,49.15,1,0.17,0,1,0
TXN110702,96.16,14,15.15,24.98,0,0.117,0,1,0
TXN110703,651.53,8,151.91,6.51,8,0.716,0,0,1
TXN110704,38.48,9,1.26,23.82,0,0.333,0,0,0
TXN110705,58.69,17,7.28,109.73,0,0.601,0,1,0
TXN110706,58.88,5,1.45,338.09,0,0.507,0,1,0
TXN110707,320.39,5,113.97,4.3,3,0.92,1,0,1
TXN110708,78.81,12,8.22,197.77,1,0.06,1,1,0
TXN110709,70.53,17,1.09,72.06,1,0.059,0,1,0
TXN110710,157.09,21,15.94,289.45,0,0.223,0,1,0
TXN110711,78.62,20,11.61,97.53,0,0.44,0,0,0
TXN110712,124.3,11,6.2,42.41,0,0.253,0,1,0
TXN110713,305.72,2,11.79,111.22,0,0.149,1,0,0
TXN110714,57.6,13,17.85,82.22,0,0.192,0,0,0
TXN110715,322.73,9,4.54,66.28,0,0.141,0,0,0
TXN110716,50.85,19,3.38,43.45,0,0.405,1,1,0
TXN110717,90.87,17,2.65,213.93,0,0.096,0,0,0
TXN110718,207.85,11,3.73,195.45,1,0.667,0,1,0
TXN110719,4.36,9,2.39,28.15,0,0.48,0,1,0
TXN110720,82.0,16,8.18,360.9,0,0.382,0,1,0
TXN110721,8.92,9,6.2,71.74,0,0.2,0,1,0
TXN110722,38.01,15,22.1,21.04,0,0.171,0,1,0
TXN110723,162.98,13,17.51,73.46,0,0.678,0,1,0
TXN110724,304.6160027728228,18,121.58545063269551,20.96,0,0.6241893874515185,0,1,0
TXN110725,55.6,15,7.35,238.11,1,0.375,0,1,0
TXN110726,173.38,5,3.24,515.6,0,0.072,0,1,0
TXN110727,38.72,17,15.55,206.93,0,0.252,0,1,0
TXN110728,133.95,14,3.18,24.87,0,0.252,0,1,0
TXN110729,70.92,13,5.76,557.4,0,0.351,0,0,0
TXN110730,7.16,19,17.72,148.35,0,0.481,0,1,0
TXN110731,59.84,14,5.71,73.91,1,0.2,0,1,0
TXN110732,55.26,14,12.98,98.22,1,0.16,0,1,0
TXN110733,138.2,12,1.18,24.96,0,0.164,0,1,0
TXN110734,36.79,11,1.25,106.65,0,0.07,0,1,0
TXN110735,25.69,17,13.78,182.27,0,0.227,0,1,0
TXN110736,94.63,20,5.44,208.39,0,0.258,1,1,0
TXN110737,52.75,9,3.42,4.14,0,0.181,0,0,0
TXN110738,193.68,15,68.83,6.3,2,0.667,0,0,1
TXN110739,51.81,20,11.18,144.65,0,0.299,0,1,0
TXN110740,93.1,13,3.33,140.86,0,0.122,0,1,0
TXN110741,72.44,16,1.95,66.12,0,0.327,0,0,0
TXN110742,123.62,16,1.64,132.32,0,0.094,1,1,0
TXN110743,35.18,16,1.49,41.22,0,0.086,0,1,0
TXN110744,76.51,15,7.74,44.81,1,0.417,0,0,0
TXN110745,17.9,18,2.41,86.45,0,0.332,0,1,0
TXN110746,29.46,16,19.97,43.7,0,0.273,1,1,0
TXN110747,101.72,10,3.96,12.5,1,0.291,0,0,0
TXN110748,7.82,13,1.53,56.5,0,0.015,0,1,0
TXN110749,71.64,19,10.45,30.33,0,0.123,0,0,0
TXN110750,117.38,9,5.79,140.83,0,0.305,0,0,0
TXN110751,139.16,11,3.05,52.5,0,0.345,0,1,0
TXN110752,164.48,9,5.61,12.79,0,0.115,0,1,0
TXN110753,724.59,4,359.54,6.45,5,0.815,1,0,1
TXN110754,145.53,8,11.13,117.46,0,0.296,0,1,0
TXN110755,126.7,13,3.22,4.24,0,0.37,0,1,0
TXN110756,29.88,13,0.91,148.98,0,0.168,0,1,0
TXN110757,9.06,13,4.94,85.96,0,0.024,0,1,0
TXN110758,135.15,19,5.41,82.93,1,0.388,0,1,0
TXN110759,17.48,9,10.88,187.18,0,0.033,0,1,0
TXN110760,31.61,3,2.35,86.7,0,0.228,0,1,0
TXN110761,174.49,10,14.06,46.09,3,0.32,0,1,0
TXN110762,171.41,0,185.45,10.87,3,0.822,1,0,1
TXN110763,341.0,18,7.34,151.89,1,0.281,1,1,0
TXN110764,18.86,16,8.67,119.31,0,0.436,0,1,0
TXN110765,104.69,10,8.34,265.43,0,0.211,0,1,0
TXN110766,128.94,15,0.79,19.46,1,0.069,0,1,0
TXN110767,56.22,14,8.37,45.76,1,0.151,0,1,0
TXN110768,126.03,11,20.45,51.39,1,0.407,0,1,0
TXN110769,93.96,10,4.67,108.29,0,0.521,0,1,0
TXN110770,33.32,7,4.04,148.12,0,0.702,0,1,0
TXN110771,21.56,5,3.89,9.98,0,0.402,0,1,0
TXN110772,40.03,17,0.39,253.96,0,0.257,0,1,0
TXN110773,116.17,20,2.39,64.8,1,0.605,0,1,0
TXN110774,43.36,11,0.7,180.92,1,0.09,0,0,0
TXN110775,70.41,8,11.96,96.4,0,0.217,0,1,0
TXN110776,59.0,10,12.8,84.1,0,0.477,0,1,0
TXN110777,80.99,17,9.32,28.49,1,0.102,0,1,0
TXN110778,66.12,17,15.5,117.52,0,0.699,0,0,0
TXN110779,49.69,11,24.26,56.59,2,0.135,0,1,0
TXN110780,141.99,10,3.4,69.6,0,0.508,0,1,0
TXN110781,106.74,10,7.91,51.97,1,0.41,0,1,0
TXN110782,41.25,22,8.68,302.71,1,0.229,0,1,0
TXN110783,84.32,23,12.42,41.09,1,0.434,0,1,0
TXN110784,24.43,10,8.35,69.21,1,0.3,0,1,0
TXN110785,99.16,14,16.2,232.8,0,0.067,0,1,0
TXN110786,42.39,20,13.56,57.68,0,0.516,0,0,0
TXN110787,47.88,9,0.55,370.36,0,0.38,0,1,0
TXN110788,81.87,19,4.23,112.77,0,0.184,0,1,0
TXN110789,42.6,17,1.12,3.09,0,0.157,0,1,0
TXN110790,79.13,12,3.31,91.79,0,0.433,0,1,0
TXN110791,63.3,11,3.99,288.56,0,0.017,0,1,0
TXN110792,113.04,6,5.8,255.88,0,0.269,0,1,0
TXN110793,148.66,13,6.16,399.07,0,0.186,1,1,0
TXN110794,106.13,13,1.5,58.82,0,0.377,0,1,0
TXN110795,183.84,12,2.39,3.72,0,0.164,0,1,0
TXN110796,81.68,16,6.23,93.31,0,0.569,0,1,0
TXN110797,18.38,5,7.6,360.91,0,0.146,0,1,0
TXN110798,122.34,9,1.75,25.71,1,0.495,0,1,0
TXN110799,11.89,5,40.83,128.58,0,0.283,0,1,0
TXN110800,110.21,19,19.99,35.43,0,0.123,0,1,0
TXN110801,48.06,13,1.87,5.42,0,0.422,0,1,0
TXN110802,57.38,16,5.66,22.42,2,0.678,0,1,0
TXN110803,72.84,13,2.11,15.96,0,0.441,0,1,0
TXN110804,157.22,23,18.02,139.23,0,0.404,0,1,0
TXN110805,58.47,22,10.56,31.35,0,0.691,0,1,0
TXN110806,95.72,15,7.27,179.25,0,0.047,0,0,0
TXN110807,30.88,20,0.58,46.41,0,0.59,0,1,0
TXN110808,109.34,15,6.47,2.26,2,0.103,0,1,0
TXN110809,137.97,10,4.02,102.55,0,0.48,0,1,0
TXN110810,755.33,5,499.43,2.89,3,0.669,1,0,1
TXN110811,86.05,9,8.13,299.33,0,0.204,0,0,0
TXN110812,52.91,11,24.59,71.9,1,0.057,0,1,0
TXN110813,76.39,15,4.52,283.01,0,0.131,0,1,0
TXN110814,65.65,1,13.84,8.5,0,0.098,0,0,0
TXN110815,43.61,21,6.33,22.89,0,0.331,0,1,0
TXN110816,86.22,13,10.95,120.71,1,0.388,0,1,0
TXN110817,19.69,20,8.33,50.88,0,0.79,0,1,0
TXN110818,79.95,12,9.27,194.44,0,0.373,0,0,0
TXN110819,62.92,21,30.57,17.28,0,0.348,0,0,0
TXN110820,146.3,20,31.32,114.12,0,0.598,0,0,0
TXN110821,28.46,2,4.16,10.63,2,0.24,0,1,0
TXN110822,85.5,2,7.01,354.64,0,0.386,0,1,0
TXN110823,46.14,12,9.91,37.53,0,0.351,1,0,0
TXN110824,45.8,16,0.4,90.68,0,0.728,0,1,0
TXN110825,13.8,17,8.04,49.24,0,0.296,0,1,0
TXN110826,57.68,16,1.71,79.47,0,0.311,0,1,0
TXN110827,157.43,14,9.48,103.47,1,0.388,0,1,0
TXN110828,55.24,20,5.39,269.0,0,0.296,0,1,0
TXN110829,71.69,21,3.82,55.24,0,0.327,0,0,0
TXN110830,90.74,13,6.6,201.53,1,0.256,0,1,0
TXN110831,74.04,4,4.95,24.44,0,0.054,0,1,0
TXN110832,36.01,6,4.18,69.49,0,0.377,0,1,0
TXN110833,37.26,16,11.05,108.4,0,0.187,0,0,0
TXN110834,187.37,16,20.68,238.03,0,0.479,0,0,0
TXN110835,118.13,16,5.1,96.66,0,0.51,0,1,0
TXN110836,170.02,14,9.89,210.28,1,0.496,0,1,0
TXN110837,42.77,8,1.64,42.25,1,0.245,0,1,0
TXN110838,69.38,6,6.42,40.08,0,0.053,0,1,0
TXN110839,75.58,9,1.95,190.11,1,0.253,0,0,0
TXN110840,127.03,10,10.18,0.2,0,0.167,0,1,0
TXN110841,169.81,15,4.33,320.41,0,0.119,0,1,0
TXN110842,16.34,10,2.22,78.62,0,0.05,0,1,0
TXN110843,173.72134396601618,12,25.19790080380146,168.98,0,0.7152118452416791,0,1,0
TXN110844,65.41,9,5.88,51.02,1,0.167,0,0,0
TXN110845,138.83,1,8.12,114.31,0,0.265,0,0,0
TXN110846,18.31,13,18.54,67.04,0,0.303,0,1,0
TXN110847,10.7,13,2.44,41.86,0,0.144,0,1,0
TXN110848,34.01,10,26.35,143.23,0,0.24,0,1,0
TXN110849,80.71,17,2.45,2.35,0,0.259,0,1,0
TXN110850,45.06,10,13.99,18.16,0,0.228,0,1,0
TXN110851,2.79,21,12.71,97.94,0,0.17,0,0,0
TXN110852,98.53,15,9.52,73.36,0,0.13,0,1,0
TXN110853,693.63,11,165.5,10.21,9,0.943,1,0,1
TXN110854,45.87,14,6.24,145.26,0,0.056,0,0,0
TXN110855,1164.24,15,392.44,0.66,4,0.813,0,1,1
TXN110856,115.52,4,4.23,272.47,0,0.154,0,1,0
TXN110857,68.01,13,10.54,29.8,0,0.057,0,0,0
TXN110858,37.13,16,5.94,412.93,0,0.451,0,1,0
TXN110859,55.25,10,13.41,25.7,1,0.12,0,0,0
TXN110860,251.76,3,11.75,26.6,0,0.335,0,1,0
TXN110861,29.81,5,13.42,47.19,0,0.153,0,1,0
TXN110862,49.9,11,2.83,457.97,0,0.342,0,1,0
TXN110863,174.3,8,4.34,95.45,0,0.324,0,0,0
TXN110864,83.38,15,10.25,67.03,1,0.368,0,1,0
TXN110865,6.76,23,8.5,1.53,0,0.148,0,0,0
TXN110866,12.31,21,14.39,20.65,0,0.438,0,1,0
TXN110867,184.37,19,2.3,68.01,0,0.34,0,1,0
TXN110868,140.62,3,14.39,96.84,0,0.455,0,0,0
TXN110869,194.73,11,2.94,12.46,0,0.124,1,1,0
TXN110870,153.57,16,1.72,331.85,0,0.344,0,1,0
TXN110871,77.07,13,11.52,246.36,0,0.543,0,1,0
TXN110872,38.5,16,8.98,22.2,0,0.231,0,0,0
TXN110873,51.46,17,1.82,44.36,0,0.095,0,1,0
TXN110874,25.22,1,5.23,189.71,0,0.323,0,1,0
TXN110875,22.25,13,3.04,30.21,0,0.235,0,1,0
TXN110876,222.15,17,3.32,55.29,0,0.471,0,1,0
TXN110877,89.77,19,1.51,15.44,1,0.697,0,1,0
TXN110878,65.41,9,12.03,86.23,0,0.385,1,1,0
TXN110879,104.65,8,0.56,185.15,2,0.045,0,1,0
TXN110880,230.87,10,14.57,35.93,0,0.392,0,0,0
TXN110881,92.69,4,0.84,31.9,0,0.086,0,1,0
TXN110882,90.95,9,16.26,69.33,0,0.305,0,1,0
TXN110883,37.77,17,2.72,16.99,1,0.145,0,1,0
TXN110884,129.27,9,14.89,119.96,1,0.305,0,1,0
TXN110885,74.22,9,8.95,331.07,1,0.274,0,1,0
TXN110886,9.19,13,5.35,95.96,0,0.316,0,1,0
TXN110887,174.77,15,10.76,173.57,0,0.476,0,1,0
TXN110888,119.79,17,6.94,116.31,0,0.082,0,1,0
TXN110889,112.95,8,0.45,192.73,1,0.132,0,1,0
TXN110890,176.78,8,11.18,70.54,0,0.315,0,1,0
TXN110891,208.91,11,13.71,27.33,1,0.436,0,1,0
TXN110892,96.34,18,5.4,67.19,0,0.531,0,1,0
TXN110893,92.85,13,6.34,22.78,0,0.146,0,1,0
TXN110894,88.31504794198608,9,306.57375049960774,91.52,0,0.5483578314911964,0,1,0
TXN110895,145.08,17,14.06,25.34,0,0.251,0,0,0
TXN110896,21.31,9,11.05,21.47,1,0.06,0,0,0
TXN110897,62.19,13,5.44,38.95,0,0.244,0,1,0
TXN110898,122.55,22,1.39,233.92,1,0.075,0,1,0
TXN110899,115.79,0,19.12,139.79,0,0.443,0,1,0
TXN110900,30.0,0,2.88,0.65,0,0.059,0,1,0
TXN110901,326.78,8,8.62,88.31,0,0.203,0,1,0
TXN110902,82.57,5,11.07,30.44,0,0.024,1,1,0
TXN110903,41.04,11,0.38,113.66,0,0.085,0,1,0
TXN110904,166.03,17,2.73,47.89,0,0.169,0,1,0
TXN110905,114.83,20,2.15,225.14,0,0.522,0,0,0
TXN110906,15.54,2,15.01,91.32,0,0.164,0,1,0
TXN110907,123.23,11,3.27,37.88,0,0.287,0,0,0
TXN110908,73.59,11,13.12,59.27,0,0.016,0,1,0
TXN110909,38.81,21,2.98,443.9,0,0.035,0,1,0
TXN110910,586.04,2,324.9,5.66,7,0.817,1,0,1
TXN110911,54.68,12,11.87,294.59,0,0.155,0,1,0
TXN110912,129.56,18,9.15,4.3,0,0.102,0,0,0
TXN110913,70.46,21,10.42,40.97,0,0.109,0,1,0
TXN110914,47.26,19,0.38,34.62,0,0.408,0,0,0
TXN110915,68.24,18,3.79,122.43,0,0.265,0,0,0
TXN110916,145.2,1,12.54,104.84,1,0.227,0,0,0
TXN110917,96.7,16,9.48,94.62,0,0.412,0,1,0
TXN110918,28.18,15,9.12,86.62,1,0.414,0,1,0
TXN110919,39.21,3,19.63,71.66,0,0.16,0,1,0
TXN110920,23.03,17,8.12,118.5,0,0.262,0,1,0
TXN110921,21.97,18,2.18,346.62,1,0.243,0,0,0
TXN110922,10.54,11,17.38,8.85,0,0.114,0,0,0
TXN110923,591.63,3,442.05,3.47,4,0.898,1,0,1
TXN110924,649.01,5,147.81,9.28,3,0.665,1,0,1
TXN110925,763.3905248751264,14,53.093126497345814,29.94,0,0.7319391587167522,0,1,0
TXN110926,177.3957656357818,10,71.59055008150352,131.94,0,0.6761331776944298,0,1,0
TXN110927,33.79,22,9.77,56.63,0,0.216,0,1,0
TXN110928,23.09,20,10.03,367.13,0,0.154,0,1,0
TXN110929,31.21,19,11.78,261.02,2,0.539,0,1,0
TXN110930,24.69,11,4.85,27.64,0,0.475,0,1,0
TXN110931,44.33,11,2.83,38.31,0,0.286,0,1,0
TXN110932,68.37,22,7.16,6.38,0,0.249,0,0,0
TXN110933,55.71,11,4.86,92.53,0,0.223,0,1,0
TXN110934,189.82,20,20.28,18.97,0,0.252,0,1,0
TXN110935,41.77,4,8.82,5.96,0,0.299,0,1,0
TXN110936,122.62,3,1.86,99.08,0,0.225,1,0,0
TXN110937,10.22,7,9.66,53.43,1,0.209,1,1,0
TXN110938,19.81,16,9.92,73.88,1,0.357,0,1,0
TXN110939,39.33,18,7.19,110.95,0,0.131,1,1,0
TXN110940,131.66,12,2.31,30.44,0,0.28,0,1,0
TXN110941,121.91,14,12.92,273.12,0,0.346,0,1,0
TXN110942,95.44,22,12.87,304.98,0,0.293,0,0,0
TXN110943,26.36,8,9.19,317.56,0,0.281,0,1,0
TXN110944,142.11,9,6.12,130.44,0,0.237,0,1,0
TXN110945,78.78,9,8.06,182.51,0,0.357,0,1,0
TXN110946,85.36,3,6.57,8.03,0,0.115,0,0,0
TXN110947,87.68,8,7.99,199.93,0,0.237,0,1,0
TXN110948,53.92,19,5.01,7.64,0,0.156,0,0,0
TXN110949,107.18,8,1.47,39.45,0,0.083,0,1,0
TXN110950,56.24,13,0.46,126.24,0,0.268,0,0,0
TXN110951,218.56,9,3.31,26.32,0,0.245,0,1,0
TXN110952,123.89,8,11.63,275.72,0,0.098,0,1,0
TXN110953,112.8,18,10.81,141.6,0,0.219,0,1,0
TXN110954,102.97,14,8.02,49.73,0,0.419,0,1,0
TXN110955,12.86,13,6.55,240.61,1,0.109,0,1,0
TXN110956,12.05,18,5.22,480.74,0,0.314,0,1,0
TXN110957,126.78,17,8.3,494.14,0,0.251,0,1,0
TXN110958,138.11,19,0.54,169.53,0,0.406,0,1,0
TXN110959,28.8,15,2.47,60.44,0,0.296,0,1,0
TXN110960,92.89,9,2.68,75.7,0,0.7,0,1,0
TXN110961,58.48,19,1.75,189.2,2,0.466,0,1,0
TXN110962,88.32,5,1.03,54.56,0,0.089,0,1,0
TXN110963,62.9,14,14.2,528.14,1,0.454,0,1,0
TXN110964,55.42,1,3.01,1.55,1,0.404,1,0,0
TXN110965,149.79,15,2.24,49.5,0,0.397,0,1,0
TXN110966,336.01,10,27.82,36.85,2,0.101,0,0,0
TXN110967,60.5,21,3.23,160.25,1,0.277,0,1,0
TXN110968,32.52,18,7.02,5.2,1,0.061,0,1,0
TXN110969,5.44,4,7.38,121.63,0,0.154,0,1,0
TXN110970,108.55,18,20.0,38.76,0,0.122,0,1,0
TXN110971,177.5,12,6.94,284.18,1,0.358,0,0,0
TXN110972,96.24,20,2.08,39.74,0,0.064,0,1,0
TXN110973,53.74,11,2.32,76.75,0,0.153,0,0,0
TXN110974,52.64,12,0.13,123.49,0,0.323,0,0,0
TXN110975,99.1,15,11.57,145.47,0,0.189,0,1,0
TXN110976,78.56,13,0.7,169.81,0,0.384,0,1,0
TXN110977,159.21,11,4.51,432.19,1,0.133,0,0,0
TXN110978,225.8658316291663,22,6.817621914885188,97.05,0,0.7590698234739,1,1,0
TXN110979,88.86,19,3.74,21.12,0,0.199,0,0,0
TXN110980,91.35,10,2.6,91.79,0,0.225,0,1,0
TXN110981,246.46,11,7.78,203.0,1,0.224,0,1,0
TXN110982,108.25,6,4.94,34.33,0,0.166,0,1,0
TXN110983,70.14,11,6.41,114.82,0,0.209,0,1,0
TXN110984,88.88,20,8.79,23.23,1,0.391,0,1,0
TXN110985,54.41,19,5.57,53.41,1,0.369,0,0,0
TXN110986,103.81,13,2.63,25.62,0,0.29,0,1,0
TXN110987,25.6,12,7.92,284.57,0,0.229,0,1,0
TXN110988,144.01,13,5.62,332.88,0,0.192,0,1,0
TXN110989,165.93,15,2.37,113.62,1,0.143,0,0,0
TXN110990,191.39,12,25.72,8.26,0,0.145,0,1,0
TXN110991,25.41,19,6.02,413.86,0,0.151,0,1,0
TXN110992,55.64,15,9.23,70.12,1,0.242,0,0,0
TXN110993,36.21,20,5.19,28.14,0,0.327,0,1,0
TXN110994,76.38,21,9.92,4.96,0,0.348,0,1,0
TXN110995,100.56,10,4.99,17.24,0,0.149,0,0,0
TXN110996,138.97,13,4.24,2.65,0,0.175,0,0,0
TXN110997,79.93,17,6.18,155.19,0,0.206,0,1,0
TXN110998,47.24,4,11.79,53.86,0,0.199,0,0,0
TXN110999,4.11,20,23.62,77.2,0,0.064,0,1,0
TXN111000,15.28,14,1.49,122.64,0,0.366,0,1,0
TXN111001,85.36,14,15.79,71.53,0,0.277,0,0,0
TXN111002,140.89,19,2.08,6.6,0,0.191,0,1,0
TXN111003,9.21,18,3.89,32.38,1,0.295,0,1,0
TXN111004,62.19,15,0.96,204.09,0,0.285,0,1,0
TXN111005,41.68,2,7.68,114.11,1,0.369,0,0,0
TXN111006,102.86,2,19.74,26.08,1,0.252,0,1,0
TXN111007,154.78,14,1.89,29.06,0,0.314,0,1,0
TXN111008,225.37,20,1.79,226.12,0,0.221,0,1,0
TXN111009,42.07,16,4.6,350.72,1,0.185,0,1,0
TXN111010,93.48,15,8.48,165.48,0,0.093,0,1,0
TXN111011,116.06,8,9.72,32.34,0,0.052,0,1,0
TXN111012,97.8,16,4.89,50.39,2,0.384,0,1,0
TXN111013,68.83,4,2.35,191.0,0,0.07,0,1,0
TXN111014,85.91,23,14.67,89.98,0,0.34,0,1,0
TXN111015,10.64,16,6.46,53.64,0,0.296,0,0,0
TXN111016,158.99,13,0.14,102.92,1,0.076,0,1,0
TXN111017,27.59,10,3.34,154.99,0,0.153,1,1,0
TXN111018,59.2,12,9.43,192.6,0,0.249,0,0,0
TXN111019,26.86,4,4.59,20.15,1,0.355,0,1,0
TXN111020,207.09,1,5.42,4.54,0,0.537,0,1,0
TXN111021,117.21,9,4.33,24.15,0,0.006,0,1,0
TXN111022,91.76,10,8.79,122.31,0,0.377,0,1,0
TXN111023,94.62,15,1.3,41.06,0,0.487,0,1,0
TXN111024,17.41,22,6.72,430.67,0,0.662,1,1,0
TXN111025,335.62,2,1.55,405.29,0,0.051,0,0,0
TXN111026,107.28,14,6.07,186.36,1,0.157,0,0,0
TXN111027,18.73,12,8.74,244.12,1,0.28,0,1,0
TXN111028,170.73,3,0.55,71.86,0,0.254,0,1,0
TXN111029,67.18,18,4.78,125.59,0,0.069,0,1,0
TXN111030,79.89,8,2.19,364.09,4,0.495,0,0,0
TXN111031,301.70537771662333,18,112.39003353292534,466.69,0,0.6661741335649933,0,1,0
TXN111032,1024.71,3,162.23,0.87,9,0.773,0,0,1
TXN111033,18.1,15,3.32,175.78,0,0.397,0,1,0
TXN111034,61.48,20,3.45,32.72,0,0.523,0,1,0
TXN111035,207.38,12,16.72,92.28,0,0.19,0,1,0
TXN111036,106.36,11,3.26,21.11,0,0.619,0,1,0
TXN111037,255.24,15,2.73,16.73,0,0.072,0,0,0
TXN111038,234.16,2,0.03,201.28,0,0.101,0,1,0
TXN111039,592.7442687250877,9,106.9110729614305,95.54,0,0.5559332127977441,0,1,0
TXN111040,13.92,10,10.77,272.83,0,0.138,0,1,0
TXN111041,20.04,13,3.04,41.92,0,0.158,0,1,0
TXN111042,80.73,17,12.11,19.82,0,0.179,0,0,0
TXN111043,65.95,19,8.46,388.12,0,0.187,0,1,0
TXN111044,69.27,10,3.15,34.26,0,0.284,0,0,0
TXN111045,66.12,13,9.64,103.87,1,0.245,0,0,0
TXN111046,138.52,4,10.5,155.19,1,0.324,0,1,0
TXN111047,85.6,10,2.9,157.52,0,0.312,0,1,0
TXN111048,9.47,17,0.6,352.17,0,0.295,0,1,0
TXN111049,65.59,11,12.82,10.75,0,0.1,0,1,0
TXN111050,153.62225146217503,12,31.59301631579843,128.7,0,0.633908038855469,0,0,0
TXN111051,95.2,23,14.37,89.46,1,0.259,0,1,0
TXN111052,289.39,2,201.41,10.38,3,0.9,1,0,1
TXN111053,58.27,16,2.89,729.21,0,0.418,0,1,0
TXN111054,129.05,21,2.99,19.09,0,0.39,0,0,0
TXN111055,30.21,18,10.53,80.28,0,0.343,0,1,0
TXN111056,15.37,12,4.24,377.53,0,0.607,0,1,0
TXN111057,106.95,13,4.42,438.07,0,0.067,0,1,0
TXN111058,59.46,12,0.17,83.31,0,0.118,0,1,0
TXN111059,90.48,16,11.25,573.69,0,0.249,0,1,0
TXN111060,40.11,19,4.71,11.3,0,0.343,0,1,0
TXN111061,101.78,11,15.01,11.52,1,0.397,0,1,0
TXN111062,54.46,12,2.97,362.4,2,0.167,0,1,0
TXN111063,421.8540175460803,14,17.55549064125994,1.09,0,0.585637190695596,0,1,0
TXN111064,84.7,13,9.03,13.82,0,0.129,0,1,0
TXN111065,38.02,9,1.35,8.75,0,0.393,0,1,0
TXN111066,133.77,16,8.49,1.94,0,0.344,0,0,0
TXN111067,6.87,20,13.25,345.93,0,0.4,0,1,0
TXN111068,137.47,10,1.2,26.46,0,0.46,0,1,0
TXN111069,117.79,19,4.45,64.23,1,0.549,0,1,0
TXN111070,79.41,15,4.44,1.33,0,0.563,0,1,0
TXN111071,28.79,11,2.33,84.02,1,0.504,1,1,0
TXN111072,55.72,10,16.32,179.99,0,0.332,0,1,0
TXN111073,118.59,14,4.8,31.73,0,0.294,0,1,0
TXN111074,120.51,9,8.44,13.71,0,0.45,0,1,0
TXN111075,96.86,11,0.24,280.24,1,0.176,0,1,0
TXN111076,132.85,9,2.9,44.73,0,0.173,0,1,0
TXN111077,81.58,9,6.94,66.02,0,0.479,0,1,0
TXN111078,97.95,15,2.86,170.9,0,0.512,0,1,0
TXN111079,69.51,19,11.89,283.52,0,0.482,0,0,0
TXN111080,30.01,17,23.84,137.2,1,0.615,0,1,0
TXN111081,41.05,16,9.96,137.96,2,0.057,0,0,0
TXN111082,67.69,11,22.82,16.46,2,0.063,0,0,0
TXN111083,56.99,14,10.94,24.19,0,0.484,0,1,0
TXN111084,413.8013413062229,12,162.19980645088668,270.7,0,0.5872515862994124,0,1,0
TXN111085,122.16,16,8.39,80.8,0,0.316,0,0,0
TXN111086,136.85,15,3.73,44.41,0,0.266,0,1,0
TXN111087,119.3,1,1.38,306.83,2,0.302,0,1,0
TXN111088,34.26,14,3.97,213.02,0,0.394,0,1,0
TXN111089,38.8,16,7.51,2.25,0,0.461,0,0,0
TXN111090,89.42,10,1.73,6.47,1,0.094,0,1,0
TXN111091,129.72,9,10.58,72.3,0,0.248,0,1,0
TXN111092,97.54,20,4.02,10.03,0,0.505,0,1,0
TXN111093,48.58,11,12.91,37.46,0,0.203,0,1,0
TXN111094,34.99,21,0.73,133.84,0,0.224,0,1,0
TXN111095,44.08,0,2.21,91.04,0,0.321,0,1,0
TXN111096,174.85,9,0.8,9.2,0,0.193,0,1,0
TXN111097,53.37,11,4.84,117.69,0,0.169,0,1,0
TXN111098,57.42,8,9.07,81.1,0,0.632,0,1,0
TXN111099,109.21,0,4.31,52.69,2,0.205,0,0,0
TXN111100,22.63,14,11.26,64.88,0,0.147,0,0,0
TXN111101,47.58,18,3.31,239.14,0,0.092,1,1,0
TXN111102,125.87,19,2.56,71.42,0,0.22,0,1,0
TXN111103,137.3,14,3.14,51.24,0,0.053,0,1,0
TXN111104,101.45,14,9.56,118.5,0,0.179,0,1,0
TXN111105,131.54,20,12.64,8.86,1,0.145,0,1,0
TXN111106,46.84,19,9.25,71.47,1,0.433,0,1,0
TXN111107,61.52,12,10.2,587.6,1,0.52,0,0,0
TXN111108,59.83,19,4.53,110.68,0,0.089,0,1,0
TXN111109,66.52,13,7.49,148.32,2,0.528,0,1,0
TXN111110,25.94,13,3.62,136.77,0,0.579,0,1,0
TXN111111,106.12,1,4.47,63.13,0,0.28,0,1,0
TXN111112,47.77,14,14.42,202.01,0,0.428,0,1,0
TXN111113,61.18,20,7.56,223.05,0,0.373,0,1,0
TXN111114,174.60393002105755,12,71.03685448463206,49.3,0,0.7021310249526118,0,0,0
TXN111115,56.73,13,2.34,17.83,0,0.073,0,1,0
TXN111116,129.01,1,0.52,38.83,0,0.134,0,1,0
TXN111117,150.96,15,2.99,127.9,0,0.112,0,1,0
TXN111118,232.57,11,4.75,66.91,0,0.512,0,1,0
TXN111119,102.3,8,0.19,453.95,0,0.682,0,0,0
TXN111120,21.68,16,11.03,136.79,0,0.266,0,1,0
TXN111121,159.73,5,10.46,76.55,0,0.4,0,1,0
TXN111122,81.2,10,5.16,33.22,1,0.351,0,0,0
TXN111123,39.84,23,15.33,65.74,0,0.086,0,1,0
TXN111124,115.36,17,3.8,80.17,0,0.05,0,0,0
TXN111125,61.69,17,1.58,98.48,0,0.347,0,1,0
TXN111126,1510.48,11,352.58,1.09,4,0.606,1,0,1
TXN111127,52.06,3,8.25,105.02,0,0.221,0,1,0
TXN111128,101.02,18,3.05,44.23,0,0.253,0,1,0
TXN111129,433.52,9,95.06,3.11,3,0.736,0,1,1
TXN111130,159.25,12,10.17,265.25,1,0.452,0,1,0
TXN111131,102.75,18,3.96,27.68,0,0.335,0,1,0
TXN111132,68.65,16,9.13,125.8,0,0.531,0,1,0
TXN111133,103.88,12,7.32,267.62,0,0.31,0,1,0
TXN111134,71.35,17,3.41,228.43,1,0.246,0,1,0
TXN111135,236.81,20,5.6,472.19,0,0.226,0,1,0
TXN111136,23.22,16,16.67,138.16,0,0.43,0,1,0
TXN111137,84.5,8,7.12,74.35,0,0.129,0,1,0
TXN111138,65.66,12,3.23,37.03,0,0.265,0,1,0
TXN111139,32.8,11,8.77,122.52,0,0.073,0,0,0
TXN111140,37.92,11,18.49,30.14,0,0.158,0,0,0
TXN111141,79.39,9,2.28,73.06,0,0.167,0,1,0
TXN111142,174.52,7,6.23,146.83,0,0.42,0,0,0
TXN111143,49.61,16,4.32,377.64,0,0.323,0,1,0
TXN111144,22.39,17,4.2,114.22,1,0.103,0,1,0
TXN111145,254.76,14,5.65,92.92,0,0.441,0,1,0
TXN111146,21.77,4,1.65,16.47,0,0.345,0,1,0
TXN111147,92.08,18,3.88,124.24,0,0.144,0,1,0
TXN111148,69.83,11,11.28,211.72,1,0.429,0,1,0
TXN111149,12.3,16,3.35,41.55,0,0.154,0,0,0
TXN111150,50.41,21,8.88,73.0,0,0.507,0,1,0
TXN111151,34.11,14,11.64,69.63,0,0.387,0,1,0
TXN111152,65.2,10,26.11,234.68,0,0.306,0,1,0
TXN111153,112.75,20,17.96,481.73,0,0.125,0,1,0
TXN111154,264.25722807034896,9,37.42786939584138,98.76,0,0.69476649010688,0,0,0
TXN111155,69.01,18,15.31,75.22,1,0.315,0,0,0
TXN111156,14.89,8,1.63,52.41,0,0.102,0,0,0
TXN111157,17.74,19,5.3,49.32,3,0.553,0,1,0
TXN111158,70.87,14,3.15,10.65,0,0.183,0,1,0
TXN111159,120.26,13,2.44,254.5,0,0.07,1,1,0
TXN111160,6.26,20,8.76,69.36,0,0.046,0,1,0
TXN111161,138.36,19,6.28,654.85,0,0.41,0,1,0
TXN111162,83.26,20,11.11,51.23,0,0.141,0,1,0
TXN111163,35.61,1,3.96,68.9,0,0.404,0,1,0
TXN111164,67.37,17,19.13,7.47,0,0.041,0,1,0
TXN111165,66.52,19,7.89,71.17,0,0.259,0,1,0
TXN111166,23.85,14,5.88,83.34,0,0.102,0,1,0
TXN111167,18.63,11,12.16,102.16,1,0.119,0,1,0
TXN111168,215.71,4,2.3,43.87,0,0.216,0,1,0
TXN111169,41.85,2,0.22,212.28,0,0.048,1,0,0
TXN111170,97.49,8,13.9,35.39,0,0.429,0,1,0
TXN111171,62.99,11,7.03,164.82,0,0.221,0,1,0
TXN111172,791.3,7,40.93,1.58,4,0.847,1,0,1
TXN111173,39.13,9,7.53,97.78,0,0.267,0,0,0
TXN111174,231.3382949263066,12,89.62622828240826,31.29,0,0.5187966208097933,0,1,0
TXN111175,54.72,23,5.09,35.73,0,0.24,0,0,0
TXN111176,86.27,4,16.87,18.33,0,0.573,0,1,0
TXN111177,37.06,9,1.03,59.33,0,0.186,0,0,0
TXN111178,115.65942560718396,19,109.36206538882156,51.35,0,0.7323850222782329,0,1,0
TXN111179,105.31,3,218.42,0.0,8,0.731,1,0,1
TXN111180,34.0,15,8.33,12.75,1,0.453,1,1,0
TXN111181,45.17,13,8.16,34.15,0,0.083,0,1,0
TXN111182,58.04,6,3.74,161.54,0,0.239,0,1,0
TXN111183,40.57,20,1.17,279.74,0,0.062,0,1,0
TXN111184,7.94,13,15.35,23.2,0,0.28,0,0,0
TXN111185,50.14,11,7.46,46.41,1,0.151,0,1,0
TXN111186,30.17,6,7.51,25.33,0,0.136,0,1,0
TXN111187,45.84,9,2.57,286.46,0,0.255,0,1,0
TXN111188,61.7,12,4.83,97.88,1,0.394,0,1,0
TXN111189,119.27,18,2.93,74.14,1,0.138,0,1,0
TXN111190,71.42,8,8.72,240.1,0,0.109,0,1,0
TXN111191,42.56,18,11.4,63.83,1,0.12,1,1,0
TXN111192,129.71,9,5.08,307.87,0,0.526,0,1,0
TXN111193,165.51,18,6.5,87.16,1,0.319,0,1,0
TXN111194,14.57,14,0.64,10.03,0,0.263,0,1,0
TXN111195,68.9,9,1.62,7.78,0,0.346,0,1,0
TXN111196,19.4,15,2.26,360.72,0,0.238,0,1,0
TXN111197,46.91,16,4.43,52.46,1,0.16,0,1,0
TXN111198,16.24,7,6.81,79.23,0,0.298,0,1,0
TXN111199,272.72,6,522.23,4.03,5,0.816,0,0,1
TXN111200,117.98,17,7.86,151.98,0,0.147,0,1,0
TXN111201,69.64,16,3.43,149.95,0,0.204,0,1,0
TXN111202,140.0,11,2.49,14.86,0,0.536,0,0,0
TXN111203,41.46,8,14.39,110.83,0,0.263,0,1,0
TXN111204,426.1499917079276,14,33.72388562895782,230.11,0,0.5032973763022323,0,1,0
TXN111205,63.57,15,7.47,255.56,0,0.171,0,1,0
TXN111206,109.36,15,2.29,49.63,1,0.416,0,1,0
TXN111207,121.24,13,4.34,137.57,1,0.095,0,0,0
TXN111208,185.86,16,274.59,2.65,1,0.863,1,0,1
TXN111209,89.04,8,2.67,99.76,0,0.155,0,0,0
TXN111210,119.9,8,6.39,272.67,1,0.051,0,1,0
TXN111211,40.61,17,3.81,40.81,0,0.717,0,0,0
TXN111212,85.37,11,4.12,2.92,0,0.263,0,1,0
TXN111213,60.197418399170644,1,150.7193531150214,292.89,0,0.6298892020845663,0,1,0
TXN111214,162.2,17,6.25,6.71,0,0.035,0,1,0
TXN111215,97.25,11,7.96,2.72,0,0.395,0,1,0
TXN111216,85.18,10,2.02,4.78,0,0.369,0,1,0
TXN111217,62.15,13,6.0,87.97,0,0.579,0,0,0
TXN111218,100.08,7,6.19,90.17,0,0.365,0,1,0
TXN111219,110.55,1,15.08,185.67,0,0.24,0,1,0
TXN111220,42.73,9,0.87,94.08,0,0.692,0,1,0
TXN111221,138.33,2,3.03,347.07,0,0.312,0,1,0
TXN111222,97.17,16,0.22,537.5,2,0.135,0,1,0
TXN111223,877.84,3,112.07,3.67,8,0.748,1,1,1
TXN111224,146.48,5,1.87,236.71,0,0.219,0,1,0
TXN111225,94.06,0,2.19,18.04,2,0.171,0,1,0
TXN111226,116.36,15,2.49,39.34,0,0.418,0,1,0
TXN111227,10.44,21,2.35,0.42,1,0.092,0,1,0
TXN111228,12.76,19,0.62,122.21,0,0.24,0,1,0
TXN111229,257.86,11,18.74,463.1,1,0.368,0,1,0
TXN111230,24.97,2,2.5,178.45,0,0.256,0,0,0
TXN111231,71.79,9,6.23,48.02,0,0.653,0,1,0
TXN111232,42.37,13,9.76,103.24,0,0.112,0,1,0
TXN111233,84.74,7,7.21,153.7,1,0.489,0,1,0
TXN111234,143.21,0,8.19,3.59,1,0.09,0,1,0
TXN111235,39.23,1,0.28,14.64,0,0.637,0,1,0
TXN111236,105.72,4,11.59,86.33,0,0.1,0,1,0
TXN111237,54.87,17,17.57,27.48,0,0.277,0,1,0
TXN111238,108.07,9,4.77,71.76,0,0.185,0,1,0
TXN111239,51.56,15,4.03,117.09,0,0.406,0,1,0
TXN111240,65.5,17,3.34,31.42,0,0.295,0,1,0
TXN111241,251.85,7,4.26,161.09,0,0.658,0,1,0
TXN111242,237.34,8,1.83,4.8,1,0.124,0,1,0
TXN111243,17.7,13,2.24,29.19,1,0.157,0,1,0
TXN111244,52.09,17,8.04,20.12,2,0.147,0,1,0
TXN111245,183.68677677389582,8,52.380329785805145,216.1,0,0.582513567006522,0,1,0
TXN111246,135.78,20,2.99,71.88,0,0.54,0,1,0
TXN111247,374.16,0,25.84,36.58,0,0.509,1,1,0
TXN111248,25.15,17,13.21,48.2,0,0.319,0,1,0
TXN111249,47.96,21,11.33,230.99,1,0.703,0,1,0
TXN111250,353.9423466550608,21,49.69930345084262,343.37,0,0.7042157003962839,0,1,0
TXN111251,1036.92,7,99.92,2.71,2,0.916,0,0,1
TXN111252,88.68,11,3.95,118.33,1,0.319,0,1,0
TXN111253,83.6,17,1.48,82.71,0,0.567,0,1,0
TXN111254,17.13,8,7.07,388.39,0,0.103,0,1,0
TXN111255,50.76,16,1.42,7.83,1,0.304,0,1,0
TXN111256,49.92,13,3.42,1.13,1,0.277,0,1,0
TXN111257,51.68,11,3.0,76.35,2,0.155,0,1,0
TXN111258,5.89,15,6.75,126.93,0,0.127,0,0,0
TXN111259,88.73,15,12.36,105.68,0,0.175,0,0,0
TXN111260,11.95,8,9.97,30.7,0,0.133,0,1,0
TXN111261,18.8,12,2.33,99.89,0,0.257,0,1,0
TXN111262,35.45,9,6.39,176.86,1,0.384,0,1,0
TXN111263,66.91,18,0.96,65.02,0,0.184,0,0,0
TXN111264,33.1,13,1.78,166.1,0,0.187,0,1,0
TXN111265,35.04,17,5.68,400.21,1,0.185,1,0,0
TXN111266,28.86,14,25.85,133.51,1,0.766,0,0,0
TXN111267,574.77,17,156.73,0.79,5,0.637,1,0,1
TXN111268,38.75,18,14.01,92.03,0,0.513,0,1,0
TXN111269,122.9734678693281,15,34.949090360380964,108.48,1,0.6149775437084173,0,1,0
TXN111270,88.85,23,5.8,139.94,1,0.063,0,1,0
TXN111271,18.08,11,2.38,130.7,0,0.132,0,1,0
TXN111272,76.63,11,11.29,106.37,0,0.176,0,1,0
TXN111273,72.88,16,6.74,47.29,0,0.127,0,1,0
TXN111274,39.05,8,0.44,10.41,0,0.446,0,1,0
TXN111275,74.51,4,5.04,73.62,2,0.376,0,1,0
TXN111276,172.4,9,3.65,34.61,0,0.24,0,0,0
TXN111277,76.39,0,17.7,44.15,0,0.239,0,1,0
TXN111278,34.7,20,1.76,100.44,0,0.319,0,1,0
TXN111279,189.77,20,9.75,154.31,0,0.432,1,1,0
TXN111280,125.0,18,9.85,37.13,1,0.18,0,1,0
TXN111281,13.71,1,1.52,109.79,0,0.348,0,1,0
TXN111282,134.53,18,15.04,410.69,0,0.437,0,1,0
TXN111283,34.97,19,1.1,62.29,0,0.43,0,0,0
TXN111284,29.58,18,13.16,293.82,0,0.25,0,0,0
TXN111285,39.69,17,2.06,197.67,0,0.237,0,0,0
TXN111286,69.39,13,32.68,133.82,1,0.614,1,1,0
TXN111287,49.14,5,3.32,92.7,0,0.159,0,1,0
TXN111288,642.18,12,138.88,2.09,4,0.91,1,0,1
TXN111289,196.12,8,10.36,458.87,0,0.367,0,0,0
TXN111290,88.56,10,16.06,96.48,0,0.048,0,1,0
TXN111291,23.13,8,20.91,547.25,1,0.225,0,1,0
TXN111292,28.16,13,1.89,43.32,0,0.162,0,1,0
TXN111293,72.02,20,3.55,8.45,0,0.31,1,1,0
TXN111294,242.52223502638535,19,27.949908609455274,340.07,0,0.5457032379599741,0,1,0
TXN111295,4.59,16,1.28,287.47,1,0.326,0,1,0
TXN111296,698.66,21,138.56,1.36,4,0.527,1,0,1
TXN111297,62.29,23,8.07,105.05,0,0.253,0,1,0
TXN111298,110.71,22,1.43,97.17,1,0.627,0,1,0
TXN111299,8.8,11,9.99,324.18,1,0.322,0,1,0
TXN111300,42.89,17,9.36,71.23,1,0.363,0,1,0
TXN111301,112.89,16,13.3,113.98,0,0.232,0,0,0
TXN111302,23.42,10,6.63,23.31,0,0.267,0,1,0
TXN111303,12.53,5,6.77,410.44,0,0.249,0,1,0
TXN111304,166.24,10,19.44,33.38,1,0.281,0,1,0
TXN111305,218.55,1,11.17,77.64,0,0.321,0,0,0
TXN111306,59.31,18,2.03,156.62,0,0.163,0,1,0
TXN111307,48.5,19,5.7,16.69,1,0.159,0,1,0
TXN111308,89.86,7,3.13,9.54,0,0.432,0,1,0
TXN111309,60.2,3,19.91,137.68,1,0.221,1,1,0
TXN111310,223.48,19,15.74,29.05,1,0.129,0,1,0
TXN111311,240.01,16,17.67,39.84,1,0.319,0,1,0
TXN111312,14.47,1,1.18,233.34,1,0.588,0,1,0
TXN111313,67.59,0,6.25,27.59,0,0.18,1,1,0
TXN111314,116.46,5,1.96,87.9,0,0.168,0,0,0
TXN111315,51.2,19,8.01,97.96,0,0.335,0,0,0
TXN111316,34.3,16,16.92,403.13,0,0.171,0,0,0
TXN111317,54.69,18,18.07,39.79,2,0.286,0,1,0
TXN111318,103.45,19,4.83,308.8,0,0.132,0,1,0
TXN111319,36.39,11,6.9,24.29,0,0.058,0,1,0
TXN111320,84.65,1,5.7,173.01,0,0.402,0,1,0
TXN111321,58.93,20,2.5,45.14,0,0.342,1,1,0
TXN111322,23.4,8,1.5,30.78,0,0.384,0,1,0
TXN111323,58.87,17,12.98,62.12,0,0.474,0,1,0
TXN111324,453.5273244123017,13,19.854215997198438,216.47,0,0.6013554707473117,0,1,0
TXN111325,389.7753918327061,0,16.115024879195243,35.19,0,0.7669790419906106,1,0,0
TXN111326,84.29,15,7.85,31.01,1,0.24,0,1,0
TXN111327,30.57,13,1.45,298.25,0,0.217,0,1,0
TXN111328,191.79030136218725,14,29.375184738337968,257.94,1,0.7713146974833796,0,0,0
TXN111329,62.34,11,16.15,29.75,1,0.449,0,1,0
TXN111330,88.05,22,3.25,121.04,1,0.141,0,1,0
TXN111331,40.18,10,1.07,158.86,0,0.245,0,1,0
TXN111332,280.35,1,98.21,5.66,4,0.758,1,0,1
TXN111333,239.2,2,11.19,17.1,2,0.331,0,1,0
TXN111334,264.55,16,26.25,16.69,0,0.504,0,1,0
TXN111335,10.63,22,1.77,223.05,0,0.045,0,1,0
TXN111336,191.14857535460803,16,49.567182430338,60.76,0,0.5804694096709544,0,1,0
TXN111337,64.08,13,1.47,93.99,1,0.326,0,0,0
TXN111338,660.4207300385409,16,260.64591406385716,213.38,0,0.6429013644423128,0,1,0
TXN111339,84.0,14,1.95,49.9,0,0.21,0,0,0
TXN111340,94.0836396407462,20,210.84284682591615,226.73,1,0.6475798297932465,0,1,0
TXN111341,142.11,8,9.86,144.01,0,0.113,0,0,0
TXN111342,87.38,4,4.07,26.3,1,0.31,0,1,0
TXN111343,18.35,16,7.41,192.37,0,0.412,0,1,0
TXN111344,163.29,8,12.87,439.27,1,0.53,0,1,0
TXN111345,41.27,9,2.23,144.05,0,0.443,0,1,0
TXN111346,26.06,19,2.87,59.35,1,0.04,0,1,0
TXN111347,77.38,18,13.52,116.74,0,0.226,0,1,0
TXN111348,18.33,8,15.82,4.54,0,0.386,0,1,0
TXN111349,65.89,14,5.1,244.19,0,0.408,0,1,0
TXN111350,56.05,14,20.54,66.71,0,0.122,0,1,0
TXN111351,104.75,19,14.99,45.35,0,0.105,0,1,0
TXN111352,85.06,14,12.26,32.24,0,0.518,0,1,0
TXN111353,63.53,10,9.15,17.33,0,0.38,0,1,0
TXN111354,20.02,17,0.46,66.94,0,0.119,0,1,0
TXN111355,174.74,19,31.46,2.64,7,0.899,1,0,1
TXN111356,132.68,7,10.14,80.52,0,0.417,0,1,0
TXN111357,101.23,13,20.39,94.62,0,0.222,0,1,0
TXN111358,102.32,7,1.32,504.12,0,0.227,0,1,0
TXN111359,175.36,13,3.47,24.32,0,0.136,0,1,0
TXN111360,8.08,19,4.8,145.59,0,0.44,0,1,0
TXN111361,67.71,17,3.49,71.05,1,0.207,0,1,0
TXN111362,152.0,9,0.48,90.1,0,0.443,0,1,0
TXN111363,23.2,18,12.03,69.47,0,0.33,0,0,0
TXN111364,162.77,9,9.54,123.3,1,0.122,0,1,0
TXN111365,39.33,10,0.74,104.27,0,0.159,0,0,0
TXN111366,102.78,19,18.56,22.85,0,0.225,1,1,0
TXN111367,22.69,14,7.39,187.73,1,0.207,1,1,0
TXN111368,116.16,6,0.55,263.28,0,0.106,0,1,0
TXN111369,162.85,12,4.53,37.6,2,0.104,0,1,0
TXN111370,75.22,11,8.71,36.06,0,0.238,0,1,0
TXN111371,189.58,17,10.33,123.2,0,0.128,0,0,0
TXN111372,168.36,15,1.98,29.26,1,0.46,0,1,0
TXN111373,29.17,1,1.62,2.41,0,0.401,0,1,0
TXN111374,92.76,13,6.1,27.1,0,0.431,0,1,0
TXN111375,11.47,19,1.12,263.34,1,0.139,0,1,0
TXN111376,66.36,10,10.72,20.37,1,0.226,1,1,0
TXN111377,62.09,9,10.97,278.91,0,0.045,1,0,0
TXN111378,177.33,9,11.68,47.46,1,0.283,0,1,0
TXN111379,70.97,2,13.3,154.56,0,0.275,0,1,0
TXN111380,85.28,15,1.28,14.31,0,0.315,0,1,0
TXN111381,30.82,21,4.74,134.38,1,0.33,0,1,0
TXN111382,28.08,8,4.07,54.89,0,0.498,0,1,0
TXN111383,170.29,22,9.08,213.71,0,0.21,0,1,0
TXN111384,32.06,19,5.33,46.38,0,0.219,0,1,0
TXN111385,70.29,13,7.6,12.09,0,0.166,0,0,0
TXN111386,25.4,18,5.28,57.0,0,0.272,0,1,0
TXN111387,36.61,7,13.61,46.3,0,0.52,0,1,0
TXN111388,94.87,5,1.5,13.33,0,0.065,0,1,0
TXN111389,50.73,4,4.26,15.13,1,0.129,0,1,0
TXN111390,40.64,9,1.25,18.51,2,0.078,0,1,0
TXN111391,133.16,17,3.57,256.03,1,0.158,0,0,0
TXN111392,90.54,20,15.14,73.45,0,0.067,0,1,0
TXN111393,115.76,18,4.09,71.8,1,0.507,0,1,0
TXN111394,71.54,19,16.76,72.15,0,0.237,0,1,0
TXN111395,39.25,15,5.14,6.61,2,0.53,0,0,0
TXN111396,35.62,13,4.92,180.67,2,0.485,0,1,0
TXN111397,111.19,3,1.29,204.65,0,0.55,0,0,0
TXN111398,105.99,14,365.3,8.62,1,0.593,1,0,1
TXN111399,136.11,12,5.13,141.42,0,0.213,0,1,0
TXN111400,39.97,8,10.5,68.88,0,0.324,0,1,0
TXN111401,149.84,0,2.41,34.04,0,0.228,0,1,0
TXN111402,49.34,14,9.44,15.24,0,0.278,1,0,0
TXN111403,44.64,23,2.25,132.58,0,0.316,0,0,0
TXN111404,92.87,16,7.34,391.2,0,0.121,0,1,0
TXN111405,13.66,12,5.05,1.4,0,0.249,0,1,0
TXN111406,30.79,8,13.2,208.76,0,0.25,0,1,0
TXN111407,219.71,13,1.43,63.22,1,0.377,0,0,0
TXN111408,160.98,9,7.22,141.04,0,0.651,0,1,0
TXN111409,161.42,13,1.28,95.12,0,0.291,0,0,0
TXN111410,182.17,17,10.0,397.01,0,0.412,0,1,0
TXN111411,159.27,15,8.14,22.53,0,0.396,0,0,0
TXN111412,27.23,16,4.34,301.22,1,0.194,0,1,0
TXN111413,28.95,11,15.21,412.73,0,0.183,0,1,0
TXN111414,14.86,20,0.67,51.63,0,0.42,0,0,0
TXN111415,71.49,13,6.55,467.7,0,0.132,0,1,0
TXN111416,124.96,16,9.22,55.96,0,0.195,0,1,0
TXN111417,81.65,9,2.49,60.48,0,0.166,0,0,0
TXN111418,149.32,17,16.0,77.77,0,0.109,0,0,0
TXN111419,74.39,19,4.35,261.87,0,0.433,0,1,0
TXN111420,151.18,14,0.52,30.07,1,0.418,0,1,0
TXN111421,35.76,20,4.97,66.67,0,0.336,0,1,0
TXN111422,11.65,13,20.32,351.2,0,0.137,0,0,0
TXN111423,132.81,9,1.61,237.65,0,0.066,0,0,0
TXN111424,39.84,13,4.99,31.85,0,0.225,0,1,0
TXN111425,29.14,11,8.98,79.64,0,0.207,0,1,0
TXN111426,21.84,18,6.33,49.19,0,0.477,0,1,0
TXN111427,115.1,9,13.5,53.1,0,0.289,0,1,0
TXN111428,95.14,7,8.49,97.68,0,0.308,0,1,0
TXN111429,107.02,20,7.65,19.94,0,0.48,0,1,0
TXN111430,223.25,22,16.42,228.38,1,0.521,0,1,0
TXN111431,103.7,12,1.55,89.88,0,0.524,0,0,0
TXN111432,72.72,18,0.17,28.49,0,0.062,0,1,0
TXN111433,46.18,11,8.87,8.26,0,0.078,0,1,0
TXN111434,38.65,19,11.16,51.54,0,0.203,0,0,0
TXN111435,256.88,9,2.47,74.65,0,0.484,0,1,0
TXN111436,12.96,1,1.12,161.72,1,0.19,0,1,0
TXN111437,43.89,12,32.61,37.4,0,0.298,0,1,0
TXN111438,85.46,14,3.37,31.79,0,0.073,0,1,0
TXN111439,43.59,22,12.24,86.96,0,0.317,0,0,0
TXN111440,37.46,19,5.33,70.77,1,0.379,1,1,0
TXN111441,56.3,18,17.11,250.74,0,0.085,0,1,0
TXN111442,102.81,17,8.16,195.02,0,0.082,0,0,0
TXN111443,43.78,16,16.39,32.84,0,0.503,0,1,0
TXN111444,112.1,16,2.99,331.75,0,0.278,0,1,0
TXN111445,68.57,18,1.34,240.82,0,0.341,0,1,0
TXN111446,141.74,7,10.4,273.46,2,0.12,0,1,0
TXN111447,344.29,8,160.97,4.95,2,0.76,0,1,1
TXN111448,51.15,10,8.56,91.25,0,0.592,0,0,0
TXN111449,197.01,16,14.0,104.0,1,0.475,0,0,0
TXN111450,44.39,9,10.68,102.81,0,0.355,1,0,0
TXN111451,46.06,1,7.25,67.01,0,0.068,0,1,0
TXN111452,214.22,10,1.86,80.9,0,0.23,0,1,0
TXN111453,42.74,18,5.91,118.4,0,0.2,0,1,0
TXN111454,89.66,14,3.0,12.47,1,0.295,0,0,0
TXN111455,27.83,17,7.48,131.57,0,0.313,0,1,0
TXN111456,72.78,3,13.98,324.22,1,0.247,0,1,0
TXN111457,139.19,17,19.59,165.01,1,0.102,0,0,0
TXN111458,77.55,8,7.85,59.91,3,0.302,0,1,0
TXN111459,37.4,10,4.15,239.32,0,0.316,0,1,0
TXN111460,86.57,18,7.25,121.93,0,0.223,1,1,0
TXN111461,39.22,8,15.35,147.06,0,0.254,0,1,0
TXN111462,189.97,8,157.89,3.26,3,0.961,0,0,1
TXN111463,152.11,13,13.48,90.52,0,0.383,1,1,0
TXN111464,32.38,8,5.69,132.72,0,0.204,0,1,0
TXN111465,39.08,0,12.86,130.1,0,0.218,0,1,0
TXN111466,54.27,7,9.44,42.49,0,0.143,0,1,0
TXN111467,62.1,2,3.1,174.24,0,0.134,0,1,0
TXN111468,111.69,7,1.65,18.56,2,0.479,0,1,0
TXN111469,126.72,11,15.42,54.31,0,0.424,0,0,0
TXN111470,37.73,21,3.58,67.82,0,0.207,0,0,0
TXN111471,113.24,23,3.95,38.97,0,0.452,0,1,0
TXN111472,74.65,17,7.81,13.7,0,0.26,0,1,0
TXN111473,83.6,4,2.23,19.79,0,0.65,0,1,0
TXN111474,67.88,15,13.44,49.87,0,0.056,0,1,0
TXN111475,213.39,2,11.95,6.26,0,0.501,0,0,0
TXN111476,33.49,12,15.8,7.84,1,0.424,0,1,0
TXN111477,50.69,12,5.9,37.8,1,0.152,1,1,0
TXN111478,54.23,13,5.83,4.03,1,0.258,0,1,0
TXN111479,72.9,8,7.9,125.77,1,0.258,0,1,0
TXN111480,29.22,13,8.97,36.52,0,0.162,0,1,0
TXN111481,20.68,9,7.69,42.18,0,0.385,0,1,0
TXN111482,75.26,16,5.3,65.82,0,0.149,0,0,0
TXN111483,97.28,22,23.92,18.88,0,0.586,0,1,0
TXN111484,132.29,10,3.74,9.48,0,0.046,0,1,0
TXN111485,39.26,20,7.84,405.5,3,0.177,0,1,0
TXN111486,26.99,17,4.55,443.13,0,0.193,0,0,0
TXN111487,131.1,11,5.59,156.24,0,0.255,0,1,0
TXN111488,89.1,10,7.8,150.36,0,0.263,0,1,0
TXN111489,127.11,5,5.65,239.65,1,0.105,0,1,0
TXN111490,15.69,16,9.77,167.7,0,0.103,0,1,0
TXN111491,8.84,18,20.14,178.43,0,0.736,0,1,0
TXN111492,35.12,20,11.82,39.08,1,0.172,1,1,0
TXN111493,184.19,16,10.99,42.84,0,0.264,0,1,0
TXN111494,167.44016716771262,18,27.44709466403657,142.6,2,0.6488367046071729,0,1,0
TXN111495,71.15,21,4.52,172.2,0,0.324,1,1,0
TXN111496,196.09,18,3.01,321.91,0,0.264,0,0,0
TXN111497,102.19,17,27.81,141.01,0,0.231,0,1,0
TXN111498,180.21,15,1.45,86.83,1,0.308,0,1,0
TXN111499,50.01,20,7.97,24.59,0,0.278,0,1,0
TXN111500,358.0969344802877,1,14.444944752889374,23.25,0,0.7983270201843073,0,1,0
TXN111501,44.77,14,1.82,18.41,0,0.149,0,1,0
TXN111502,62.75,9,7.46,67.33,0,0.485,0,1,0
TXN111503,17.54,22,12.37,41.55,1,0.178,0,1,0
TXN111504,116.71,19,13.81,16.69,0,0.253,0,0,0
TXN111505,93.71,21,6.42,85.09,0,0.059,0,0,0
TXN111506,96.04,15,2.45,2.97,0,0.385,0,0,0
TXN111507,283.18,19,14.62,70.0,0,0.479,0,1,0
TXN111508,137.33,16,12.5,459.79,0,0.362,0,1,0
TXN111509,44.4,15,1.79,59.91,0,0.178,0,0,0
TXN111510,20.5,13,6.38,276.65,0,0.165,0,0,0
TXN111511,56.96,18,9.45,313.49,0,0.328,0,1,0
TXN111512,100.8,9,1.82,5.44,0,0.377,0,1,0
TXN111513,17.16,18,9.23,68.23,0,0.642,0,1,0
TXN111514,58.47,2,15.51,67.63,0,0.512,0,1,0
TXN111515,121.41,10,12.19,67.86,0,0.517,0,1,0
TXN111516,91.37,13,11.6,16.45,0,0.435,0,1,0
TXN111517,859.99,6,64.1,4.66,3,0.342,1,0,1
TXN111518,60.02,14,7.28,54.36,1,0.63,0,1,0
TXN111519,60.92,14,5.43,24.59,1,0.397,0,1,0
TXN111520,32.88,21,6.23,386.79,0,0.037,0,1,0
TXN111521,17.31,8,2.15,457.51,0,0.204,0,1,0
TXN111522,56.89,10,3.69,140.8,1,0.227,0,1,0
TXN111523,188.11,13,6.25,2.2,0,0.131,1,1,0
TXN111524,97.7,20,11.15,17.89,0,0.219,0,1,0
TXN111525,141.44,19,21.83,27.09,0,0.166,0,1,0
TXN111526,591.8468919421923,17,235.73048641896017,5.52,0,0.7374131868701439,0,1,0
TXN111527,79.78,16,1.37,159.56,1,0.212,1,1,0
TXN111528,189.99,5,6.65,53.3,0,0.242,0,1,0
TXN111529,89.34,9,4.24,159.51,0,0.461,0,0,0
TXN111530,38.23,21,7.3,29.86,0,0.27,0,1,0
TXN111531,88.94,11,22.8,245.15,0,0.459,0,1,0
TXN111532,48.02,15,0.71,258.08,0,0.268,0,1,0
TXN111533,84.13,8,5.07,21.26,0,0.07,0,1,0
TXN111534,67.25,20,1.07,1.97,0,0.551,0,1,0
TXN111535,148.23,9,6.08,17.11,0,0.412,0,1,0
TXN111536,64.31398321557099,11,157.16325928183807,153.73,0,0.6137848171308956,0,0,0
TXN111537,91.9,15,2.46,210.53,0,0.083,0,0,0
TXN111538,50.16,14,14.38,219.16,0,0.225,0,0,0
TXN111539,96.16,1,8.55,110.56,0,0.391,0,1,0
TXN111540,149.7,18,5.48,303.97,0,0.283,0,1,0
TXN111541,32.83,15,0.9,13.13,0,0.202,0,1,0
TXN111542,127.94,23,17.52,152.89,1,0.548,0,1,0
TXN111543,152.44,16,12.98,195.04,0,0.442,0,1,0
TXN111544,89.36,16,13.65,2.36,0,0.303,0,1,0
TXN111545,43.02,8,1.57,0.25,0,0.292,0,1,0
TXN111546,60.06,8,2.87,774.93,0,0.08,0,1,0
TXN111547,130.51,18,6.99,125.78,0,0.438,0,1,0
TXN111548,52.53,10,11.05,37.38,0,0.075,0,1,0
TXN111549,133.14,21,6.38,5.12,0,0.327,0,1,0
TXN111550,44.28,12,0.7,86.57,0,0.092,0,1,0
TXN111551,106.77,13,6.66,40.09,0,0.175,0,1,0
TXN111552,60.36,16,4.87,418.41,0,0.492,0,1,0
TXN111553,52.44,9,3.04,60.13,0,0.48,0,1,0
TXN111554,122.82,12,12.11,268.82,0,0.313,0,1,0
TXN111555,23.57,10,13.34,468.11,0,0.027,0,1,0
TXN111556,168.41,0,1.88,105.7,0,0.215,0,1,0
TXN111557,105.19,17,4.52,40.78,1,0.153,0,1,0
TXN111558,25.72,12,1.89,100.47,0,0.101,0,1,0
TXN111559,140.9,9,11.05,5.79,0,0.019,0,1,0
TXN111560,66.83,16,1.57,163.09,0,0.484,0,0,0
TXN111561,46.88,17,2.47,15.98,0,0.141,0,0,0
TXN111562,179.6,20,5.5,49.72,0,0.516,0,1,0
TXN111563,109.08,14,1.23,20.07,1,0.272,0,1,0
TXN111564,121.4,10,7.01,2.72,0,0.337,0,1,0
TXN111565,56.2,15,0.61,78.68,1,0.25,0,0,0
TXN111566,134.12,13,3.03,50.75,2,0.22,0,1,0
TXN111567,116.96,19,6.57,528.11,1,0.315,0,0,0
TXN111568,39.51,7,10.31,4.05,1,0.167,0,1,0
TXN111569,123.76,23,20.4,136.83,1,0.114,0,0,0
TXN111570,29.45,13,6.04,20.6,1,0.339,0,1,0
TXN111571,188.31,12,4.86,0.25,0,0.341,0,1,0
TXN111572,74.56,21,1.22,12.29,0,0.675,0,0,0
TXN111573,67.05,15,5.8,82.21,0,0.16,0,1,0
TXN111574,65.6,22,0.8,13.02,0,0.146,0,1,0
TXN111575,50.71,17,31.07,222.7,0,0.124,0,1,0
TXN111576,133.51,0,5.56,186.75,0,0.513,0,1,0
TXN111577,79.37,13,19.8,26.58,0,0.222,0,1,0
TXN111578,253.07,8,8.53,244.75,0,0.076,0,1,0
TXN111579,34.87,3,0.55,94.4,1,0.79,0,1,0
TXN111580,82.43,15,1.18,267.19,0,0.096,0,1,0
TXN111581,30.79,15,1.69,360.17,0,0.115,0,1,0
TXN111582,10.1,10,8.4,74.48,0,0.123,0,1,0
TXN111583,5.75,11,8.05,86.99,0,0.463,0,1,0
TXN111584,44.91,18,8.07,17.4,0,0.343,0,1,0
TXN111585,98.81,19,36.97,123.15,0,0.311,0,1,0
TXN111586,209.24,9,7.81,245.73,0,0.297,0,1,0
TXN111587,259.74,2,144.86,7.59,3,0.732,1,0,1
TXN111588,136.98,7,5.18,32.82,0,0.094,0,0,0
TXN111589,59.16,16,1.67,301.02,0,0.156,0,1,0
TXN111590,66.93,19,6.13,55.56,2,0.485,1,1,0
TXN111591,250.76,4,16.57,2.98,0,0.235,0,1,0
TXN111592,22.19,8,5.81,33.51,1,0.141,0,1,0
TXN111593,446.65,22,154.27,1.67,3,0.81,1,1,1
TXN111594,77.67,10,1.39,45.6,0,0.248,0,1,0
TXN111595,115.53,16,7.39,93.08,0,0.134,0,0,0
TXN111596,62.44,17,2.68,85.96,0,0.241,0,1,0
TXN111597,69.99,10,4.05,6.19,0,0.46,0,1,0
TXN111598,74.19,19,3.35,12.75,0,0.079,0,1,0
TXN111599,56.82,18,6.25,29.16,1,0.133,0,1,0
TXN111600,185.37,8,7.25,18.96,2,0.118,0,1,0
TXN111601,75.68,14,6.75,533.21,1,0.196,0,0,0
TXN111602,241.56061955498296,14,22.16742492745917,54.8,0,0.7185140119241544,0,0,0
TXN111603,62.3,5,14.39,64.4,1,0.278,0,1,0
TXN111604,97.19,20,27.86,74.38,0,0.221,0,0,0
TXN111605,94.99,12,4.01,42.43,0,0.658,1,0,0
TXN111606,123.75,18,4.23,390.92,0,0.159,0,0,0
TXN111607,156.81,17,4.77,0.39,0,0.232,0,1,0
TXN111608,274.54730503546915,5,10.313022856104702,4.07,5,0.41608734704602524,0,0,1
TXN111609,80.33,12,1.41,336.13,0,0.334,0,1,0
TXN111610,85.6,14,12.57,91.16,0,0.296,0,1,0
TXN111611,49.45,9,9.31,7.31,0,0.553,0,0,0
TXN111612,63.35,19,25.79,23.44,1,0.294,0,1,0
TXN111613,91.15,8,10.04,61.11,0,0.563,0,1,0
TXN111614,41.19,19,1.55,217.97,0,0.091,0,1,0
TXN111615,41.26,20,1.76,7.3,0,0.179,0,1,0
TXN111616,46.27,15,19.21,15.59,0,0.325,0,1,0
TXN111617,96.32,15,15.78,69.89,0,0.251,0,0,0
TXN111618,42.56,17,1.7,35.98,0,0.367,0,1,0
TXN111619,64.05,17,8.21,191.38,0,0.221,0,1,0
TXN111620,107.3,12,0.25,18.54,0,0.227,0,1,0
TXN111621,106.47,18,1.85,72.88,0,0.243,0,1,0
TXN111622,22.25,9,1.16,227.11,1,0.578,0,0,0
TXN111623,61.39,13,2.93,255.28,0,0.165,0,1,0
TXN111624,155.44,8,4.65,192.03,0,0.28,0,1,0
TXN111625,66.3,19,13.3,133.16,0,0.302,1,0,0
TXN111626,256.92,19,16.97,43.84,0,0.413,0,0,0
TXN111627,40.36,8,24.52,23.96,1,0.098,0,1,0
TXN111628,112.18,18,12.45,35.22,0,0.435,0,1,0
TXN111629,127.49,1,12.77,70.35,0,0.072,0,0,0
TXN111630,32.84,13,12.92,9.19,1,0.227,0,1,0
TXN111631,68.38,10,28.72,7.42,1,0.466,0,1,0
TXN111632,10.5,11,12.54,447.94,0,0.347,0,0,0
TXN111633,45.58,0,6.26,249.23,1,0.458,0,0,0
TXN111634,143.63,14,2.61,281.94,0,0.286,0,1,0
TXN111635,67.71,13,4.23,159.01,1,0.195,0,1,0
TXN111636,30.91,11,5.22,225.49,1,0.225,0,1,0
TXN111637,86.05,18,3.36,64.77,0,0.206,0,0,0
TXN111638,20.21,13,7.81,152.96,0,0.278,0,1,0
TXN111639,219.01,6,21.01,68.11,2,0.083,0,1,0
TXN111640,32.61,0,3.96,350.29,0,0.487,0,1,0
TXN111641,54.34,10,4.49,18.08,0,0.505,0,1,0
TXN111642,43.37,7,9.84,176.36,0,0.409,0,1,0
TXN111643,41.18,9,6.22,133.23,0,0.234,0,1,0
TXN111644,79.71,13,2.68,4.11,0,0.365,0,1,0
TXN111645,23.01,20,6.74,110.51,0,0.17,0,1,0
TXN111646,26.16,10,4.64,115.03,0,0.233,0,1,0
TXN111647,17.89,7,6.08,43.33,0,0.07,0,0,0
TXN111648,18.37,16,6.41,233.51,0,0.263,0,1,0
TXN111649,30.13,15,6.84,211.62,0,0.456,0,1,0
TXN111650,208.47,18,2.08,19.36,0,0.153,0,0,0
TXN111651,31.58,19,18.88,51.07,0,0.312,0,1,0
TXN111652,69.02,20,15.96,386.1,1,0.171,0,1,0
TXN111653,72.38,14,16.16,205.29,1,0.342,0,1,0
TXN111654,29.75,19,7.98,153.31,0,0.25,1,1,0
TXN111655,28.17,10,3.31,89.65,2,0.213,0,1,0
TXN111656,70.66,7,22.11,335.29,0,0.201,0,1,0
TXN111657,42.29,10,9.55,223.91,0,0.448,0,0,0
TXN111658,20.37,20,8.75,104.2,0,0.398,0,1,0
TXN111659,246.12,17,3.6,74.26,0,0.09,0,0,0
TXN111660,101.65,13,5.45,176.76,1,0.181,0,1,0
TXN111661,19.32,13,8.16,40.8,0,0.385,0,0,0
TXN111662,393.83609088669454,13,28.67239837565682,92.11,1,0.5443128084131164,0,1,0
TXN111663,21.92,9,12.83,119.54,1,0.352,0,0,0
TXN111664,57.43,11,10.15,86.85,0,0.428,0,1,0
TXN111665,80.84,11,2.12,123.35,0,0.287,0,1,0
TXN111666,71.84,12,5.42,31.39,0,0.186,0,1,0
TXN111667,39.02,9,4.62,86.68,0,0.249,0,1,0
TXN111668,51.09,9,1.05,66.34,0,0.324,0,1,0
TXN111669,176.2,16,9.74,584.49,1,0.243,0,1,0
TXN111670,19.91,3,4.52,35.95,0,0.159,0,1,0
TXN111671,59.65,17,11.86,247.79,0,0.179,0,1,0
TXN111672,153.3,9,3.75,283.35,1,0.249,0,1,0
TXN111673,117.11,12,22.27,99.81,0,0.535,0,1,0
TXN111674,73.31,13,5.41,89.44,1,0.084,0,1,0
TXN111675,124.84,2,8.12,151.69,0,0.109,0,1,0
TXN111676,80.4,17,14.41,138.8,0,0.14,0,1,0
TXN111677,113.58,11,7.51,45.68,0,0.152,0,1,0
TXN111678,44.67,19,1.3,4.24,0,0.43,0,1,0
TXN111679,93.98,18,10.57,310.82,0,0.336,0,1,0
TXN111680,11.33,13,5.88,394.15,0,0.184,0,1,0
TXN111681,70.54,17,2.89,225.85,2,0.581,0,0,0
TXN111682,119.45,8,6.77,74.58,0,0.378,0,1,0
TXN111683,158.27108889361645,12,125.70517571950789,207.92,0,0.5133870859424161,0,1,0
TXN111684,547.4219049380246,5,33.725162892822375,12.99,1,0.7635946104799459,0,1,0
TXN111685,68.95,8,0.56,216.26,0,0.209,0,0,0
TXN111686,30.76,10,11.64,4.73,0,0.343,0,1,0
TXN111687,66.51,10,3.86,113.26,0,0.511,0,1,0
TXN111688,74.43,17,6.79,165.34,0,0.503,0,0,0
TXN111689,46.39,13,3.59,29.13,0,0.051,0,1,0
TXN111690,185.58,20,247.36,7.85,6,0.803,1,1,1
TXN111691,20.29,7,3.42,218.7,0,0.761,1,1,0
TXN111692,136.75,10,4.15,88.92,0,0.037,0,1,0
TXN111693,8.05,8,17.8,269.36,1,0.279,0,1,0
TXN111694,202.96,15,4.59,153.94,0,0.296,0,1,0
TXN111695,197.23,11,1.5,81.94,1,0.432,0,1,0
TXN111696,17.93,18,13.27,32.9,0,0.344,0,0,0
TXN111697,163.36,14,2.18,395.53,0,0.299,0,1,0
TXN111698,426.5795277033276,23,43.878372611920966,85.87,0,0.6442823872826724,0,1,0
TXN111699,11.21,22,16.47,14.48,0,0.067,0,1,0
TXN111700,89.16,12,4.86,191.0,0,0.323,0,1,0
TXN111701,68.89,15,4.94,19.95,0,0.117,0,1,0
TXN111702,23.84,13,4.43,381.16,0,0.153,0,1,0
TXN111703,113.81,18,9.95,57.86,0,0.391,0,1,0
TXN111704,32.86,21,12.23,147.01,1,0.615,1,1,0
TXN111705,99.51,16,24.25,11.19,0,0.099,0,0,0
TXN111706,87.9,12,12.98,31.93,1,0.236,0,1,0
TXN111707,154.6,13,13.4,23.47,0,0.334,0,1,0
TXN111708,50.16,13,2.61,107.46,0,0.328,0,0,0
TXN111709,163.09,12,6.14,176.24,0,0.137,0,0,0
TXN111710,102.99,16,17.69,157.46,1,0.204,0,1,0
TXN111711,82.76,21,7.66,168.29,0,0.208,0,1,0
TXN111712,81.88,0,4.68,56.92,0,0.085,0,1,0
TXN111713,214.06,11,1.03,239.19,0,0.154,0,0,0
TXN111714,126.39,13,0.79,52.12,0,0.519,0,1,0
TXN111715,80.02,4,11.39,393.97,0,0.266,0,1,0
TXN111716,81.0,10,0.98,233.79,0,0.312,0,1,0
TXN111717,90.34,9,10.03,6.35,0,0.23,0,1,0
TXN111718,112.41,14,4.9,102.71,0,0.302,0,1,0
TXN111719,97.48,14,8.58,35.24,0,0.348,0,1,0
TXN111720,16.85,14,11.37,238.49,1,0.141,0,1,0
TXN111721,64.8,14,18.73,155.84,0,0.71,0,1,0
TXN111722,129.62,16,2.61,86.71,1,0.428,0,1,0
TXN111723,100.43,18,5.86,16.98,0,0.348,0,1,0
TXN111724,120.55,12,9.66,252.4,0,0.393,1,1,0
TXN111725,116.59,12,14.85,14.83,0,0.307,0,1,0
TXN111726,225.62,9,9.57,58.17,1,0.225,0,1,0
TXN111727,54.83,16,1.29,237.47,0,0.195,0,1,0
TXN111728,71.46,9,4.1,160.33,0,0.451,0,1,0
TXN111729,105.78,17,3.56,33.33,0,0.172,0,1,0
TXN111730,80.09,14,5.75,659.15,1,0.473,0,1,0
TXN111731,53.68,18,8.94,96.86,1,0.458,0,1,0
TXN111732,75.99,16,10.06,166.13,1,0.225,0,1,0
TXN111733,36.4,6,8.18,16.67,0,0.304,0,1,0
TXN111734,5.4,13,10.75,10.99,0,0.542,0,1,0
TXN111735,101.82,18,1.65,264.03,0,0.356,0,1,0
TXN111736,67.42,10,5.23,36.53,0,0.195,0,1,0
TXN111737,93.55,19,5.49,35.97,1,0.161,0,1,0
TXN111738,96.23,18,6.88,432.85,1,0.196,1,1,0
TXN111739,61.73,14,5.65,122.08,0,0.47,0,0,0
TXN111740,71.42,15,3.55,218.27,0,0.517,0,1,0
TXN111741,126.92,16,13.03,258.12,1,0.551,0,1,0
TXN111742,111.25,19,1.37,381.04,0,0.257,0,0,0
TXN111743,163.25,18,2.9,15.09,0,0.37,0,1,0
TXN111744,95.89,19,2.5,90.67,0,0.214,0,1,0
TXN111745,17.16,3,0.37,105.62,1,0.099,0,1,0
TXN111746,68.0132553357004,18,37.92349872593105,21.69,1,0.5034002102175567,0,1,0
TXN111747,80.83,20,1.47,129.7,1,0.232,0,1,0
TXN111748,31.0,11,10.92,49.26,0,0.33,0,1,0
TXN111749,58.18,0,12.04,12.31,1,0.04,0,1,0
TXN111750,76.97,14,10.52,93.41,0,0.261,0,1,0
TXN111751,99.12,21,10.04,220.17,0,0.129,1,1,0
TXN111752,69.85,15,4.83,27.32,0,0.334,0,1,0
TXN111753,658.37,2,102.96,3.08,3,0.577,1,0,1
TXN111754,68.07,3,294.52,3.06,4,0.888,1,0,1
TXN111755,253.29,12,4.64,214.64,0,0.144,0,1,0
TXN111756,126.24,9,15.15,42.98,0,0.163,0,1,0
TXN111757,16.57,1,5.24,124.41,0,0.236,0,1,0
TXN111758,149.51,8,1.31,203.68,0,0.176,0,0,0
TXN111759,98.15,20,10.12,117.15,0,0.152,0,1,0
TXN111760,105.25,4,4.23,292.84,1,0.17,0,1,0
TXN111761,98.11,17,5.08,307.87,0,0.154,0,0,0
TXN111762,87.22,12,3.89,75.43,0,0.084,0,1,0
TXN111763,60.7,19,2.23,73.61,0,0.213,0,1,0
TXN111764,88.37,10,12.92,2.81,0,0.263,0,0,0
TXN111765,664.76,12,103.65,2.11,7,0.586,0,0,1
TXN111766,17.79,10,3.92,26.48,0,0.259,0,1,0
TXN111767,91.24,9,7.77,90.92,0,0.36,0,1,0
TXN111768,59.34,15,26.67,211.2,0,0.307,0,1,0
TXN111769,104.44,4,0.49,152.83,0,0.241,0,1,0
TXN111770,277.74,1,259.16,18.2,2,0.879,0,0,1
TXN111771,26.6,2,5.89,19.56,1,0.174,0,1,0
TXN111772,41.69,4,3.07,20.82,2,0.205,0,1,0
TXN111773,108.88,10,13.58,157.08,1,0.42,0,1,0
TXN111774,58.44,14,14.78,305.6,0,0.646,0,0,0
TXN111775,88.03,12,4.95,219.65,0,0.22,0,1,0
TXN111776,54.63,18,10.99,116.91,0,0.434,1,1,0
TXN111777,89.7,17,5.28,5.86,0,0.569,0,1,0
TXN111778,25.65,6,8.71,16.77,0,0.428,0,1,0
TXN111779,36.0,11,6.69,64.66,0,0.312,0,1,0
TXN111780,5.81,18,8.55,10.4,0,0.279,0,1,0
TXN111781,125.30316770896079,10,67.83776581247858,32.66,0,0.7436084414351171,0,1,0
TXN111782,77.6,22,13.05,76.57,0,0.403,0,1,0
TXN111783,190.09,20,1.58,93.3,0,0.144,0,1,0
TXN111784,69.51,7,1.9,20.16,1,0.083,0,1,0
TXN111785,46.3,9,3.23,1.33,2,0.222,0,1,0
TXN111786,115.91,15,9.96,4.89,0,0.687,0,1,0
TXN111787,388.31,1,346.77,22.66,5,0.813,0,1,1
TXN111788,141.64,19,12.32,255.73,0,0.22,0,1,0
TXN111789,60.84,21,8.13,90.74,0,0.347,0,1,0
TXN111790,70.62,16,13.39,19.21,0,0.466,0,1,0
TXN111791,87.31,8,7.09,29.03,0,0.121,0,0,0
TXN111792,22.95,20,3.46,117.15,0,0.26,0,1,0
TXN111793,175.84,17,1.27,360.61,0,0.147,0,0,0
TXN111794,63.01,19,22.88,71.26,0,0.243,0,1,0
TXN111795,62.09,4,0.5,55.6,0,0.263,0,1,0
TXN111796,60.23,19,3.19,94.04,0,0.292,0,1,0
TXN111797,67.64,8,4.1,106.23,0,0.228,0,1,0
TXN111798,63.25,18,1.97,3.44,0,0.05,0,1,0
TXN111799,73.56,16,1.57,149.62,0,0.545,0,1,0
TXN111800,122.63,5,11.74,92.03,0,0.501,0,1,0
TXN111801,98.42,8,2.33,23.31,0,0.113,0,1,0
TXN111802,81.62,13,5.09,47.98,0,0.146,0,0,0
TXN111803,26.36,17,5.21,61.85,1,0.303,0,1,0
TXN111804,30.08,17,3.48,0.12,0,0.144,0,1,0
TXN111805,182.1,5,2.69,57.9,0,0.053,0,1,0
TXN111806,157.82,10,2.62,62.41,0,0.071,0,1,0
TXN111807,107.04,9,5.7,101.49,0,0.245,1,1,0
TXN111808,45.96,15,4.02,60.6,0,0.177,0,1,0
TXN111809,27.56,13,7.62,199.55,0,0.117,0,0,0
TXN111810,17.33,15,1.96,115.79,0,0.137,0,1,0
TXN111811,279.36,10,9.12,223.27,0,0.433,0,1,0
TXN111812,23.3,5,3.88,52.27,0,0.249,0,1,0
TXN111813,80.36,11,7.49,317.09,0,0.261,0,1,0
TXN111814,40.16,17,6.07,7.34,0,0.11,0,0,0
TXN111815,168.0,22,8.89,19.43,0,0.17,0,1,0
TXN111816,77.72,13,4.52,50.24,0,0.285,0,1,0
TXN111817,81.22,8,5.17,81.35,1,0.414,0,1,0
TXN111818,38.81,17,9.49,284.5,0,0.65,0,0,0
TXN111819,122.5,5,17.0,21.24,1,0.152,0,0,0
TXN111820,84.26,0,5.94,150.31,0,0.453,0,0,0
TXN111821,59.98,19,0.27,628.61,0,0.225,0,1,0
TXN111822,17.14,15,3.73,11.61,0,0.115,0,1,0
TXN111823,120.15,12,3.2,74.59,0,0.049,0,1,0
TXN111824,189.6,16,3.49,12.79,0,0.199,0,1,0
TXN111825,94.74,3,0.48,45.95,0,0.501,0,1,0
TXN111826,72.01,2,1.01,112.84,0,0.28,0,0,0
TXN111827,74.26,20,1.76,78.34,0,0.274,0,1,0
TXN111828,88.1,15,6.73,302.67,0,0.568,0,0,0
TXN111829,25.05,10,2.72,14.8,1,0.356,0,1,0
TXN111830,28.69,22,2.31,33.86,0,0.175,0,1,0
TXN111831,71.79,17,11.72,128.45,1,0.205,0,1,0
TXN111832,73.4,7,11.05,72.71,0,0.041,0,1,0
TXN111833,55.43,8,2.16,53.66,0,0.264,0,1,0
TXN111834,71.3,11,4.75,29.33,1,0.113,1,0,0
TXN111835,92.75,3,14.99,20.33,0,0.272,0,1,0
TXN111836,68.84,7,1.19,288.51,0,0.586,0,1,0
TXN111837,95.2,12,10.2,30.69,0,0.28,0,1,0
TXN111838,197.59,14,5.26,98.93,1,0.27,0,1,0
TXN111839,141.55,17,11.64,138.98,0,0.109,0,1,0
TXN111840,28.99,13,9.12,137.26,0,0.114,0,1,0
TXN111841,337.8,9,12.03,50.09,0,0.074,0,1,0
TXN111842,103.44,14,10.71,17.59,0,0.368,0,1,0
TXN111843,133.5,12,20.84,561.81,0,0.512,0,1,0
TXN111844,34.18,19,17.19,193.72,0,0.187,0,1,0
TXN111845,25.05,12,15.04,290.16,0,0.151,0,1,0
TXN111846,118.25,19,8.74,61.31,0,0.517,0,1,0
TXN111847,60.38,15,8.84,41.48,0,0.167,0,1,0
TXN111848,136.80307751545735,4,52.4607017148617,0.75,3,0.2936574474139157,1,1,1
TXN111849,184.74,17,11.03,115.96,0,0.136,0,1,0
TXN111850,87.89,12,2.41,46.94,0,0.288,0,1,0
TXN111851,264.42,10,24.69,356.63,0,0.226,0,1,0
TXN111852,68.02,18,1.88,41.04,0,0.324,1,1,0
TXN111853,25.16,1,11.17,154.44,0,0.339,0,1,0
TXN111854,79.39,9,3.35,4.0,1,0.422,0,1,0
TXN111855,173.52,22,1.63,78.82,0,0.46,0,1,0
TXN111856,31.21,8,4.26,129.57,2,0.048,0,1,0
TXN111857,131.67,12,3.77,24.52,0,0.352,0,1,0
TXN111858,26.35,1,1.86,207.39,1,0.601,0,1,0
TXN111859,48.26,14,4.55,132.16,0,0.426,0,0,0
TXN111860,50.33,3,0.52,106.5,0,0.074,0,1,0
TXN111861,898.42,1,50.71,8.72,2,0.738,0,0,1
TXN111862,65.93,6,1.45,60.19,0,0.552,0,0,0
TXN111863,147.7,20,17.7,212.99,0,0.457,0,1,0
TXN111864,214.53,5,188.06,4.89,8,0.317,1,1,1
TXN111865,138.96,4,11.88,26.52,0,0.195,0,1,0
TXN111866,43.63,14,2.44,105.19,0,0.498,0,0,0
TXN111867,44.56,10,4.61,255.78,0,0.538,0,0,0
TXN111868,121.64,21,15.04,74.25,0,0.241,0,1,0
TXN111869,71.96,8,16.06,215.16,0,0.173,0,0,0
TXN111870,58.66,14,5.65,48.6,0,0.193,0,1,0
TXN111871,176.8,9,6.16,231.53,2,0.322,0,0,0
TXN111872,10.18,6,20.37,53.59,0,0.281,0,1,0
TXN111873,41.89,17,1.0,27.5,1,0.329,0,1,0
TXN111874,258.43,4,1.1,17.81,0,0.273,0,1,0
TXN111875,190.87,4,3.85,122.7,0,0.188,0,0,0
TXN111876,52.7,13,2.35,10.97,0,0.153,0,1,0
TXN111877,4.72,18,3.19,152.8,0,0.258,0,1,0
TXN111878,75.52,8,5.15,18.35,1,0.357,0,0,0
TXN111879,73.61,12,4.36,412.11,0,0.533,0,0,0
TXN111880,88.48,16,2.77,442.94,0,0.466,0,1,0
TXN111881,76.35,17,3.38,133.44,0,0.252,0,1,0
TXN111882,91.68,1,5.83,153.58,0,0.344,0,1,0
TXN111883,57.42,16,4.18,39.4,1,0.258,0,1,0
TXN111884,86.32,9,3.76,100.71,1,0.355,0,1,0
TXN111885,148.32,10,1.61,232.64,0,0.055,0,1,0
TXN111886,71.26,9,9.29,113.72,0,0.499,0,1,0
TXN111887,55.07,12,7.11,129.73,1,0.412,0,1,0
TXN111888,12.79,1,9.96,30.71,0,0.209,0,1,0
TXN111889,53.08,19,10.71,58.85,0,0.224,1,0,0
TXN111890,21.83,8,1.1,97.68,0,0.205,0,1,0
TXN111891,14.07,6,4.52,92.47,0,0.203,0,1,0
TXN111892,49.07,4,8.23,171.58,0,0.437,0,1,0
TXN111893,100.77,20,4.25,74.22,0,0.339,0,0,0
TXN111894,93.05,11,3.78,207.47,1,0.363,0,1,0
TXN111895,81.31,13,9.59,141.3,1,0.423,0,1,0
TXN111896,62.66,16,12.94,60.6,0,0.267,0,1,0
TXN111897,44.06,22,1.21,42.78,0,0.321,0,0,0
TXN111898,564.4547812251834,16,66.50564994254415,174.33,0,0.6634503199309459,0,1,0
TXN111899,38.38,0,10.27,337.5,0,0.445,0,1,0
TXN111900,105.57,10,1.52,194.91,1,0.203,0,0,0
TXN111901,117.25,16,6.76,139.4,0,0.386,0,1,0
TXN111902,10.3,9,4.71,211.63,0,0.114,0,0,0
TXN111903,20.57,15,12.62,124.36,2,0.354,0,1,0
TXN111904,66.3,23,17.28,99.46,2,0.048,0,1,0
TXN111905,25.59,14,13.72,584.16,0,0.252,0,1,0
TXN111906,90.59,18,2.72,15.82,0,0.449,1,1,0
TXN111907,77.58,10,1.53,118.85,0,0.257,0,1,0
TXN111908,25.12,12,3.47,65.68,0,0.525,1,0,0
TXN111909,45.0,19,3.31,359.21,0,0.202,0,1,0
TXN111910,68.75,19,10.64,223.17,0,0.336,0,1,0
TXN111911,45.78,11,4.71,382.99,2,0.492,0,0,0
TXN111912,113.47,9,5.02,127.86,1,0.188,0,1,0
TXN111913,139.05,21,15.47,31.84,1,0.403,0,1,0
TXN111914,117.85,10,0.07,35.17,1,0.383,0,1,0
TXN111915,37.49,10,1.49,545.48,0,0.339,0,0,0
TXN111916,79.79,9,2.29,14.0,1,0.236,0,0,0
TXN111917,12.68,20,19.48,56.5,0,0.159,0,0,0
TXN111918,37.46,5,3.88,24.12,1,0.317,0,1,0
TXN111919,49.84,12,0.7,128.71,0,0.378,0,1,0
TXN111920,62.7,15,17.59,592.7,0,0.104,0,1,0
TXN111921,61.47,18,15.86,433.85,0,0.148,0,1,0
TXN111922,92.59,21,3.31,77.99,1,0.091,0,1,0
TXN111923,51.14,13,4.55,209.54,0,0.314,0,1,0
TXN111924,158.09,21,6.11,95.54,0,0.2,0,1,0
TXN111925,14.71,11,6.99,134.35,0,0.212,0,1,0
TXN111926,16.9,9,17.64,4.35,0,0.203,0,1,0
TXN111927,42.77,9,4.58,66.87,0,0.182,0,1,0
TXN111928,219.49,8,2.2,51.25,0,0.405,0,1,0
TXN111929,50.27,1,4.42,43.68,0,0.464,0,1,0
TXN111930,86.58,17,3.96,102.99,0,0.295,0,1,0
TXN111931,248.32148848936507,15,163.61111436726893,20.81,0,0.6485679317965738,0,1,0
TXN111932,59.12,2,3.9,196.83,1,0.049,0,1,0
TXN111933,17.86,3,13.55,277.35,0,0.134,0,1,0
TXN111934,36.41,10,1.66,21.07,2,0.421,0,1,0
TXN111935,73.74,17,1.63,139.13,0,0.107,0,1,0
TXN111936,51.78,21,2.47,72.29,0,0.167,0,1,0
TXN111937,75.18,23,4.42,122.35,0,0.069,0,1,0
TXN111938,56.87,20,1.31,44.23,0,0.662,0,0,0
TXN111939,41.07,14,6.66,18.59,1,0.096,0,1,0
TXN111940,73.55,22,5.98,41.11,0,0.234,0,0,0
TXN111941,146.09,18,7.16,309.19,1,0.153,0,1,0
TXN111942,72.1,6,1.06,229.6,1,0.409,0,1,0
TXN111943,95.35,0,27.95,1.23,0,0.226,0,0,0
TXN111944,57.87,8,18.87,11.39,1,0.342,1,1,0
TXN111945,19.21,16,15.92,34.29,0,0.215,1,1,0
TXN111946,13.85,15,29.83,43.41,0,0.323,0,1,0
TXN111947,62.05,10,11.72,42.44,0,0.49,0,1,0
TXN111948,105.76,7,3.08,107.65,0,0.513,0,1,0
TXN111949,49.77,19,1.65,39.14,0,0.134,0,1,0
TXN111950,30.32,1,5.6,79.94,0,0.551,0,1,0
TXN111951,25.01,11,6.4,41.15,1,0.055,0,0,0
TXN111952,121.91,23,4.2,474.67,1,0.15,0,0,0
TXN111953,645.5879472914668,20,43.42042849287971,146.93,0,0.7744324677981029,0,1,0
TXN111954,63.36,12,2.69,308.34,0,0.757,0,1,0
TXN111955,135.73,12,9.17,297.6,0,0.19,0,1,0
TXN111956,28.86,17,13.66,233.44,0,0.132,0,1,0
TXN111957,47.27,3,17.84,146.87,0,0.758,0,1,0
TXN111958,28.91,15,1.23,83.95,1,0.242,0,1,0
TXN111959,119.3,22,2.06,138.47,0,0.261,0,1,0
TXN111960,193.97,13,20.07,36.92,0,0.353,0,1,0
TXN111961,94.87,18,30.49,58.05,0,0.038,0,1,0
TXN111962,25.86,2,4.32,22.44,0,0.323,0,1,0
TXN111963,54.76,14,1.29,22.45,0,0.031,0,1,0
TXN111964,10.23,15,0.55,39.14,0,0.191,0,0,0
TXN111965,123.88,14,18.84,114.17,2,0.179,0,1,0
TXN111966,192.23,17,5.1,105.05,0,0.193,0,0,0
TXN111967,148.07,9,6.46,222.39,0,0.067,0,1,0
TXN111968,82.3,0,1.1,42.33,0,0.139,0,0,0
TXN111969,71.17,16,1.98,207.47,0,0.412,0,1,0
TXN111970,192.92,14,8.57,271.71,0,0.189,0,1,0
TXN111971,95.17,9,11.52,83.49,0,0.03,0,1,0
TXN111972,44.36,19,6.58,7.63,0,0.512,1,1,0
TXN111973,63.53,16,8.13,42.54,0,0.177,0,1,0
TXN111974,135.83,13,4.15,333.25,0,0.312,0,1,0
TXN111975,32.6,9,9.29,82.63,0,0.176,0,1,0
TXN111976,162.9,4,1.27,74.25,0,0.095,0,1,0
TXN111977,17.83,19,8.18,249.0,0,0.406,0,1,0
TXN111978,31.3,17,10.74,97.03,0,0.299,0,0,0
TXN111979,110.0,15,4.54,231.98,0,0.392,0,1,0
TXN111980,71.84,10,0.57,83.7,0,0.51,0,1,0
TXN111981,124.38,9,5.65,15.72,0,0.099,0,0,0
TXN111982,151.25,16,2.31,150.96,0,0.107,0,1,0
TXN111983,194.81,13,9.74,82.82,1,0.625,0,1,0
TXN111984,18.91,19,8.83,341.13,0,0.094,0,1,0
TXN111985,204.85101736049336,22,25.52820091621823,23.79,0,0.6777286905085848,0,0,0
TXN111986,93.4,18,2.91,127.64,0,0.235,0,1,0
TXN111987,23.09,18,1.07,12.22,0,0.375,0,1,0
TXN111988,79.64,11,2.28,13.91,0,0.235,0,1,0
TXN111989,31.04,9,6.03,8.72,0,0.154,0,0,0
TXN111990,453.1211701217921,9,98.93776852005912,293.76,0,0.5644146823055658,0,1,0
TXN111991,21.29,19,3.31,127.49,0,0.437,0,1,0
TXN111992,38.23,20,4.86,93.93,0,0.318,0,1,0
TXN111993,66.55,18,9.54,39.74,1,0.47,0,1,0
TXN111994,68.46,20,21.44,60.4,1,0.237,0,1,0
TXN111995,163.62,17,13.61,120.72,0,0.028,0,0,0
TXN111996,80.13,9,2.56,168.24,0,0.051,0,0,0
TXN111997,570.9,4,181.06,3.69,3,0.807,1,0,1
TXN111998,43.19,21,3.49,130.81,0,0.096,0,1,0
TXN111999,66.97,17,4.42,4.42,1,0.278,0,0,0
TXN112000,81.33,12,8.33,419.5,0,0.151,0,1,0
TXN112001,77.43,18,4.49,172.83,0,0.196,0,1,0
TXN112002,41.76,1,1.78,152.58,0,0.146,0,1,0
TXN112003,29.15,18,0.36,6.93,0,0.425,0,1,0
TXN112004,60.84,12,4.22,55.82,0,0.161,1,0,0
TXN112005,133.31,5,3.43,18.4,0,0.16,0,1,0
TXN112006,58.13,17,2.07,125.14,0,0.432,0,1,0
TXN112007,19.92,12,2.64,93.92,0,0.2,0,1,0
TXN112008,47.2,15,2.23,356.01,0,0.221,0,1,0
TXN112009,25.04,17,2.24,26.58,2,0.245,0,1,0
TXN112010,75.69,16,9.28,30.94,0,0.337,0,1,0
TXN112011,75.33,19,12.02,80.57,1,0.179,1,1,0
TXN112012,102.39,8,4.05,6.38,1,0.555,1,1,0
TXN112013,81.05,3,12.41,88.54,1,0.258,0,0,0
TXN112014,77.49,16,1.62,342.08,0,0.17,0,1,0
TXN112015,32.31,18,10.17,18.03,0,0.056,0,0,0
TXN112016,6.01,17,4.84,105.2,0,0.441,0,0,0
TXN112017,31.79,8,4.0,29.08,1,0.331,0,1,0
TXN112018,39.72,22,5.25,41.81,0,0.532,0,1,0
TXN112019,33.77,15,9.92,13.07,0,0.18,0,1,0
TXN112020,38.79,16,13.83,217.96,0,0.322,0,0,0
TXN112021,43.2,18,22.54,52.85,1,0.404,0,1,0
TXN112022,143.47,19,7.18,44.67,2,0.173,0,1,0
TXN112023,70.49,5,2.72,45.96,0,0.649,0,1,0
TXN112024,78.15,14,4.6,147.57,0,0.295,0,0,0
TXN112025,54.15,18,11.47,186.9,1,0.19,0,1,0
TXN112026,34.44,14,0.94,47.02,0,0.101,0,1,0
TXN112027,24.56,3,0.85,11.96,1,0.09,0,1,0
TXN112028,67.86,11,8.94,132.15,0,0.435,0,1,0
TXN112029,15.72,20,3.88,75.3,0,0.504,0,1,0
TXN112030,35.77,18,4.48,400.76,0,0.366,0,1,0
TXN112031,65.18,11,5.51,65.6,0,0.15,0,1,0
TXN112032,154.87,9,3.46,58.67,0,0.204,0,0,0
TXN112033,68.08,3,3.8,145.66,0,0.204,0,1,0
TXN112034,152.85,2,3.93,5.0,1,0.024,0,1,0
TXN112035,9.57,17,0.29,189.71,0,0.175,0,1,0
TXN112036,40.27,18,37.51,347.39,1,0.261,0,1,0
TXN112037,55.54,12,0.71,100.95,0,0.095,0,1,0
TXN112038,18.28,20,7.3,259.01,0,0.314,0,1,0
TXN112039,48.48,0,6.47,42.68,0,0.101,0,1,0
TXN112040,288.12305615533404,18,6.792486914716727,44.58,0,0.5075521820905406,0,1,0
TXN112041,135.19,12,18.66,40.62,1,0.525,0,1,0
TXN112042,319.95324928979426,17,16.295561115443842,177.06,0,0.7424876644176448,0,1,0
TXN112043,35.84,18,5.85,222.92,0,0.122,0,0,0
TXN112044,62.3,8,4.72,195.65,0,0.201,0,1,0
TXN112045,83.66,18,0.86,47.36,0,0.244,0,1,0
TXN112046,25.34,20,7.56,39.37,0,0.21,1,1,0
TXN112047,23.15,10,2.99,167.06,1,0.275,0,1,0
TXN112048,29.8,12,13.97,139.71,0,0.492,0,1,0
TXN112049,25.46,18,1.1,4.56,0,0.05,0,1,0
TXN112050,87.76,19,16.87,30.95,0,0.262,0,1,0
TXN112051,37.85,8,3.19,33.84,0,0.197,0,1,0
TXN112052,29.97,18,0.93,73.5,0,0.28,0,1,0
TXN112053,30.84,13,13.77,4.68,1,0.377,0,1,0
TXN112054,47.83,20,5.54,18.48,0,0.57,0,1,0
TXN112055,156.29,11,15.97,124.83,0,0.091,1,1,0
TXN112056,43.51,20,1.1,111.22,0,0.294,0,1,0
TXN112057,52.47,14,1.52,19.68,0,0.308,0,1,0
TXN112058,108.02,14,1.27,167.63,0,0.41,0,1,0
TXN112059,20.44,9,10.08,168.54,0,0.42,0,1,0
TXN112060,71.37,11,2.35,87.47,0,0.303,0,1,0
TXN112061,61.37,8,8.68,225.95,0,0.472,1,0,0
TXN112062,14.98,11,3.67,28.94,0,0.448,0,1,0
TXN112063,215.37,19,0.57,41.54,0,0.193,0,0,0
TXN112064,159.39,19,2.56,155.21,1,0.185,0,1,0
TXN112065,30.637591728323358,10,15.536509873311418,67.19,0,0.5627302644875443,0,1,0
TXN112066,70.76,15,1.38,5.61,0,0.357,0,1,0
TXN112067,98.76,18,4.78,14.39,1,0.227,0,1,0
TXN112068,47.83,17,2.86,37.21,0,0.248,0,1,0
TXN112069,191.16,12,10.23,263.71,0,0.274,0,1,0
TXN112070,35.03,16,17.45,63.2,0,0.313,0,1,0
TXN112071,24.67,9,5.69,259.27,0,0.407,0,1,0
TXN112072,43.81,15,12.89,393.97,0,0.331,0,1,0
TXN112073,30.2,10,10.79,111.37,1,0.199,0,0,0
TXN112074,31.68,17,4.07,188.49,0,0.153,0,1,0
TXN112075,16.67,19,3.43,94.95,1,0.442,0,1,0
TXN112076,12.19,0,10.44,46.42,0,0.376,0,0,0
TXN112077,86.52,12,26.38,86.84,0,0.278,0,1,0
TXN112078,140.39,11,3.94,76.27,2,0.368,0,1,0
TXN112079,54.24,19,14.31,25.12,0,0.199,0,1,0
TXN112080,9.51,17,23.07,2.31,0,0.548,0,1,0
TXN112081,14.09,18,6.16,45.89,0,0.115,0,1,0
TXN112082,110.82,11,9.83,95.25,0,0.258,0,0,0
TXN112083,59.79,14,6.14,4.9,0,0.242,0,1,0
TXN112084,99.1,13,0.59,19.88,0,0.182,0,1,0
TXN112085,54.79,13,6.52,64.9,0,0.173,0,1,0
TXN112086,100.54,10,17.72,62.45,0,0.272,0,1,0
TXN112087,67.74,10,2.52,111.83,1,0.147,0,1,0
TXN112088,59.82,20,10.16,170.73,0,0.223,0,1,0
TXN112089,84.41,13,1.42,16.06,1,0.123,0,0,0
TXN112090,93.39,10,1.41,126.07,0,0.212,0,1,0
TXN112091,119.86742419262329,16,55.059096869230444,447.43,0,0.6344594647128736,0,1,0
TXN112092,22.74,20,4.22,166.67,0,0.125,0,1,0
TXN112093,579.73,3,144.69,7.28,5,0.537,1,0,1
TXN112094,43.15,9,4.7,187.97,1,0.589,0,0,0
TXN112095,21.39,17,5.83,153.44,2,0.073,0,0,0
TXN112096,51.28,19,1.78,19.29,1,0.531,0,1,0
TXN112097,144.74,19,7.95,142.22,1,0.336,0,0,0
TXN112098,159.4651003994638,20,30.667365911085575,46.37,1,0.710293236268165,0,1,0
TXN112099,118.91,3,2.09,81.71,0,0.356,0,1,0
TXN112100,147.89,6,14.34,109.74,0,0.241,0,1,0
TXN112101,34.49,19,10.81,256.27,0,0.221,0,1,0
TXN112102,214.77,20,8.02,57.88,0,0.068,0,1,0
TXN112103,32.52,17,2.17,142.1,0,0.502,0,1,0
TXN112104,60.72,10,0.7,148.56,0,0.373,0,1,0
TXN112105,58.45,18,3.88,61.63,0,0.32,0,0,0
TXN112106,97.69,19,9.01,5.45,0,0.044,0,0,0
TXN112107,20.42,18,5.7,56.38,1,0.408,0,1,0
TXN112108,204.9,22,6.42,23.71,0,0.426,0,1,0
TXN112109,32.0,11,3.61,497.5,0,0.19,0,1,0
TXN112110,94.41,9,5.77,5.08,0,0.342,0,1,0
TXN112111,45.38,11,19.18,333.5,0,0.551,0,1,0
TXN112112,27.13,21,9.56,4.33,1,0.234,0,1,0
TXN112113,205.21,12,5.5,6.77,0,0.204,0,1,0
TXN112114,70.19,18,7.03,179.6,0,0.376,0,1,0
TXN112115,37.32,6,2.01,97.45,0,0.208,0,1,0
TXN112116,78.85,17,8.94,145.21,0,0.258,0,1,0
TXN112117,67.71,16,10.89,118.72,0,0.575,0,0,0
TXN112118,32.43,21,4.57,168.03,1,0.358,0,1,0
TXN112119,54.33,20,1.95,20.84,1,0.366,0,0,0
TXN112120,48.74,8,4.48,175.08,0,0.169,0,1,0
TXN112121,128.5,3,0.04,229.73,0,0.47,0,1,0
TXN112122,102.37,16,9.23,32.58,0,0.23,0,1,0
TXN112123,40.73,2,3.2,1.71,0,0.286,0,1,0
TXN112124,42.53,21,3.04,94.9,1,0.725,0,1,0
TXN112125,49.19,23,9.18,97.68,1,0.286,0,1,0
TXN112126,171.11,20,3.64,169.2,1,0.353,0,1,0
TXN112127,60.31,13,2.34,189.17,0,0.153,0,0,0
TXN112128,93.53,12,10.54,182.92,1,0.185,0,1,0
TXN112129,106.85,10,1.65,10.89,0,0.302,0,1,0
TXN112130,71.64,12,7.28,6.63,0,0.071,0,1,0
TXN112131,7.57,19,0.92,151.29,0,0.339,0,1,0
TXN112132,51.24,7,10.02,80.51,0,0.415,0,1,0
TXN112133,24.16,17,0.47,39.28,0,0.328,0,1,0
TXN112134,124.0,10,1.03,195.03,0,0.618,0,1,0
TXN112135,25.49,14,15.51,142.81,0,0.209,0,1,0
TXN112136,29.52,17,9.29,191.58,0,0.444,0,1,0
TXN112137,88.9,13,3.55,56.45,0,0.354,0,1,0
TXN112138,39.95390993533342,7,89.73055805609629,33.14,1,0.6190266572858284,0,0,0
TXN112139,51.31,17,5.56,107.42,0,0.164,0,0,0
TXN112140,117.22,10,646.57,6.7,5,0.72,1,0,1
TXN112141,86.28,11,8.32,115.15,0,0.486,0,1,0
TXN112142,70.79,14,13.32,20.28,0,0.45,0,0,0
TXN112143,91.24,13,0.35,64.01,1,0.109,0,1,0
TXN112144,40.31,17,2.63,182.59,0,0.388,0,1,0
TXN112145,71.45,15,2.29,203.53,2,0.2,0,1,0
TXN112146,32.67,4,6.18,74.11,0,0.298,0,1,0
TXN112147,56.34,7,14.66,46.29,0,0.175,0,1,0
TXN112148,191.88,11,1.87,6.02,0,0.121,0,1,0
TXN112149,11.32,1,7.51,106.25,1,0.442,1,0,0
TXN112150,29.3,12,1.94,19.82,0,0.269,0,1,0
TXN112151,11.65,14,13.97,213.61,0,0.328,0,1,0
TXN112152,63.03,14,5.3,77.17,0,0.057,0,1,0
TXN112153,90.25,8,17.37,220.25,0,0.441,0,1,0
TXN112154,113.39,7,2.97,25.49,1,0.206,0,1,0
TXN112155,389.3561256235114,10,43.68129127434372,385.96,0,0.6445986418784964,0,0,0
TXN112156,62.23,6,8.65,124.92,0,0.322,0,1,0
TXN112157,32.6,9,11.17,135.84,0,0.337,0,1,0
TXN112158,52.87,9,0.83,35.54,0,0.047,0,1,0
TXN112159,39.2,12,4.54,354.56,0,0.057,0,1,0
TXN112160,168.33,11,4.71,11.53,1,0.424,0,0,0
TXN112161,71.15,15,1.47,246.47,0,0.204,0,1,0
TXN112162,35.74,12,8.84,23.93,0,0.427,0,1,0
TXN112163,29.42,9,16.85,86.57,1,0.407,0,0,0
TXN112164,12.86,14,7.19,30.21,0,0.17,0,1,0
TXN112165,50.86,20,0.61,46.25,1,0.357,0,1,0
TXN112166,34.05,3,3.7,137.86,0,0.436,0,1,0
TXN112167,49.95,10,5.85,167.87,0,0.169,0,1,0
TXN112168,71.24,20,11.16,62.4,1,0.076,0,1,0
TXN112169,108.03,17,5.3,198.31,0,0.204,0,1,0
TXN112170,77.65,21,0.5,71.67,0,0.255,0,1,0
TXN112171,114.36,12,4.19,39.74,0,0.167,0,1,0
TXN112172,47.04,6,1.59,21.1,0,0.105,0,1,0
TXN112173,33.54,18,5.23,198.66,0,0.108,0,0,0
TXN112174,107.04,11,5.85,59.55,0,0.114,0,0,0
TXN112175,32.43,15,2.1,283.69,0,0.084,0,1,0
TXN112176,24.85,15,3.42,61.06,0,0.272,0,1,0
TXN112177,166.7,21,10.15,46.84,0,0.273,0,1,0
TXN112178,63.48,16,10.32,45.6,1,0.238,0,1,0
TXN112179,26.09,16,10.46,124.37,0,0.327,0,1,0
TXN112180,104.94,20,0.51,32.24,1,0.271,0,1,0
TXN112181,122.63,14,4.9,300.76,1,0.293,0,1,0
TXN112182,159.5,11,7.29,225.68,0,0.028,0,1,0
TXN112183,145.3,20,4.6,53.81,0,0.323,0,0,0
TXN112184,33.02,22,2.47,27.57,0,0.101,0,1,0
TXN112185,84.49,17,8.32,113.27,1,0.098,0,1,0
TXN112186,68.05,19,12.29,348.63,0,0.38,0,1,0
TXN112187,118.55,18,5.63,35.15,0,0.145,0,1,0
TXN112188,40.38,14,15.44,13.08,1,0.397,0,1,0
TXN112189,108.26,7,2.72,4.59,1,0.446,0,0,0
TXN112190,8.98,8,7.75,46.43,0,0.236,0,0,0
TXN112191,91.84,13,6.38,129.35,0,0.146,0,1,0
TXN112192,55.25,15,11.41,405.32,0,0.164,0,1,0
TXN112193,187.37,15,10.62,66.54,0,0.089,0,1,0
TXN112194,46.33,16,1.21,334.17,0,0.372,0,1,0
TXN112195,22.88,9,13.84,149.48,2,0.063,0,1,0
TXN112196,43.62,21,9.94,152.76,0,0.462,0,1,0
TXN112197,113.36,3,0.57,42.97,0,0.24,0,0,0
TXN112198,160.4,19,14.49,32.91,0,0.513,0,1,0
TXN112199,44.89,16,14.67,370.16,0,0.364,0,1,0
TXN112200,64.72,17,9.33,98.5,0,0.144,0,1,0
TXN112201,64.07,18,2.19,561.54,0,0.157,0,1,0
TXN112202,102.07,8,1.43,55.31,1,0.08,0,1,0
TXN112203,685.54,1,280.92,2.94,2,0.611,0,0,1
TXN112204,25.06,20,1.39,0.04,0,0.402,0,1,0
TXN112205,63.48,2,6.43,221.96,0,0.432,0,0,0
TXN112206,135.64,11,3.54,30.11,1,0.218,0,1,0
TXN112207,43.07,18,3.27,24.44,0,0.205,0,1,0
TXN112208,168.68,12,3.19,120.34,0,0.341,0,1,0
TXN112209,94.99,14,4.1,165.55,0,0.33,0,1,0
TXN112210,206.62,20,11.09,3.94,0,0.555,0,1,0
TXN112211,64.72,11,7.15,169.88,0,0.146,0,1,0
TXN112212,91.43,9,2.67,132.54,0,0.278,1,0,0
TXN112213,488.59,6,392.22,9.63,3,0.738,0,0,1
TXN112214,137.6,9,8.41,36.3,0,0.232,1,1,0
TXN112215,245.3,13,17.64,18.26,0,0.175,0,1,0
TXN112216,55.63,18,0.26,127.44,0,0.235,0,1,0
TXN112217,38.21,10,5.14,124.22,1,0.513,0,1,0
TXN112218,178.98,3,5.76,843.27,0,0.566,0,1,0
TXN112219,113.6,21,9.42,130.35,0,0.233,0,0,0
TXN112220,16.24,11,13.1,118.32,0,0.254,0,0,0
TXN112221,94.53,14,7.16,45.69,0,0.197,0,0,0
TXN112222,90.68,20,20.75,66.59,0,0.53,0,0,0
TXN112223,48.39,9,13.0,39.53,0,0.292,0,1,0
TXN112224,35.81,12,11.31,188.79,1,0.145,0,1,0
TXN112225,95.42,12,3.98,166.66,1,0.26,0,1,0
TXN112226,93.1,7,7.02,37.0,1,0.171,0,0,0
TXN112227,60.71,18,0.65,78.98,2,0.266,0,1,0
TXN112228,151.88,9,4.07,54.95,0,0.481,0,0,0
TXN112229,87.8,9,0.63,514.19,0,0.82,0,0,0
TXN112230,15.2,21,2.92,8.97,0,0.6,0,0,0
TXN112231,93.73,14,8.23,33.88,1,0.363,0,0,0
TXN112232,22.57,20,1.59,329.7,0,0.27,0,1,0
TXN112233,48.88,2,5.7,178.24,1,0.036,0,1,0
TXN112234,76.87,17,0.83,118.77,0,0.416,0,0,0
TXN112235,46.07,12,7.48,259.24,0,0.194,0,1,0
TXN112236,36.96,18,4.7,192.23,3,0.039,0,0,0
TXN112237,107.23,12,11.27,419.97,1,0.142,0,0,0
TXN112238,39.47,9,7.09,70.11,0,0.352,1,1,0
TXN112239,116.3,19,3.35,2.79,0,0.133,0,0,0
TXN112240,107.11,4,6.29,23.97,0,0.158,0,1,0
TXN112241,15.03,8,10.99,163.76,2,0.239,1,0,0
TXN112242,407.09,10,216.0,5.84,6,0.739,1,0,1
TXN112243,191.52,16,15.87,3.72,1,0.161,0,1,0
TXN112244,44.28,14,10.81,116.0,0,0.192,0,0,0
TXN112245,267.9444454359397,22,21.51513827940053,18.81,0,0.5371759764920254,0,1,0
TXN112246,99.64,15,0.89,336.53,0,0.514,0,1,0
TXN112247,63.75,9,5.49,199.25,0,0.216,0,0,0
TXN112248,6.28,12,5.71,0.96,0,0.369,0,1,0
TXN112249,102.5,8,28.68,187.99,0,0.314,0,0,0
TXN112250,121.22,11,11.14,45.41,0,0.201,0,1,0
TXN112251,60.56,18,5.9,143.11,0,0.123,0,1,0
TXN112252,100.78,20,2.7,11.25,0,0.498,0,1,0
TXN112253,173.34,9,3.2,42.92,0,0.348,0,1,0
TXN112254,14.37,11,9.59,10.22,1,0.279,0,1,0
TXN112255,134.22,23,8.48,199.92,0,0.264,0,0,0
TXN112256,171.28,9,8.29,14.7,0,0.255,0,0,0
TXN112257,20.44,18,7.04,83.72,0,0.354,0,1,0
TXN112258,35.77,11,26.22,30.64,0,0.323,0,0,0
TXN112259,57.78,12,10.32,369.26,0,0.116,0,0,0
TXN112260,69.06,20,7.63,146.62,1,0.353,0,0,0
TXN112261,84.75,20,11.45,59.13,0,0.42,0,1,0
TXN112262,223.06564995300667,12,74.5335176927144,3.56,2,0.447290426691194,1,0,1
TXN112263,36.51,12,26.81,57.34,0,0.285,0,1,0
TXN112264,64.09,16,18.25,153.77,0,0.123,0,1,0
TXN112265,177.71942796326002,1,51.342218370392864,44.2,2,0.7739691093694949,0,1,0
TXN112266,163.28,5,3.58,467.39,0,0.198,0,1,0
TXN112267,270.91,17,16.11,86.64,0,0.096,0,1,0
TXN112268,74.57,19,2.82,127.99,1,0.13,0,1,0
TXN112269,50.33,9,3.29,92.51,0,0.2,0,1,0
TXN112270,67.33,14,3.78,115.74,1,0.054,0,0,0
TXN112271,29.64,14,2.14,3.5,0,0.579,0,0,0
TXN112272,47.69,9,0.95,179.34,0,0.147,0,0,0
TXN112273,138.1,9,2.99,231.06,1,0.26,0,1,0
TXN112274,48.46,6,9.36,39.33,0,0.028,0,1,0
TXN112275,26.2,9,4.46,118.68,0,0.437,0,1,0
TXN112276,277.99,3,205.36,4.3,4,0.584,1,0,1
TXN112277,97.38,8,7.74,54.65,0,0.306,0,1,0
TXN112278,136.67,11,0.72,340.04,0,0.149,0,1,0
TXN112279,50.6,14,5.22,97.37,0,0.24,0,1,0
TXN112280,54.91,20,35.91,194.08,1,0.338,0,1,0
TXN112281,76.4,19,12.14,223.65,0,0.36,0,1,0
TXN112282,63.18,20,4.66,2.29,0,0.045,0,1,0
TXN112283,14.23,18,2.23,150.57,0,0.452,0,0,0
TXN112284,89.46,16,3.88,42.3,1,0.265,0,1,0
TXN112285,28.39,11,11.58,14.27,0,0.21,0,1,0
TXN112286,44.04,11,14.73,164.47,0,0.341,0,1,0
TXN112287,20.1,20,0.45,202.47,0,0.182,1,0,0
TXN112288,53.31,21,10.12,159.22,0,0.073,0,1,0
TXN112289,39.20937326147863,14,30.03208427430414,91.32,0,0.7817826907951307,0,1,0
TXN112290,34.07,9,8.87,38.5,0,0.537,1,1,0
TXN112291,33.53,15,11.45,187.43,0,0.091,0,1,0
TXN112292,476.18,15,409.94,15.86,5,0.855,1,0,1
TXN112293,138.21079280436726,16,39.66002338456905,99.76,0,0.7905751849538206,0,1,0
TXN112294,191.26,1,2.83,12.46,1,0.222,0,1,0
TXN112295,95.27,19,14.56,73.15,1,0.214,0,0,0
TXN112296,58.16,11,6.47,41.11,0,0.121,0,1,0
TXN112297,93.29,9,2.03,277.82,1,0.225,0,1,0
TXN112298,139.36,17,1.03,33.94,0,0.466,0,0,0
TXN112299,112.41,5,2.25,33.61,0,0.15,0,1,0
TXN112300,185.05,4,8.32,152.71,0,0.492,0,0,0
TXN112301,159.28,13,0.52,4.44,0,0.354,0,0,0
TXN112302,33.97,20,1.8,46.45,0,0.158,0,1,0
TXN112303,39.81,16,7.51,27.43,0,0.352,0,1,0
TXN112304,4.25,9,3.44,127.78,0,0.201,0,0,0
TXN112305,54.81,18,6.16,144.95,0,0.571,0,0,0
TXN112306,42.55,16,4.66,59.6,0,0.769,0,1,0
TXN112307,100.67,0,2.38,257.93,0,0.306,0,1,0
TXN112308,93.01,16,1.08,165.62,0,0.316,1,1,0
TXN112309,80.74,18,4.04,222.97,0,0.29,0,1,0
TXN112310,34.04,10,1.79,8.02,0,0.217,0,0,0
TXN112311,246.27,6,16.08,46.71,0,0.166,0,0,0
TXN112312,107.83,15,4.06,29.77,0,0.376,0,1,0
TXN112313,51.93,8,7.93,38.42,0,0.33,0,0,0
TXN112314,120.29,15,13.37,13.85,0,0.242,0,1,0
TXN112315,77.1,21,205.19,4.83,2,0.445,0,0,1
TXN112316,46.36,11,5.15,8.84,0,0.598,0,1,0
TXN112317,208.1434575942514,3,21.950549861711114,61.69,0,0.5626345921644126,0,0,0
TXN112318,30.78,12,7.88,172.61,0,0.162,0,1,0
TXN112319,93.95,18,12.15,20.21,0,0.224,0,1,0
TXN112320,118.66,8,6.09,69.7,0,0.061,0,1,0
TXN112321,79.7,14,6.36,159.55,0,0.216,0,1,0
TXN112322,116.59,21,14.92,28.28,0,0.347,0,1,0
TXN112323,65.69,14,5.99,156.09,1,0.149,0,1,0
TXN112324,83.51,11,3.7,117.4,0,0.383,0,0,0
TXN112325,31.85,9,7.73,85.67,0,0.359,0,1,0
TXN112326,38.43,15,4.98,299.37,0,0.068,0,1,0
TXN112327,128.2,18,5.47,52.01,0,0.262,0,1,0
TXN112328,49.52,13,1.47,355.18,0,0.65,0,1,0
TXN112329,167.77,18,7.78,136.7,1,0.634,0,1,0
TXN112330,139.86,8,0.54,137.26,0,0.486,1,0,0
TXN112331,132.95,14,16.29,100.98,1,0.273,0,1,0
TXN112332,196.42,12,0.88,9.68,0,0.109,0,1,0
TXN112333,68.55,7,2.29,169.87,1,0.167,0,1,0
TXN112334,126.89,20,28.75,101.48,1,0.137,0,1,0
TXN112335,114.82372546802543,20,31.106069436776135,108.57,0,0.7696560501856831,0,0,0
TXN112336,204.38,23,0.94,138.4,1,0.495,0,1,0
TXN112337,119.8,20,5.02,206.53,2,0.342,0,1,0
TXN112338,63.67,23,4.01,220.75,0,0.392,0,1,0
TXN112339,84.9,10,7.66,350.26,1,0.145,0,1,0
TXN112340,128.15,4,10.67,39.17,0,0.16,0,1,0
TXN112341,116.5,10,2.49,221.55,0,0.217,0,0,0
TXN112342,60.83,15,15.21,355.15,0,0.355,0,1,0
TXN112343,31.33,16,4.69,21.68,1,0.343,0,1,0
TXN112344,73.36,16,4.69,376.87,1,0.585,1,0,0
TXN112345,62.31,5,12.84,39.15,0,0.415,1,1,0
TXN112346,38.54,10,8.32,231.98,0,0.107,0,0,0
TXN112347,108.04,14,4.93,155.54,0,0.782,0,0,0
TXN112348,42.58,3,5.37,63.65,0,0.259,0,1,0
TXN112349,94.9,16,4.34,7.81,0,0.343,0,1,0
TXN112350,55.28,13,11.64,35.89,0,0.044,0,1,0
TXN112351,52.86,1,3.5,195.86,1,0.104,0,1,0
TXN112352,683.2,7,408.57,3.43,3,0.827,1,0,1
TXN112353,8.85,20,5.78,196.28,2,0.041,0,1,0
TXN112354,83.62,1,8.87,11.51,0,0.646,0,0,0
TXN112355,10.86,11,17.34,3.2,1,0.184,0,1,0
TXN112356,1.81,16,9.94,61.77,2,0.146,0,1,0
TXN112357,140.41,23,11.04,155.28,0,0.217,0,0,0
TXN112358,14.99,8,5.47,66.91,1,0.516,0,1,0
TXN112359,88.81,23,6.5,77.69,0,0.21,0,1,0
TXN112360,9.71,8,13.78,162.31,0,0.126,0,1,0
TXN112361,9.66,9,2.4,49.43,0,0.425,0,1,0
TXN112362,101.4,15,15.74,16.62,0,0.196,0,1,0
TXN112363,13.85,16,1.99,89.15,0,0.296,0,1,0
TXN112364,75.92,10,1.57,156.35,0,0.094,1,1,0
TXN112365,88.73,8,6.9,117.86,0,0.219,0,0,0
TXN112366,43.04,1,8.13,91.67,0,0.484,0,1,0
TXN112367,384.63,0,17.15,57.62,1,0.292,0,1,0
TXN112368,18.82,17,8.39,63.62,1,0.291,0,1,0
TXN112369,124.14,2,12.43,61.77,0,0.223,0,0,0
TXN112370,115.13,13,15.46,217.52,0,0.374,0,1,0
TXN112371,89.52,13,1.48,137.56,0,0.204,0,1,0
TXN112372,57.12,15,15.7,90.01,0,0.068,0,1,0
TXN112373,73.65,10,9.88,103.03,0,0.138,0,0,0
TXN112374,54.43,13,2.55,225.84,1,0.266,0,1,0
TXN112375,50.29,23,6.54,113.73,0,0.243,0,0,0
TXN112376,70.31,0,5.72,119.69,0,0.201,0,1,0
TXN112377,64.6,18,4.51,53.89,0,0.257,0,0,0
TXN112378,99.75,3,12.74,101.06,1,0.272,0,1,0
TXN112379,84.45,6,3.66,32.13,0,0.294,0,1,0
TXN112380,66.44,17,6.65,23.03,1,0.386,0,1,0
TXN112381,66.41,17,4.75,186.39,0,0.202,0,1,0
TXN112382,33.07,22,4.73,21.0,1,0.252,0,1,0
TXN112383,126.21,3,9.93,49.21,1,0.384,0,1,0
TXN112384,103.03,14,11.73,63.34,1,0.014,0,0,0
TXN112385,447.1,20,156.35,12.39,5,0.602,1,0,1
TXN112386,35.34,15,5.77,177.34,0,0.225,0,0,0
TXN112387,49.95,16,0.04,166.82,0,0.487,0,1,0
TXN112388,78.4,10,8.38,29.35,0,0.501,0,1,0
TXN112389,118.38,17,13.49,223.74,1,0.083,0,0,0
TXN112390,16.9,16,22.21,9.19,0,0.418,0,1,0
TXN112391,29.18,17,1.64,120.58,0,0.298,0,1,0
TXN112392,69.42,9,2.68,71.52,2,0.197,0,1,0
TXN112393,12.86,5,2.18,183.48,0,0.129,0,0,0
TXN112394,42.9,9,5.41,279.2,0,0.279,1,1,0
TXN112395,52.75,6,4.4,22.62,0,0.019,0,0,0
TXN112396,93.25,17,5.1,71.89,0,0.387,0,1,0
TXN112397,187.72,18,14.24,151.29,0,0.108,1,1,0
TXN112398,26.88,6,2.64,1.22,0,0.254,0,1,0
TXN112399,103.6,23,32.01,191.3,0,0.391,0,1,0
TXN112400,77.07,20,3.12,37.15,0,0.076,0,1,0
TXN112401,166.71,18,23.03,126.06,1,0.352,0,1,0
TXN112402,22.91,21,9.31,399.2,2,0.112,0,0,0
TXN112403,11.7,11,24.62,33.96,1,0.244,0,1,0
TXN112404,52.94,10,1.35,613.27,0,0.599,0,1,0
TXN112405,59.31,10,0.88,29.44,0,0.363,0,1,0
TXN112406,18.45,13,13.01,218.23,1,0.204,0,1,0
TXN112407,125.26,20,7.58,486.87,0,0.249,1,0,0
TXN112408,97.58,14,5.76,37.22,0,0.218,0,0,0
TXN112409,378.8521548881006,21,18.829105606976132,243.1,0,0.5632976051797375,0,1,0
TXN112410,18.58,8,1.44,199.29,0,0.246,0,1,0
TXN112411,42.91,4,35.64,200.25,0,0.24,0,1,0
TXN112412,116.26,16,16.71,14.53,0,0.343,0,1,0
TXN112413,32.99,1,4.62,283.55,0,0.391,0,1,0
TXN112414,72.29,2,4.69,20.77,2,0.391,0,0,0
TXN112415,33.64,12,1.68,176.68,1,0.357,0,1,0
TXN112416,54.29,14,12.32,203.51,0,0.172,0,1,0
TXN112417,21.31,19,2.16,91.27,1,0.134,0,0,0
TXN112418,129.18,9,4.44,76.8,0,0.177,0,1,0
TXN112419,85.07,10,3.8,31.84,0,0.184,1,0,0
TXN112420,36.46,17,4.96,161.49,0,0.147,0,1,0
TXN112421,47.51,17,3.95,71.93,0,0.268,0,1,0
TXN112422,144.92,12,10.22,83.58,0,0.679,0,1,0
TXN112423,128.91,9,6.26,410.67,0,0.404,0,1,0
TXN112424,96.88,10,4.24,44.52,1,0.167,0,1,0
TXN112425,87.16,0,6.6,1.13,0,0.3,0,0,0
TXN112426,43.81,18,6.48,123.21,1,0.115,0,1,0
TXN112427,143.64,8,2.91,98.65,1,0.418,0,1,0
TXN112428,52.97,14,5.03,56.25,0,0.302,0,0,0
TXN112429,19.58,13,17.66,60.64,0,0.401,0,1,0
TXN112430,185.38,12,2.98,151.81,0,0.117,0,0,0
TXN112431,140.58,12,2.73,21.62,0,0.034,0,1,0
TXN112432,33.23,5,190.51,3.27,1,0.847,1,0,1
TXN112433,49.24,13,6.15,82.53,0,0.083,0,0,0
TXN112434,61.71,13,3.7,153.4,0,0.125,0,0,0
TXN112435,24.18,17,1.18,137.64,1,0.334,0,1,0
TXN112436,56.32,13,3.23,125.16,0,0.141,0,1,0
TXN112437,16.23,22,1.52,24.38,0,0.223,0,1,0
TXN112438,84.4,13,7.03,23.54,0,0.642,0,1,0
TXN112439,35.76,10,6.06,37.08,0,0.464,0,0,0
TXN112440,44.94,0,1.78,192.64,0,0.384,0,1,0
TXN112441,72.94,11,3.27,28.35,0,0.19,0,1,0
TXN112442,129.27,9,4.21,13.93,1,0.2,0,1,0
TXN112443,24.83,16,8.0,34.17,0,0.251,0,1,0
TXN112444,82.72,11,1.93,30.2,0,0.153,0,0,0
TXN112445,168.62,22,10.35,50.67,0,0.156,0,1,0
TXN112446,72.43,9,3.8,200.53,0,0.091,0,0,0
TXN112447,135.38,7,4.98,89.18,0,0.717,0,1,0
TXN112448,95.03,11,1.4,17.75,1,0.287,0,0,0
TXN112449,25.37,15,0.38,305.61,0,0.309,0,1,0
TXN112450,146.8,19,7.18,159.07,0,0.252,0,1,0
TXN112451,69.28,4,3.19,249.26,0,0.382,0,1,0
TXN112452,380.79,23,122.26,5.32,1,0.898,1,0,1
TXN112453,107.38,8,0.85,150.03,0,0.102,0,0,0
TXN112454,120.73,11,4.03,80.73,0,0.114,0,0,0
TXN112455,389.54026799896815,14,85.40520795359267,108.29,0,0.6957265136098331,0,1,0
TXN112456,75.1,12,16.27,7.85,0,0.238,0,1,0
TXN112457,69.87,8,5.63,299.23,0,0.324,0,1,0
TXN112458,189.28,16,5.04,29.16,0,0.532,0,1,0
TXN112459,28.52,19,4.77,208.33,0,0.163,0,1,0
TXN112460,54.19,13,5.61,57.15,0,0.297,0,1,0
TXN112461,56.71,23,10.13,171.05,0,0.244,0,1,0
TXN112462,14.76,11,4.31,902.5,0,0.16,0,1,0
TXN112463,124.42645470481696,18,87.5284830917153,80.23,0,0.7161949331486779,0,1,0
TXN112464,46.43,10,2.08,107.64,0,0.12,0,0,0
TXN112465,165.84,10,8.83,1.38,0,0.34,1,1,0
TXN112466,98.55,11,3.23,11.41,0,0.382,0,1,0
TXN112467,61.2,8,7.52,59.88,0,0.345,0,1,0
TXN112468,27.39,14,1.76,249.47,1,0.099,0,0,0
TXN112469,100.52,12,2.76,27.43,0,0.078,0,1,0
TXN112470,64.29,8,0.31,5.93,0,0.077,0,1,0
TXN112471,142.28,9,6.76,25.17,0,0.121,0,1,0
TXN112472,47.79,11,0.54,107.04,2,0.262,0,1,0
TXN112473,2.67,12,1.77,29.68,0,0.271,0,1,0
TXN112474,28.27,8,12.19,19.67,0,0.105,0,1,0
TXN112475,29.37,2,17.02,15.1,0,0.058,0,0,0
TXN112476,35.73,16,2.81,169.18,0,0.109,0,1,0
TXN112477,60.18,11,6.54,101.61,0,0.269,0,1,0
TXN112478,9.0,9,17.31,30.62,0,0.46,0,1,0
TXN112479,32.56,18,195.18,2.64,5,0.87,1,0,1
TXN112480,22.15,11,4.9,131.67,0,0.214,0,1,0
TXN112481,34.37,13,2.89,146.5,0,0.062,0,1,0
TXN112482,89.46,15,8.78,159.21,0,0.15,0,1,0
TXN112483,101.66,15,0.8,36.11,0,0.402,0,1,0
TXN112484,31.2,12,7.66,137.32,0,0.09,0,1,0
TXN112485,56.51,8,2.28,31.39,1,0.181,0,1,0
TXN112486,96.8,17,4.51,19.6,0,0.425,0,1,0
TXN112487,245.96,12,4.9,230.94,0,0.528,0,1,0
TXN112488,73.72,11,8.23,111.73,0,0.157,0,1,0
TXN112489,42.52,16,5.46,256.99,0,0.365,0,1,0
TXN112490,94.82,13,12.2,118.89,1,0.132,0,0,0
TXN112491,180.93,10,0.95,218.39,0,0.508,0,1,0
TXN112492,60.73,18,12.77,185.0,1,0.436,0,1,0
TXN112493,78.41,12,3.55,101.93,0,0.178,0,1,0
TXN112494,19.06,13,7.66,207.86,0,0.139,0,1,0
TXN112495,82.91,13,7.42,238.88,0,0.472,0,1,0
TXN112496,134.96,17,1.74,13.21,1,0.124,0,1,0
TXN112497,13.82,8,10.73,0.7,1,0.575,0,1,0
TXN112498,144.18,11,5.98,4.91,1,0.022,0,1,0
TXN112499,18.4,21,3.45,116.62,0,0.125,0,1,0
TXN112500,80.76,3,1.78,166.57,2,0.138,0,1,0
TXN112501,121.65,13,2.93,235.1,0,0.225,0,1,0
TXN112502,76.39,7,15.51,19.97,0,0.425,0,1,0
TXN112503,137.95,9,0.49,265.29,0,0.331,0,0,0
TXN112504,43.88,8,18.83,89.02,0,0.552,0,1,0
TXN112505,100.57,4,8.4,49.03,0,0.443,0,1,0
TXN112506,146.27,10,7.55,30.01,0,0.581,0,0,0
TXN112507,34.48,18,10.53,26.82,0,0.28,0,1,0
TXN112508,171.54,15,8.71,66.73,0,0.263,0,0,0
TXN112509,65.15,5,5.32,109.93,0,0.521,0,0,0
TXN112510,69.34,0,5.18,6.38,0,0.257,0,1,0
TXN112511,135.27,12,4.03,109.68,0,0.182,0,1,0
TXN112512,97.86,5,2.34,82.82,1,0.234,0,1,0
TXN112513,187.68,2,8.52,6.95,0,0.319,0,0,0
TXN112514,46.11,18,12.06,65.76,0,0.225,0,1,0
TXN112515,143.41,13,2.42,516.07,0,0.393,0,1,0
TXN112516,236.66468650583735,17,64.25160411183089,2.37,1,0.787604852201429,0,1,0
TXN112517,148.71,15,10.13,9.81,0,0.475,0,1,0
TXN112518,61.34,16,2.72,24.87,1,0.011,0,0,0
TXN112519,50.78,9,4.96,303.87,0,0.399,0,0,0
TXN112520,17.26,4,5.69,30.03,1,0.326,0,0,0
TXN112521,76.1,11,13.99,168.84,0,0.647,0,1,0
TXN112522,103.3,16,6.27,24.39,0,0.379,0,1,0
TXN112523,190.2,9,5.6,93.68,1,0.072,0,1,0
TXN112524,135.94,13,7.81,20.61,0,0.06,0,0,0
TXN112525,175.81,19,4.3,0.51,0,0.148,0,1,0
TXN112526,119.75,19,14.46,151.67,0,0.209,0,1,0
TXN112527,78.17,10,5.86,126.64,1,0.347,0,1,0
TXN112528,135.82,18,0.73,39.1,0,0.154,0,1,0
TXN112529,256.75,3,6.94,9.74,0,0.023,0,1,0
TXN112530,99.03,19,32.67,61.44,1,0.201,0,1,0
TXN112531,31.61,4,12.08,75.07,2,0.449,0,0,0
TXN112532,131.72,9,21.18,156.03,0,0.169,0,1,0
TXN112533,51.87,7,0.3,84.87,0,0.192,0,1,0
TXN112534,99.02,7,1.63,0.93,2,0.66,0,1,0
TXN112535,53.42,11,0.85,102.75,0,0.266,0,1,0
TXN112536,86.24,19,3.92,58.5,0,0.258,0,1,0
TXN112537,84.51,12,11.41,62.78,0,0.37,0,0,0
TXN112538,82.72,5,11.43,117.63,0,0.589,0,1,0
TXN112539,102.96,1,2.68,164.88,0,0.236,0,0,0
TXN112540,10.76,1,5.23,30.78,0,0.254,0,1,0
TXN112541,36.51,16,4.94,3.17,1,0.439,0,1,0
TXN112542,114.08,3,0.95,96.26,0,0.48,0,1,0
TXN112543,91.35,21,1.29,161.18,0,0.214,0,1,0
TXN112544,21.4,14,16.2,80.53,0,0.251,0,0,0
TXN112545,54.21,21,8.98,72.13,0,0.689,0,1,0
TXN112546,41.48,9,2.4,2.93,0,0.252,0,1,0
TXN112547,59.59,12,7.24,28.3,0,0.545,0,0,0
TXN112548,75.15,15,0.61,7.38,0,0.352,0,1,0
TXN112549,101.47,12,4.5,663.35,0,0.501,0,0,0
TXN112550,60.02,13,4.03,6.17,0,0.218,1,1,0
TXN112551,150.78,12,8.31,206.17,0,0.493,0,1,0
TXN112552,541.22,5,175.78,13.06,4,0.814,0,1,1
TXN112553,20.22,8,7.54,141.93,0,0.421,0,0,0
TXN112554,70.77,9,1.31,128.39,0,0.094,0,1,0
TXN112555,90.82,12,2.75,181.13,0,0.127,0,0,0
TXN112556,142.24,20,2.37,119.75,0,0.054,0,1,0
TXN112557,70.04,11,9.44,16.08,1,0.29,0,0,0
TXN112558,106.26,20,3.74,164.53,0,0.452,0,1,0
TXN112559,55.35,14,21.3,3.93,3,0.255,1,1,0
TXN112560,22.28,15,3.24,181.52,0,0.164,0,1,0
TXN112561,853.2133097046939,2,140.26629361106114,157.58,0,0.6997374154031075,0,1,0
TXN112562,82.08,16,0.97,79.88,0,0.342,0,1,0
TXN112563,60.24,10,7.42,178.88,1,0.145,0,1,0
TXN112564,163.72,15,2.31,0.87,1,0.317,0,1,0
TXN112565,22.52,14,2.39,205.17,0,0.451,0,1,0
TXN112566,112.91,17,10.64,159.83,0,0.182,0,0,0
TXN112567,115.64,11,4.98,11.35,0,0.378,0,1,0
TXN112568,182.98,14,5.52,252.2,0,0.316,0,1,0
TXN112569,177.86,22,3.51,125.6,1,0.132,0,1,0
TXN112570,16.23,8,3.6,70.2,1,0.183,0,0,0
TXN112571,41.08,3,6.37,10.17,0,0.085,0,1,0
TXN112572,141.95,21,1.94,70.23,0,0.37,0,1,0
TXN112573,37.0,16,23.17,83.34,0,0.626,0,1,0
TXN112574,62.7,17,4.61,503.82,0,0.377,0,1,0
TXN112575,126.39,14,5.49,180.93,0,0.217,0,1,0
TXN112576,114.47,17,5.56,136.62,0,0.544,0,1,0
TXN112577,49.37,12,20.94,56.1,0,0.314,0,0,0
TXN112578,56.94,13,1.3,92.97,0,0.054,0,0,0
TXN112579,33.07,11,15.98,97.57,0,0.258,0,1,0
TXN112580,36.41,21,0.8,85.3,1,0.45,0,1,0
TXN112581,197.96,8,17.4,85.99,0,0.116,0,1,0
TXN112582,39.58,13,18.45,10.18,0,0.695,0,0,0
TXN112583,238.77,10,0.56,71.52,0,0.257,0,1,0
TXN112584,39.2,8,2.19,107.12,2,0.285,1,0,0
TXN112585,11.49,20,1.38,43.04,0,0.326,0,1,0
TXN112586,62.72,15,2.31,60.15,0,0.159,0,1,0
TXN112587,60.48,18,11.67,123.24,0,0.517,0,1,0
TXN112588,39.84,19,2.84,158.75,0,0.236,0,1,0
TXN112589,68.4,9,9.1,81.64,0,0.361,0,1,0
TXN112590,85.56,15,7.5,46.19,0,0.219,0,0,0
TXN112591,124.11,12,2.36,96.93,0,0.24,0,0,0
TXN112592,121.23,12,11.81,20.47,0,0.079,0,1,0
TXN112593,34.97,20,18.2,443.61,0,0.193,0,1,0
TXN112594,7.95,17,7.59,16.19,0,0.276,0,1,0
TXN112595,268.4099287147345,19,99.20276131997075,75.01,1,0.7078085343148978,0,1,0
TXN112596,168.29,11,0.89,16.62,1,0.187,0,1,0
TXN112597,19.41,6,6.34,60.83,1,0.684,0,1,0
TXN112598,156.53664812768133,4,38.18330302205591,104.45,0,0.5245240415339448,0,0,0
TXN112599,33.55,12,0.33,8.59,0,0.07,0,0,0
TXN112600,66.3,9,2.33,76.16,0,0.22,0,1,0
TXN112601,21.02,8,3.93,7.33,0,0.548,0,0,0
TXN112602,30.32,18,1.31,32.58,0,0.603,0,1,0
TXN112603,127.9,17,1.68,238.92,0,0.641,0,0,0
TXN112604,44.48,8,5.91,3.19,0,0.209,0,0,0
TXN112605,73.89,13,4.04,224.4,0,0.463,0,0,0
TXN112606,43.17,20,5.22,68.3,0,0.342,0,1,0
TXN112607,51.62,11,7.42,128.74,1,0.076,0,1,0
TXN112608,156.04,8,10.61,491.93,0,0.229,0,1,0
TXN112609,24.48,17,11.38,551.84,1,0.211,0,1,0
TXN112610,42.7,6,5.07,57.22,0,0.131,0,1,0
TXN112611,102.88,9,20.0,36.67,1,0.107,0,1,0
TXN112612,68.74,7,13.79,37.82,0,0.244,0,1,0
TXN112613,70.16,23,7.66,31.36,0,0.54,0,1,0
TXN112614,126.31,12,16.12,44.49,0,0.083,0,0,0
TXN112615,113.39,16,4.07,25.59,0,0.678,0,1,0
TXN112616,118.27,10,11.06,237.7,0,0.307,0,1,0
TXN112617,100.4,8,1.45,47.59,1,0.391,0,1,0
TXN112618,68.12,13,5.41,152.17,0,0.383,0,1,0
TXN112619,5.9,20,8.43,131.15,1,0.218,0,0,0
TXN112620,14.6,21,8.83,4.73,0,0.39,0,1,0
TXN112621,20.45,9,1.29,131.84,0,0.329,0,1,0
TXN112622,36.44,5,4.68,33.17,0,0.047,0,1,0
TXN112623,32.79,8,5.64,319.53,1,0.377,0,1,0
TXN112624,99.11,17,0.86,273.33,1,0.028,0,1,0
TXN112625,161.57,13,25.25,23.62,1,0.36,1,1,0
TXN112626,26.08,20,2.52,230.97,0,0.342,0,1,0
TXN112627,35.17,19,0.46,47.67,0,0.183,0,0,0
TXN112628,26.71,13,10.36,34.57,0,0.338,0,1,0
TXN112629,27.19,9,4.48,98.89,0,0.087,0,0,0
TXN112630,62.16,8,3.77,5.29,0,0.214,0,1,0
TXN112631,115.59,16,12.05,350.34,1,0.719,0,1,0
TXN112632,180.73,7,9.72,121.08,0,0.154,0,1,0
TXN112633,31.59,9,3.64,249.44,0,0.305,0,1,0
TXN112634,45.56,18,21.64,309.12,0,0.162,0,1,0
TXN112635,79.02,9,2.24,75.59,0,0.356,0,1,0
TXN112636,205.9024575558841,18,72.25950132869762,140.66,2,0.702177564818974,0,0,0
TXN112637,98.61,10,8.38,91.78,1,0.31,0,1,0
TXN112638,3.39,4,3.13,15.0,0,0.444,0,1,0
TXN112639,41.07,15,8.74,297.31,0,0.563,0,1,0
TXN112640,66.48,16,1.89,232.43,1,0.421,0,0,0
TXN112641,15.76,15,5.02,18.65,0,0.294,0,1,0
TXN112642,185.98,5,4.08,36.3,0,0.343,0,0,0
TXN112643,6.08,17,0.27,323.03,1,0.249,0,1,0
TXN112644,45.21,13,2.05,69.85,0,0.25,0,0,0
TXN112645,70.09,1,1.54,37.71,1,0.231,0,0,0
TXN112646,7.95,13,18.74,232.26,0,0.356,0,1,0
TXN112647,134.91,19,4.11,60.3,0,0.347,1,1,0
TXN112648,227.91,5,10.22,90.38,0,0.22,0,1,0
TXN112649,31.39,9,6.38,27.4,0,0.18,0,1,0
TXN112650,19.07,2,3.34,45.0,0,0.061,0,1,0
TXN112651,19.24,8,11.49,10.25,2,0.443,0,1,0
TXN112652,85.66,16,3.92,304.58,0,0.266,0,1,0
TXN112653,9.22,3,2.72,71.2,0,0.307,0,1,0
TXN112654,58.3,4,4.34,155.41,0,0.244,0,0,0
TXN112655,3.51,17,11.59,130.44,1,0.222,0,1,0
TXN112656,70.67,21,9.7,23.88,1,0.164,0,0,0
TXN112657,166.57,17,2.07,134.22,1,0.185,0,0,0
TXN112658,67.93,11,2.34,18.58,2,0.571,0,1,0
TXN112659,13.23,14,4.83,572.03,1,0.141,0,1,0
TXN112660,24.88,12,2.25,200.59,0,0.122,0,1,0
TXN112661,53.02,10,2.8,2.17,0,0.474,0,1,0
TXN112662,65.03,19,5.81,286.07,0,0.076,0,1,0
TXN112663,24.41,6,0.4,22.24,1,0.086,0,1,0
TXN112664,16.67,15,7.88,111.28,0,0.274,0,1,0
TXN112665,61.005422491327344,14,77.87501898400711,164.16,0,0.7851664065130685,0,1,0
TXN112666,18.85,10,3.7,123.08,1,0.188,0,1,0
TXN112667,81.82,9,9.92,330.71,0,0.482,0,1,0
TXN112668,98.08,11,3.12,106.47,2,0.118,0,1,0
TXN112669,54.08,23,7.99,55.67,0,0.35,0,1,0
TXN112670,166.85,8,4.79,16.68,0,0.312,0,1,0
TXN112671,77.33,18,5.15,25.79,1,0.192,1,1,0
TXN112672,4.97,0,3.6,11.04,1,0.093,0,1,0
TXN112673,18.63,17,10.18,17.41,1,0.531,1,1,0
TXN112674,26.97,8,5.31,395.55,0,0.637,1,1,0
TXN112675,20.99,20,7.6,15.4,1,0.331,0,1,0
TXN112676,100.77,14,0.38,15.71,0,0.34,0,1,0
TXN112677,16.36,23,11.66,5.79,0,0.507,0,0,0
TXN112678,24.5055321335003,19,46.489222041142455,92.1,0,0.693435393765062,0,1,0
TXN112679,57.37,13,8.03,378.92,0,0.065,1,1,0
TXN112680,52.14,8,12.7,268.87,0,0.486,0,1,0
TXN112681,93.75,18,7.9,18.03,1,0.453,0,1,0
TXN112682,66.52,9,0.72,111.31,1,0.306,0,1,0
TXN112683,137.34,9,10.12,25.72,0,0.31,0,0,0
TXN112684,29.27,20,6.25,59.46,0,0.178,0,0,0
TXN112685,134.42,18,2.92,366.42,0,0.352,0,1,0
TXN112686,35.39,14,17.87,183.26,2,0.433,0,1,0
TXN112687,47.07,11,2.25,64.84,0,0.237,0,1,0
TXN112688,45.27,10,25.52,60.58,1,0.298,0,1,0
TXN112689,80.25,12,6.95,73.46,0,0.103,0,1,0
TXN112690,134.35,2,3.15,175.39,1,0.248,0,1,0
TXN112691,108.13,19,22.77,39.66,0,0.085,0,1,0
TXN112692,180.94,22,6.56,56.64,0,0.349,0,1,0
TXN112693,57.8,9,9.23,66.71,0,0.575,0,0,0
TXN112694,60.36,1,3.56,144.35,0,0.512,0,1,0
TXN112695,92.54,15,30.8,346.73,0,0.078,0,1,0
TXN112696,80.28,13,16.04,358.99,1,0.263,0,0,0
TXN112697,71.57,13,5.26,76.25,0,0.288,0,1,0
TXN112698,53.81,10,7.37,260.53,0,0.205,0,0,0
TXN112699,83.54,7,4.96,118.98,1,0.202,0,1,0
TXN112700,88.57,12,21.98,31.05,0,0.251,0,1,0
TXN112701,151.08,21,10.78,34.38,1,0.431,0,0,0
TXN112702,36.97,15,3.63,208.72,0,0.286,0,1,0
TXN112703,108.76,19,1.2,19.18,0,0.269,0,1,0
TXN112704,27.7,14,5.73,27.39,1,0.484,0,1,0
TXN112705,32.47,15,2.85,26.65,0,0.193,1,1,0
TXN112706,79.01665097957073,18,18.13487628766328,393.2,0,0.6193995441158511,0,1,0
TXN112707,68.42,15,1.46,5.5,2,0.091,0,0,0
TXN112708,56.62,4,7.53,70.48,1,0.369,0,1,0
TXN112709,102.62,15,1.52,47.27,0,0.22,0,1,0
TXN112710,639.26,6,245.82,12.65,5,0.712,1,0,1
TXN112711,65.2,19,7.94,34.82,0,0.409,0,1,0
TXN112712,79.09,16,9.67,35.89,0,0.278,0,1,0
TXN112713,14.44,9,3.51,55.16,0,0.258,0,1,0
TXN112714,49.33,10,8.74,284.22,2,0.309,0,1,0
TXN112715,127.0,17,7.36,57.57,0,0.598,0,1,0
TXN112716,78.36,16,9.98,256.96,1,0.157,0,1,0
TXN112717,275.66,11,0.58,240.68,0,0.463,0,1,0
TXN112718,109.05,12,9.68,175.73,1,0.302,0,1,0
TXN112719,179.64,9,8.56,44.38,1,0.239,0,1,0
TXN112720,34.42,20,2.58,371.26,0,0.188,0,1,0
TXN112721,75.72,4,13.27,14.71,0,0.17,0,1,0
TXN112722,158.79,18,2.26,153.91,0,0.382,0,1,0
TXN112723,87.44,17,15.66,62.57,0,0.011,0,1,0
TXN112724,36.21,14,1.13,160.8,0,0.169,0,1,0
TXN112725,132.97,15,7.81,206.08,1,0.491,0,1,0
TXN112726,10.81,15,0.54,19.4,1,0.245,0,1,0
TXN112727,51.43,19,9.05,405.99,1,0.418,0,1,0
TXN112728,135.62,15,2.05,70.63,0,0.046,0,1,0
TXN112729,58.96,15,14.5,402.8,2,0.261,0,0,0
TXN112730,81.34,19,0.61,190.69,0,0.11,0,1,0
TXN112731,15.53,20,14.5,142.03,0,0.291,0,1,0
TXN112732,71.35,22,10.9,74.79,0,0.364,0,1,0
TXN112733,76.66,8,5.66,57.85,0,0.471,0,1,0
TXN112734,227.21,16,7.29,47.66,0,0.301,0,1,0
TXN112735,5.84,14,0.52,858.06,0,0.328,0,0,0
TXN112736,154.22,20,4.77,124.06,0,0.204,0,1,0
TXN112737,73.98,8,7.8,45.67,1,0.334,0,0,0
TXN112738,12.08,15,20.79,41.2,0,0.294,0,1,0
TXN112739,52.76,4,10.28,70.12,0,0.225,0,1,0
TXN112740,27.37,11,4.61,42.18,1,0.167,0,1,0
TXN112741,87.28,13,8.04,48.68,0,0.264,0,0,0
TXN112742,105.22,11,4.02,18.03,1,0.042,0,0,0
TXN112743,91.42,13,2.82,179.43,1,0.386,0,1,0
TXN112744,141.69,9,1.82,218.25,1,0.147,0,0,0
TXN112745,227.36,11,0.25,17.26,0,0.313,0,1,0
TXN112746,43.14,8,0.52,69.76,2,0.106,0,1,0
TXN112747,48.73,5,7.11,205.17,1,0.671,0,1,0
TXN112748,87.94,18,3.85,78.43,1,0.157,0,1,0
TXN112749,45.02,15,3.57,65.54,0,0.529,0,0,0
TXN112750,153.23773776479982,14,113.32995190422557,26.85,0,0.5632816813786924,0,1,0
TXN112751,17.92,21,6.6,137.33,0,0.482,0,1,0
TXN112752,43.84,19,11.52,98.23,0,0.236,0,1,0
TXN112753,160.82,8,11.4,109.84,0,0.439,0,1,0
TXN112754,98.89,17,0.81,12.55,0,0.35,0,1,0
TXN112755,123.09,19,3.68,146.72,0,0.319,0,1,0
TXN112756,107.74,12,5.63,34.34,0,0.293,0,1,0
TXN112757,171.77,8,8.41,14.28,0,0.243,0,1,0
TXN112758,57.71,17,23.71,0.71,0,0.179,0,1,0
TXN112759,294.72,0,8.17,112.26,0,0.256,0,1,0
TXN112760,138.0,18,0.21,94.82,0,0.288,0,1,0
TXN112761,197.7,2,15.26,81.08,0,0.247,0,0,0
TXN112762,221.12,13,21.52,454.58,1,0.319,0,1,0
TXN112763,70.61,11,9.54,200.77,2,0.37,0,0,0
TXN112764,2.14,13,0.81,264.48,0,0.464,0,1,0
TXN112765,41.83,10,3.67,145.18,2,0.091,0,1,0
TXN112766,163.24,5,11.85,108.58,0,0.54,0,1,0
TXN112767,53.08,22,8.95,3.08,0,0.25,0,0,0
TXN112768,141.68,3,7.57,209.92,0,0.464,0,1,0
TXN112769,49.21,17,13.12,29.54,1,0.11,0,1,0
TXN112770,11.08,7,16.0,130.6,0,0.181,0,0,0
TXN112771,62.28,8,2.35,1.83,0,0.192,0,1,0
TXN112772,97.17,10,2.97,38.27,1,0.62,0,0,0
TXN112773,53.14,17,16.86,32.99,0,0.243,0,1,0
TXN112774,40.08,14,7.5,70.14,0,0.283,0,1,0
TXN112775,156.99,17,8.22,370.31,0,0.102,0,0,0
TXN112776,206.99,20,2.82,76.81,0,0.071,0,1,0
TXN112777,40.78,9,1.58,129.15,1,0.23,0,0,0
TXN112778,120.43,10,7.56,614.31,0,0.303,0,0,0
TXN112779,5.37,15,10.84,39.9,0,0.063,0,1,0
TXN112780,103.67,8,7.98,25.38,0,0.254,0,1,0
TXN112781,43.17,9,4.44,146.22,2,0.326,1,0,0
TXN112782,146.13,23,5.07,78.23,1,0.032,0,0,0
TXN112783,177.16,16,8.77,676.17,0,0.206,0,1,0
TXN112784,123.12,21,14.74,23.49,0,0.164,0,1,0
TXN112785,89.71,14,7.16,143.04,0,0.197,0,1,0
TXN112786,21.91,10,4.14,26.46,0,0.186,0,1,0
TXN112787,70.64,8,7.62,124.37,1,0.232,0,1,0
TXN112788,117.22,14,3.45,2.81,1,0.28,1,1,0
TXN112789,68.98,13,1.97,358.31,0,0.173,0,1,0
TXN112790,74.61,11,11.71,226.25,0,0.511,0,0,0
TXN112791,1225.0080946666421,19,180.78954542594528,239.67,0,0.5568959877510167,0,1,0
TXN112792,93.73,11,4.79,27.7,0,0.184,0,1,0
TXN112793,53.31,22,1.46,57.47,0,0.26,0,1,0
TXN112794,78.68464556030295,18,58.9629688512066,93.73,0,0.7569963539781983,0,1,0
TXN112795,52.22,10,4.51,54.61,1,0.38,0,1,0
TXN112796,43.91,14,5.76,239.28,0,0.435,0,0,0
TXN112797,12.96,12,9.25,103.74,0,0.192,0,1,0
TXN112798,29.71,6,12.25,5.04,0,0.276,0,1,0
TXN112799,17.59,5,8.97,17.94,0,0.398,0,0,0
TXN112800,146.22,14,4.4,344.96,1,0.442,0,1,0
TXN112801,47.53,10,9.39,191.87,2,0.49,0,1,0
TXN112802,88.73,16,5.22,102.18,2,0.107,0,0,0
TXN112803,203.04,20,3.11,48.15,0,0.118,0,1,0
TXN112804,44.26,20,4.04,44.59,0,0.396,0,1,0
TXN112805,15.12,12,1.74,169.54,0,0.511,0,1,0
TXN112806,66.25,8,20.32,37.95,1,0.246,0,1,0
TXN112807,124.61,18,1.77,209.37,0,0.158,0,1,0
TXN112808,61.29,4,11.78,138.96,0,0.511,0,0,0
TXN112809,113.75,13,5.73,89.63,0,0.232,0,1,0
TXN112810,138.32,6,5.96,220.47,0,0.367,0,0,0
TXN112811,3.99,19,12.9,2.2,2,0.141,0,0,0
TXN112812,22.02,14,11.61,336.91,0,0.309,0,1,0
TXN112813,181.99,17,7.01,9.79,2,0.348,0,1,0
TXN112814,13.74,15,3.98,500.13,0,0.435,0,1,0
TXN112815,24.65,12,11.24,4.5,0,0.539,0,0,0
TXN112816,24.28,19,8.18,155.68,0,0.299,0,1,0
TXN112817,132.53,13,10.55,32.96,0,0.242,0,1,0
TXN112818,125.49,15,1.44,79.53,0,0.184,0,1,0
TXN112819,68.6,13,6.04,6.26,0,0.12,0,0,0
TXN112820,95.11,19,4.57,19.42,0,0.042,0,1,0
TXN112821,160.01723965476282,14,35.366202630329845,6.25,1,0.6744519791539588,0,1,0
TXN112822,72.79,12,14.13,161.7,1,0.364,0,1,0
TXN112823,141.06,8,14.51,165.65,0,0.45,0,1,0
TXN112824,153.29,8,5.62,179.33,0,0.205,0,1,0
TXN112825,54.59,8,1.67,17.46,0,0.411,1,1,0
TXN112826,126.48,21,14.08,166.72,0,0.275,1,1,0
TXN112827,60.26,0,1.36,98.13,1,0.472,1,1,0
TXN112828,50.08,5,1.5,155.7,0,0.744,0,1,0
TXN112829,178.32,8,4.32,80.0,2,0.58,0,1,0
TXN112830,101.34,23,9.31,94.13,0,0.488,0,1,0
TXN112831,21.68,8,5.11,53.04,0,0.39,0,1,0
TXN112832,72.11,1,12.64,95.45,1,0.37,0,1,0
TXN112833,93.64,13,16.92,84.62,1,0.49,0,1,0
TXN112834,342.45,8,5.75,137.54,0,0.097,0,0,0
TXN112835,8.69,4,2.56,189.13,0,0.535,0,1,0
TXN112836,85.74,20,4.98,83.47,1,0.043,0,1,0
TXN112837,23.11,4,6.71,283.81,0,0.288,0,1,0
TXN112838,52.63,15,344.12,1.63,4,0.897,0,0,1
TXN112839,20.26,20,3.81,7.64,0,0.222,0,1,0
TXN112840,113.89,10,15.14,51.24,0,0.121,0,0,0
TXN112841,57.73,11,1.08,95.67,0,0.333,0,1,0
TXN112842,24.42,17,6.24,69.62,0,0.518,1,1,0
TXN112843,130.07,20,0.32,26.61,0,0.221,0,1,0
TXN112844,88.88,15,3.13,62.49,0,0.284,0,1,0
TXN112845,97.99,8,2.29,405.84,1,0.315,0,1,0
TXN112846,9.73,13,3.82,430.08,0,0.09,0,0,0
TXN112847,55.19,13,1.68,75.65,0,0.508,0,1,0
TXN112848,51.27,4,0.17,157.35,1,0.295,0,1,0
TXN112849,50.87,11,7.38,15.69,0,0.575,0,1,0
TXN112850,200.19,22,6.83,79.47,0,0.298,1,1,0
TXN112851,84.75,19,30.37,2.59,0,0.18,0,0,0
TXN112852,53.96,17,0.57,188.46,0,0.169,0,0,0
TXN112853,175.32,10,10.19,181.64,0,0.066,0,1,0
TXN112854,185.99,10,1.87,158.0,0,0.198,0,1,0
TXN112855,59.87,17,0.47,185.78,0,0.27,0,0,0
TXN112856,63.33,12,17.53,27.29,0,0.473,0,1,0
TXN112857,37.19,16,12.17,28.26,1,0.354,0,1,0
TXN112858,2.41,8,2.46,104.17,1,0.354,0,1,0
TXN112859,19.28,3,7.6,66.55,0,0.561,0,1,0
TXN112860,73.5,10,4.74,4.28,2,0.501,0,1,0
TXN112861,66.01,15,0.64,127.62,0,0.3,0,1,0
TXN112862,528.7982200813052,12,16.707337522576246,47.36,0,0.777356007632333,0,1,0
TXN112863,101.65,19,11.68,48.52,1,0.181,0,0,0
TXN112864,67.82,17,2.7,44.2,0,0.285,0,0,0
TXN112865,132.44,15,5.81,37.52,1,0.112,0,0,0
TXN112866,14.44,11,21.99,10.81,1,0.129,0,1,0
TXN112867,146.35,11,15.66,244.76,0,0.309,0,1,0
TXN112868,25.58,18,13.41,0.09,0,0.115,0,1,0
TXN112869,70.81,13,0.69,128.3,0,0.424,0,1,0
TXN112870,108.02,1,4.32,142.32,0,0.093,0,1,0
TXN112871,113.44,8,9.41,32.45,0,0.14,0,1,0
TXN112872,60.65,15,5.82,183.62,1,0.274,0,1,0
TXN112873,139.82,12,3.76,126.34,0,0.085,0,1,0
TXN112874,225.76,12,3.86,177.99,0,0.201,0,1,0
TXN112875,96.5,22,8.83,118.14,1,0.467,0,1,0
TXN112876,9.22,0,3.48,22.43,0,0.035,0,1,0
TXN112877,36.01,15,14.47,53.35,1,0.191,0,1,0
TXN112878,73.27,15,12.69,5.81,0,0.213,0,1,0
TXN112879,42.92,11,4.51,42.95,1,0.191,0,0,0
TXN112880,75.48,9,14.11,24.11,1,0.391,0,1,0
TXN112881,61.51,4,7.63,171.97,0,0.353,0,1,0
TXN112882,53.83,14,10.92,20.14,0,0.648,0,1,0
TXN112883,125.66,17,10.8,113.45,0,0.185,0,1,0
TXN112884,794.3468861864826,13,53.32931161020896,194.34,0,0.5307161442716349,0,1,0
TXN112885,49.51,14,15.46,31.28,0,0.601,0,1,0
TXN112886,397.75798287476687,19,72.23717555003412,3.55,1,0.5330968464082884,1,1,0
TXN112887,92.91,12,8.25,37.63,0,0.05,0,1,0
TXN112888,94.43,9,32.96,48.69,0,0.445,0,1,0
TXN112889,113.61,18,2.34,62.32,1,0.159,0,1,0
TXN112890,17.26,16,15.21,3.66,0,0.236,0,1,0
TXN112891,27.56,21,5.46,11.29,1,0.286,0,1,0
TXN112892,17.08,8,1.85,41.22,0,0.514,0,1,0
TXN112893,155.28,17,1.27,5.78,0,0.201,0,1,0
TXN112894,74.82,20,2.46,64.72,1,0.369,0,1,0
TXN112895,209.9,11,6.45,377.35,0,0.09,0,1,0
TXN112896,104.55,13,4.0,99.7,0,0.207,0,1,0
TXN112897,54.07,14,0.56,2.96,0,0.341,0,1,0
TXN112898,68.49,23,12.19,166.56,0,0.664,0,1,0
TXN112899,49.57,10,1.69,278.47,0,0.189,0,1,0
TXN112900,96.75,11,12.03,238.65,0,0.101,0,1,0
TXN112901,185.74687138884335,9,14.934573774854687,348.26,1,0.543325674267594,1,0,0
TXN112902,114.96,18,7.98,9.25,0,0.155,0,0,0
TXN112903,66.5,13,23.36,135.84,1,0.359,0,1,0
TXN112904,79.05,10,0.55,141.81,2,0.42,0,0,0
TXN112905,42.7,16,7.14,100.08,2,0.233,0,1,0
TXN112906,100.61,17,2.69,305.64,0,0.19,0,1,0
TXN112907,33.55,14,33.93,67.76,1,0.156,0,1,0
TXN112908,55.09,20,3.44,21.82,0,0.497,0,0,0
TXN112909,148.48,8,39.86,32.15,0,0.379,0,1,0
TXN112910,38.78,10,23.77,169.95,0,0.117,0,1,0
TXN112911,11.02,10,0.04,230.24,1,0.188,0,0,0
TXN112912,106.39,4,2.75,32.27,0,0.234,0,1,0
TXN112913,63.07,14,5.81,47.92,0,0.242,0,1,0
TXN112914,97.49,3,12.53,54.59,1,0.151,0,1,0
TXN112915,31.65,22,2.74,27.2,0,0.352,0,1,0
TXN112916,249.83,3,4.78,128.55,0,0.406,0,0,0
TXN112917,107.06,15,10.61,47.49,0,0.063,0,1,0
TXN112918,76.64,18,1.71,9.93,0,0.239,0,1,0
TXN112919,19.27,11,7.38,7.47,0,0.199,0,0,0
TXN112920,132.38,9,13.85,40.28,0,0.257,0,1,0
TXN112921,176.26,0,5.72,45.37,0,0.103,0,1,0
TXN112922,15.32,13,5.36,20.12,0,0.262,0,1,0
TXN112923,28.15,2,34.05,244.9,0,0.248,0,1,0
TXN112924,85.2,15,3.94,104.04,0,0.162,0,1,0
TXN112925,60.91,16,1.24,4.9,0,0.665,1,1,0
TXN112926,1761.43,16,325.98,6.51,4,0.341,1,0,1
TXN112927,15.64,9,11.13,10.42,0,0.408,0,1,0
TXN112928,445.3300694428484,9,25.189822480891284,206.22,1,0.6668767590977602,0,1,0
TXN112929,50.71,3,5.61,36.35,1,0.011,0,0,0
TXN112930,50.21,18,4.26,17.68,0,0.032,0,0,0
TXN112931,77.86,12,2.36,585.57,0,0.485,0,1,0
TXN112932,49.13,15,16.14,67.65,1,0.126,0,1,0
TXN112933,36.87,17,7.04,209.05,1,0.518,0,1,0
TXN112934,64.76,9,10.96,59.96,0,0.234,0,1,0
TXN112935,59.3,16,4.81,99.71,1,0.033,0,1,0
TXN112936,51.96,14,5.46,92.74,0,0.047,0,1,0
TXN112937,146.43,16,13.75,113.11,0,0.401,0,1,0
TXN112938,19.48,18,4.12,17.97,0,0.243,0,1,0
TXN112939,533.36,3,204.47,11.28,6,0.468,1,0,1
TXN112940,15.76,14,11.7,35.79,0,0.292,0,1,0
TXN112941,62.23,17,5.63,16.06,0,0.436,0,1,0
TXN112942,68.52,18,5.07,1032.92,0,0.171,0,1,0
TXN112943,114.57,23,2.27,523.43,1,0.292,0,0,0
TXN112944,54.93,14,20.86,42.04,0,0.353,0,1,0
TXN112945,89.68,0,7.13,77.44,1,0.466,0,1,0
TXN112946,51.13,11,7.25,70.07,1,0.242,0,0,0
TXN112947,1477.59,4,502.87,2.02,2,0.198,1,0,1
TXN112948,88.55,16,1.68,95.71,0,0.5,0,1,0
TXN112949,59.45,3,9.33,48.37,1,0.143,0,1,0
TXN112950,193.78750756163416,12,43.05958999819849,98.38,0,0.5862297492192527,0,1,0
TXN112951,30.51,14,2.71,8.4,1,0.018,0,1,0
TXN112952,219.94,15,0.29,558.11,1,0.47,0,0,0
TXN112953,58.32,10,9.07,19.93,1,0.222,1,1,0
TXN112954,138.23,8,5.72,2.96,0,0.481,0,1,0
TXN112955,21.62,3,3.06,37.1,0,0.486,0,1,0
TXN112956,149.45,5,7.28,64.89,0,0.243,0,1,0
TXN112957,73.48,18,0.37,25.14,0,0.439,0,1,0
TXN112958,38.12,19,8.7,342.48,1,0.433,0,0,0
TXN112959,99.66,10,5.4,68.35,0,0.393,0,1,0
TXN112960,88.23,4,185.04,0.04,7,0.79,0,0,1
TXN112961,45.0,23,1.3,402.18,0,0.282,0,1,0
TXN112962,145.67,9,10.12,11.2,1,0.008,0,1,0
TXN112963,18.71,0,9.04,6.6,1,0.328,0,1,0
TXN112964,52.92,9,2.15,103.82,0,0.077,0,1,0
TXN112965,174.37,16,6.02,53.75,1,0.108,0,0,0
TXN112966,116.02,17,0.34,164.72,1,0.305,0,1,0
TXN112967,125.38,19,7.21,369.3,0,0.524,0,1,0
TXN112968,75.02,10,0.48,29.34,1,0.159,0,1,0
TXN112969,143.44,15,5.74,120.04,0,0.189,0,1,0
TXN112970,60.96,15,18.36,13.61,0,0.428,0,1,0
TXN112971,144.04,6,5.29,93.67,0,0.583,0,1,0
TXN112972,34.19,14,2.68,13.59,2,0.251,0,1,0
TXN112973,20.57,15,1.01,63.65,0,0.311,0,1,0
TXN112974,8.4,20,1.82,65.33,0,0.282,0,1,0
TXN112975,96.6,12,0.9,40.34,2,0.541,0,0,0
TXN112976,63.95,17,7.32,1.45,0,0.139,0,1,0
TXN112977,314.1781828636826,10,93.32300282593363,256.33,0,0.5757168997933378,0,1,0
TXN112978,50.38,4,4.44,324.22,0,0.49,0,1,0
TXN112979,93.54,5,3.29,69.78,0,0.227,0,1,0
TXN112980,86.42,8,0.44,15.32,1,0.198,0,1,0
TXN112981,98.67033947096527,16,31.965019796370726,0.11,4,0.4350103058433672,1,1,1
TXN112982,149.54,12,6.83,36.42,0,0.576,0,1,0
TXN112983,155.41,6,3.41,76.52,0,0.372,0,1,0
TXN112984,97.44,17,14.52,144.33,0,0.177,0,1,0
TXN112985,168.0,15,8.69,39.36,0,0.622,0,1,0
TXN112986,51.2,10,9.5,293.12,0,0.23,0,1,0
TXN112987,12.02,15,10.45,50.65,0,0.398,0,1,0
TXN112988,161.48,20,8.69,562.71,0,0.24,0,1,0
TXN112989,189.25,18,5.87,68.42,0,0.173,0,1,0
TXN112990,29.92,16,12.68,361.9,0,0.087,0,1,0
TXN112991,201.38,15,13.25,171.18,0,0.168,0,1,0
TXN112992,24.99,15,26.2,59.13,1,0.31,0,1,0
TXN112993,17.4,17,0.35,0.3,0,0.171,0,1,0
TXN112994,27.7,15,21.98,113.58,0,0.524,0,1,0
TXN112995,68.78,0,9.18,114.43,1,0.416,0,1,0
TXN112996,109.11,13,5.97,5.82,0,0.2,0,1,0
TXN112997,155.26,18,7.02,147.39,1,0.295,0,1,0
TXN112998,49.73,21,1.78,161.5,1,0.209,0,1,0
TXN112999,72.1,21,19.75,111.23,0,0.406,0,1,0
TXN113000,90.15,22,4.42,175.58,1,0.478,0,0,0
TXN113001,40.44,15,12.59,48.51,2,0.069,1,1,0
TXN113002,130.33,20,4.36,55.35,0,0.05,0,1,0
TXN113003,83.85,23,9.49,138.07,1,0.367,0,1,0
TXN113004,30.45,10,2.03,31.28,0,0.549,0,1,0
TXN113005,25.62,21,9.43,544.52,1,0.241,0,1,0
TXN113006,36.21,8,35.17,134.94,0,0.195,0,1,0
TXN113007,80.32,8,8.82,25.3,0,0.267,0,0,0
TXN113008,66.4,6,4.21,71.87,0,0.392,0,1,0
TXN113009,161.92,18,1.52,16.13,0,0.136,0,1,0
TXN113010,218.9,16,21.87,372.74,0,0.211,0,0,0
TXN113011,65.34,17,4.73,271.34,1,0.017,0,0,0
TXN113012,44.63,17,8.68,51.63,0,0.32,0,1,0
TXN113013,143.81,5,8.94,77.05,0,0.123,0,1,0
TXN113014,163.03969817295584,13,38.0713102676003,11.27,1,0.7383554038434655,1,1,0
TXN113015,7.75,8,3.03,146.51,0,0.261,0,1,0
TXN113016,26.72,15,4.98,38.91,0,0.113,0,1,0
TXN113017,27.98,9,11.15,19.56,1,0.145,0,1,0
TXN113018,217.44,12,2.9,63.93,0,0.475,0,0,0
TXN113019,97.99,16,0.17,34.97,0,0.438,0,1,0
TXN113020,72.53,22,3.65,196.91,0,0.24,0,1,0
TXN113021,316.26,4,144.88,4.28,2,0.626,1,0,1
TXN113022,180.09,17,15.1,508.25,1,0.3,1,1,0
TXN113023,67.65,12,10.92,2.18,0,0.2,0,1,0
TXN113024,106.42,17,1.53,172.21,1,0.479,0,1,0
TXN113025,97.96,8,9.39,56.72,0,0.272,0,1,0
TXN113026,332.32,12,5.04,112.74,1,0.53,0,1,0
TXN113027,14.02,2,3.95,171.32,0,0.286,0,1,0
TXN113028,10.42,10,9.19,26.07,0,0.44,0,0,0
TXN113029,89.03,20,3.29,9.38,1,0.471,0,1,0
TXN113030,80.08,18,4.12,47.31,0,0.156,0,1,0
TXN113031,145.08,1,9.58,175.99,1,0.336,0,1,0
TXN113032,79.15,11,12.53,28.0,0,0.314,0,1,0
TXN113033,23.84,4,8.19,58.71,1,0.145,0,1,0
TXN113034,129.23,6,4.04,411.25,0,0.118,1,0,0
TXN113035,19.16,12,3.81,601.29,0,0.452,0,1,0
TXN113036,74.88,15,9.73,99.43,0,0.559,0,1,0
TXN113037,93.77,17,7.88,20.23,0,0.332,0,1,0
TXN113038,5.82,0,3.07,53.56,0,0.198,0,1,0
TXN113039,2.74,21,5.15,9.63,0,0.188,0,1,0
TXN113040,128.96,10,22.04,119.96,0,0.116,0,1,0
TXN113041,60.38,17,8.65,51.12,0,0.098,0,0,0
TXN113042,74.68,8,8.2,77.56,0,0.345,0,1,0
TXN113043,33.27,8,6.89,15.15,2,0.11,0,1,0
TXN113044,279.69,16,2.01,195.35,0,0.318,1,1,0
TXN113045,15.53,4,4.97,48.36,1,0.318,0,1,0
TXN113046,63.8,19,10.11,543.7,0,0.236,0,1,0
TXN113047,64.81,14,13.44,68.58,1,0.415,0,1,0
TXN113048,23.14,17,1.4,206.55,1,0.222,0,1,0
TXN113049,67.71,20,7.11,59.96,1,0.147,0,1,0
TXN113050,71.5,0,5.09,8.61,1,0.535,1,0,0
TXN113051,87.97,15,11.6,43.82,0,0.21,0,1,0
TXN113052,128.03,14,14.34,48.02,0,0.364,0,0,0
TXN113053,140.44,18,7.51,255.85,0,0.664,0,1,0
TXN113054,94.03,14,3.53,62.34,0,0.041,0,1,0
TXN113055,37.8,16,29.76,7.91,2,0.399,0,1,0
TXN113056,94.85,16,8.44,194.7,0,0.092,0,1,0
TXN113057,17.69,16,5.2,13.45,0,0.376,0,1,0
TXN113058,99.7,0,7.75,112.46,0,0.536,0,0,0
TXN113059,38.12,3,3.34,215.49,0,0.148,0,1,0
TXN113060,110.79,18,3.06,92.57,0,0.131,0,1,0
TXN113061,58.25,3,4.59,101.77,0,0.658,0,1,0
TXN113062,20.91,13,7.74,92.99,0,0.327,0,1,0
TXN113063,152.75,9,13.3,276.44,0,0.143,0,1,0
TXN113064,100.78,11,4.32,147.69,0,0.159,0,1,0
TXN113065,4.29,8,8.38,107.58,0,0.15,0,1,0
TXN113066,109.82,19,10.33,114.14,0,0.407,0,1,0
TXN113067,146.54,14,6.37,433.4,1,0.184,0,1,0
TXN113068,71.96,17,11.25,98.17,0,0.337,0,1,0
TXN113069,55.58,20,16.23,319.13,0,0.249,0,1,0
TXN113070,53.51,16,4.77,237.26,2,0.312,0,1,0
TXN113071,58.4,0,13.41,58.86,1,0.292,0,1,0
TXN113072,123.17,4,8.87,28.41,0,0.499,0,1,0
TXN113073,256.61,16,10.28,108.94,0,0.479,0,1,0
TXN113074,193.66,13,12.33,21.7,1,0.399,0,0,0
TXN113075,54.73,23,30.14,64.53,0,0.187,0,1,0
TXN113076,167.96,16,3.0,345.22,0,0.369,0,1,0
TXN113077,110.8,19,0.75,421.4,2,0.417,0,1,0
TXN113078,159.1,6,6.24,54.36,0,0.223,0,1,0
TXN113079,23.33,6,0.7,0.14,1,0.345,0,1,0
TXN113080,50.41,15,5.13,230.11,0,0.318,0,1,0
TXN113081,88.33,8,5.95,694.91,1,0.162,0,1,0
TXN113082,58.24,17,2.31,155.45,1,0.306,0,1,0
TXN113083,115.74,12,2.61,126.73,0,0.303,0,1,0
TXN113084,43.57,21,6.43,76.56,0,0.761,0,1,0
TXN113085,35.4,2,2.85,310.64,1,0.627,0,1,0
TXN113086,94.22,11,4.76,5.7,0,0.472,0,1,0
TXN113087,109.56,10,5.31,75.85,1,0.522,0,0,0
TXN113088,97.25,11,6.4,6.22,0,0.36,0,0,0
TXN113089,28.7,15,4.32,231.27,0,0.102,0,1,0
TXN113090,69.66,16,3.69,56.9,0,0.232,0,1,0
TXN113091,17.69,10,0.54,232.81,0,0.009,0,0,0
TXN113092,20.41,9,11.69,174.81,0,0.077,0,1,0
TXN113093,29.39,13,5.82,38.21,0,0.212,0,1,0
TXN113094,22.25,14,1.32,18.8,0,0.495,0,0,0
TXN113095,37.98,10,8.6,278.77,0,0.474,0,1,0
TXN113096,24.77,8,6.34,2.33,0,0.208,0,1,0
TXN113097,152.0558927213474,10,5.291572148665417,89.96,0,0.6264708849643261,0,1,0
TXN113098,58.97,21,3.78,77.81,0,0.661,0,1,0
TXN113099,332.34,8,3.84,127.95,0,0.09,0,1,0
TXN113100,198.17,5,6.73,65.21,0,0.329,0,1,0
TXN113101,208.36,3,2.92,7.27,2,0.188,0,1,0
TXN113102,123.17,14,5.98,30.0,1,0.268,0,0,0
TXN113103,3.76,8,15.23,323.01,1,0.124,0,1,0
TXN113104,69.61,12,3.46,167.93,0,0.397,0,1,0
TXN113105,67.15,10,1.16,280.45,0,0.176,0,1,0
TXN113106,41.09,17,0.94,94.13,0,0.299,0,1,0
TXN113107,10.69,8,39.16,162.16,0,0.027,0,1,0
TXN113108,159.82,17,7.17,530.71,2,0.323,0,1,0
TXN113109,13.03,17,2.72,10.75,0,0.163,0,1,0
TXN113110,86.77,8,6.89,50.77,1,0.27,0,1,0
TXN113111,61.57,18,15.48,609.54,0,0.124,0,1,0
TXN113112,19.45,20,7.38,29.11,3,0.357,0,1,0
TXN113113,116.71,15,1.7,379.39,0,0.428,0,1,0
TXN113114,32.83,18,4.71,33.72,1,0.468,0,1,0
TXN113115,121.97,11,1.37,98.43,0,0.207,0,0,0
TXN113116,61.43,18,12.07,72.24,0,0.525,0,1,0
TXN113117,65.55,0,1.81,0.72,0,0.444,0,0,0
TXN113118,40.4,21,3.62,11.4,1,0.399,0,0,0
TXN113119,292.39,8,5.34,70.45,0,0.236,0,1,0
TXN113120,127.97,18,0.5,30.3,0,0.287,0,1,0
TXN113121,92.9,8,4.05,48.86,0,0.26,1,1,0
TXN113122,64.58,18,9.63,41.03,0,0.368,0,0,0
TXN113123,14.23,11,4.08,96.76,0,0.28,0,1,0
TXN113124,84.73,4,5.47,272.01,0,0.153,0,1,0
TXN113125,37.6,20,16.09,380.73,0,0.073,0,1,0
TXN113126,162.32,12,3.99,68.77,1,0.056,0,1,0
TXN113127,19.08,17,4.64,18.38,0,0.108,0,1,0
TXN113128,77.64,5,5.47,34.21,1,0.033,0,0,0
TXN113129,96.63830260167936,11,111.92850873934975,161.18,0,0.5789441945741864,1,1,0
TXN113130,53.97,9,1.97,3.52,1,0.064,0,1,0
TXN113131,68.68,15,4.38,144.27,0,0.052,0,1,0
TXN113132,62.34,8,11.57,110.88,0,0.287,0,0,0
TXN113133,46.29,21,3.02,29.83,0,0.11,0,1,0
TXN113134,42.55,9,4.6,224.03,0,0.289,0,1,0
TXN113135,96.06,9,0.41,110.43,0,0.053,0,1,0
TXN113136,24.97,10,0.15,235.01,0,0.239,0,0,0
TXN113137,85.07,8,10.22,12.41,0,0.62,1,1,0
TXN113138,48.11,9,8.7,82.31,1,0.155,0,1,0
TXN113139,47.78,7,43.88,29.27,0,0.163,0,1,0
TXN113140,121.44,21,6.67,115.03,0,0.194,0,1,0
TXN113141,34.67,9,8.61,287.89,1,0.279,0,1,0
TXN113142,30.21,20,1.82,7.22,1,0.417,0,0,0
TXN113143,47.1,16,26.87,193.88,0,0.163,0,1,0
TXN113144,72.1,13,3.32,359.7,0,0.136,1,1,0
TXN113145,41.02,2,2.33,461.75,0,0.249,0,1,0
TXN113146,89.59,12,4.34,50.76,0,0.126,0,1,0
TXN113147,236.32,16,3.54,116.08,0,0.062,0,1,0
TXN113148,15.2,16,5.86,8.46,0,0.349,0,0,0
TXN113149,17.18,14,1.35,143.7,0,0.416,0,1,0
TXN113150,175.29,15,7.32,138.89,0,0.178,0,1,0
TXN113151,98.22,13,6.45,30.73,0,0.159,0,1,0
TXN113152,177.99,9,7.47,310.58,0,0.182,0,0,0
TXN113153,85.39,14,4.09,123.06,1,0.49,0,1,0
TXN113154,15.34,4,7.79,159.17,0,0.026,0,1,0
TXN113155,249.26,23,8.24,97.98,0,0.521,0,1,0
TXN113156,199.25,14,6.38,5.84,0,0.276,0,0,0
TXN113157,343.6239956698248,19,72.03386775207944,36.67,1,0.7812747662223637,0,1,0
TXN113158,40.23,10,11.66,26.71,1,0.207,0,1,0
TXN113159,28.78,20,17.13,416.17,1,0.251,0,1,0
TXN113160,89.55,18,4.12,74.04,0,0.161,1,0,0
TXN113161,49.34,16,7.79,14.75,0,0.136,0,1,0
TXN113162,33.74,22,6.26,433.52,0,0.489,0,1,0
TXN113163,128.12,20,0.96,131.05,0,0.565,0,1,0
TXN113164,73.2,16,17.14,115.01,1,0.192,0,1,0
TXN113165,169.63,11,8.02,303.32,0,0.264,0,1,0
TXN113166,373.485528204147,16,29.999683991384074,1.62,1,0.5284048298198893,1,1,0
TXN113167,218.8,12,4.74,291.63,1,0.114,0,1,0
TXN113168,114.81,11,5.23,124.13,1,0.368,0,1,0
TXN113169,33.47,15,3.05,94.74,0,0.185,0,1,0
TXN113170,78.13,12,14.17,124.66,1,0.498,0,0,0
TXN113171,89.2,3,11.76,5.66,0,0.522,0,1,0
TXN113172,221.11,7,18.57,2.7,4,0.889,0,0,1
TXN113173,61.13,0,4.97,258.67,0,0.397,0,0,0
TXN113174,100.51,10,2.59,97.6,1,0.186,0,0,0
TXN113175,103.03,18,6.08,2.16,0,0.17,0,1,0
TXN113176,11.96,19,3.08,89.22,0,0.061,0,1,0
TXN113177,151.0,18,15.66,480.6,0,0.26,0,1,0
TXN113178,157.18,17,0.51,100.18,0,0.416,0,1,0
TXN113179,90.44,15,4.35,190.13,0,0.057,0,1,0
TXN113180,49.78,12,9.16,67.62,1,0.528,0,1,0
TXN113181,134.55,23,1.27,24.66,0,0.244,0,1,0
TXN113182,64.42,17,1.29,29.48,0,0.241,0,0,0
TXN113183,33.28,20,10.35,57.83,1,0.231,0,1,0
TXN113184,587.65,5,159.59,0.08,4,0.263,0,0,1
TXN113185,65.46,11,3.69,14.18,0,0.291,0,1,0
TXN113186,19.17,17,1.25,6.66,1,0.686,0,1,0
TXN113187,74.64,22,7.8,112.13,1,0.323,0,1,0
TXN113188,209.57,20,6.31,45.43,1,0.454,0,0,0
TXN113189,47.17,15,6.32,95.45,1,0.218,0,1,0
TXN113190,53.44,3,3.03,45.18,0,0.3,0,0,0
TXN113191,92.15,16,3.18,73.97,0,0.447,0,1,0
TXN113192,19.17,2,0.5,69.11,1,0.357,0,1,0
TXN113193,63.44,15,1.95,199.55,0,0.23,0,0,0
TXN113194,34.15,17,1.63,206.59,2,0.316,0,0,0
TXN113195,24.71,8,8.99,8.19,0,0.079,0,1,0
TXN113196,65.09,12,3.01,33.28,0,0.398,0,1,0
TXN113197,37.96,16,7.16,52.0,0,0.433,0,0,0
TXN113198,218.05,5,2.44,231.91,0,0.074,0,1,0
TXN113199,97.71,1,23.24,3.51,0,0.512,0,1,0
TXN113200,68.81,19,1.65,134.53,0,0.247,0,1,0
TXN113201,17.34,8,32.86,34.91,1,0.4,0,1,0
TXN113202,57.8,6,15.9,90.74,1,0.316,0,0,0
TXN113203,39.87,23,1.31,93.56,1,0.14,0,1,0
TXN113204,50.09,16,9.47,156.08,0,0.107,0,1,0
TXN113205,69.73,12,1.78,29.28,2,0.447,0,1,0
TXN113206,34.9,14,2.66,86.55,0,0.089,1,1,0
TXN113207,142.21,3,322.77,2.79,2,0.866,1,0,1
TXN113208,44.28,0,1.72,10.7,1,0.286,0,1,0
TXN113209,219.72,2,159.3,5.66,2,0.795,1,0,1
TXN113210,96.02,17,10.29,68.34,0,0.168,0,1,0
TXN113211,22.54,18,7.53,355.81,0,0.325,0,0,0
TXN113212,32.89,7,18.36,4.28,0,0.202,0,1,0
TXN113213,139.79,3,18.36,109.53,1,0.207,0,1,0
TXN113214,132.43,10,4.29,29.84,0,0.162,0,1,0
TXN113215,63.98,6,9.05,108.43,0,0.107,0,1,0
TXN113216,118.56,9,18.54,359.2,0,0.322,0,1,0
TXN113217,59.06,23,5.07,346.56,0,0.176,0,1,0
TXN113218,85.2,13,5.63,92.63,0,0.188,1,1,0
TXN113219,66.35,16,6.8,85.05,0,0.095,0,0,0
TXN113220,52.25,11,14.45,110.42,0,0.215,0,1,0
TXN113221,66.24,10,2.8,241.25,0,0.713,0,1,0
TXN113222,38.52,10,14.83,1.26,0,0.291,0,1,0
TXN113223,43.36,12,3.67,31.15,0,0.206,0,1,0
TXN113224,166.6,20,4.36,238.48,0,0.23,0,1,0
TXN113225,212.82,12,16.77,95.03,3,0.189,0,1,0
TXN113226,90.19,18,10.36,79.27,0,0.317,0,1,0
TXN113227,17.6,18,5.31,35.32,0,0.291,0,1,0
TXN113228,93.55,9,1.06,40.4,0,0.153,0,1,0
TXN113229,14.53,17,3.52,58.33,1,0.363,0,1,0
TXN113230,38.83,11,9.84,127.48,0,0.31,0,1,0
TXN113231,114.97,14,3.13,487.8,0,0.548,0,1,0
TXN113232,72.58,18,7.38,73.45,0,0.494,1,1,0
TXN113233,146.75,20,5.47,35.72,0,0.283,0,0,0
TXN113234,42.44,13,0.4,113.41,0,0.236,0,0,0
TXN113235,102.48,12,0.22,81.83,1,0.16,0,1,0
TXN113236,19.174135856351743,12,13.86978206900086,157.35,0,0.572352476095574,0,1,0
TXN113237,112.89,9,7.34,10.94,0,0.351,0,1,0
TXN113238,92.69,1,5.67,38.97,1,0.32,0,1,0
TXN113239,123.66,0,2.86,112.38,0,0.556,0,0,0
TXN113240,56.73,10,17.81,17.62,0,0.07,0,1,0
TXN113241,75.08,18,10.99,109.42,0,0.265,0,1,0
TXN113242,96.08,18,4.05,30.11,0,0.33,0,0,0
TXN113243,72.73,13,4.72,72.84,0,0.109,0,1,0
TXN113244,56.26,16,3.82,198.12,0,0.573,0,1,0
TXN113245,34.39,17,12.68,30.37,1,0.537,0,1,0
TXN113246,194.35,1,188.46,0.14,1,0.687,1,0,1
TXN113247,107.34,19,10.77,294.15,0,0.091,0,1,0
TXN113248,95.58,16,24.55,81.1,0,0.1,0,1,0
TXN113249,75.87,16,5.77,293.85,1,0.107,0,1,0
TXN113250,119.56,15,3.28,429.25,0,0.381,0,1,0
TXN113251,53.16,16,8.6,62.33,0,0.236,0,0,0
TXN113252,213.08,12,11.37,25.13,0,0.197,0,1,0
TXN113253,98.46,3,1.5,23.7,1,0.131,0,1,0
TXN113254,6.13,8,2.39,390.59,0,0.149,0,1,0
TXN113255,35.41,8,12.37,102.1,1,0.091,0,0,0
TXN113256,91.2,6,1.64,44.01,1,0.108,0,0,0
TXN113257,41.76,13,5.19,20.12,1,0.214,0,1,0
TXN113258,33.79,18,8.84,44.04,0,0.316,0,1,0
TXN113259,28.21,8,2.13,85.62,0,0.366,0,0,0
TXN113260,129.9,17,6.92,112.87,0,0.151,1,1,0
TXN113261,50.14,12,9.39,83.65,1,0.481,0,1,0
TXN113262,48.39,9,4.35,106.75,2,0.376,0,1,0
TXN113263,241.42,12,1.37,470.14,1,0.436,0,1,0
TXN113264,97.38,22,7.21,253.18,0,0.016,0,1,0
TXN113265,30.4,1,0.78,17.52,0,0.088,0,0,0
TXN113266,47.95,11,3.48,32.05,0,0.401,0,1,0
TXN113267,83.63,13,5.39,125.14,0,0.326,0,1,0
TXN113268,91.67,17,7.5,36.21,0,0.527,0,1,0
TXN113269,127.97,11,1.57,427.53,0,0.159,0,1,0
TXN113270,46.27,20,5.58,285.59,0,0.393,0,1,0
TXN113271,106.1,8,2.93,82.33,0,0.487,0,1,0
TXN113272,69.44,12,12.98,0.65,0,0.304,0,1,0
TXN113273,56.01,9,3.47,17.82,0,0.442,0,0,0
TXN113274,87.15,18,1.03,311.19,0,0.19,0,1,0
TXN113275,24.45,21,5.89,47.73,0,0.39,0,1,0
TXN113276,102.35,7,7.36,6.27,0,0.05,0,1,0
TXN113277,92.82328130371602,16,14.13823598822077,261.93,0,0.571210285397244,0,0,0
TXN113278,84.01,16,3.87,213.76,0,0.557,0,1,0
TXN113279,82.22,8,6.14,83.61,0,0.13,0,1,0
TXN113280,70.41,16,4.34,174.58,0,0.111,0,1,0
TXN113281,202.4,18,7.16,41.06,1,0.13,0,1,0
TXN113282,42.66,17,2.32,203.58,0,0.433,0,1,0
TXN113283,34.64,11,11.1,53.28,0,0.201,0,1,0
TXN113284,156.96,16,11.76,306.43,0,0.186,0,1,0
TXN113285,25.95,9,28.46,123.2,0,0.377,0,1,0
TXN113286,68.14,10,12.49,12.07,0,0.513,0,0,0
TXN113287,29.16,9,10.75,29.92,0,0.591,0,1,0
TXN113288,54.19,22,2.15,20.87,1,0.305,0,1,0
TXN113289,60.84,16,7.36,158.38,1,0.076,0,1,0
TXN113290,115.2,19,2.94,82.71,0,0.071,0,1,0
TXN113291,19.07,2,1.95,10.15,1,0.142,0,1,0
TXN113292,96.16,10,2.44,10.73,0,0.08,0,1,0
TXN113293,40.58,14,4.46,298.67,1,0.441,0,1,0
TXN113294,33.38,6,7.76,45.08,0,0.43,0,1,0
TXN113295,31.21,8,1.12,746.03,1,0.509,0,1,0
TXN113296,302.1707348585718,17,41.45504804654204,96.82,0,0.7243699045899649,0,0,0
TXN113297,206.0124285267876,20,192.45508246883503,14.13,0,0.5358473369926092,0,1,0
TXN113298,145.1,14,18.42,71.05,1,0.683,1,1,0
TXN113299,126.75,8,9.8,62.46,0,0.356,0,1,0
TXN113300,48.32,17,5.27,12.87,0,0.072,0,1,0
TXN113301,91.35,16,12.83,56.74,0,0.057,0,1,0
TXN113302,41.61,8,5.02,62.82,1,0.396,0,1,0
TXN113303,96.49,14,7.4,146.83,0,0.284,0,1,0
TXN113304,89.64,23,7.66,40.89,0,0.432,0,1,0
TXN113305,34.54,9,3.37,16.54,0,0.261,0,1,0
TXN113306,177.05,11,5.17,411.99,1,0.324,0,1,0
TXN113307,38.3,18,2.5,12.61,1,0.091,0,1,0
TXN113308,76.42,16,11.91,6.62,1,0.143,0,1,0
TXN113309,566.69,20,294.53,8.16,3,0.502,0,0,1
TXN113310,99.74,12,11.72,43.97,1,0.061,0,1,0
TXN113311,41.86,10,15.16,9.56,0,0.501,0,1,0
TXN113312,67.94,13,6.71,2.09,0,0.117,0,1,0
TXN113313,37.88,15,1.7,441.93,0,0.122,0,1,0
TXN113314,50.04,22,4.99,29.78,0,0.409,0,1,0
TXN113315,54.56,11,4.47,73.96,0,0.108,0,1,0
TXN113316,258.69,1,17.41,145.57,0,0.173,0,1,0
TXN113317,42.82,0,8.5,301.09,0,0.285,0,1,0
TXN113318,51.89,20,10.22,74.34,0,0.376,0,1,0
TXN113319,14.15,9,9.13,27.37,0,0.562,0,1,0
TXN113320,203.12,13,0.38,60.94,0,0.179,0,0,0
TXN113321,53.65,11,7.12,67.34,0,0.068,0,1,0
TXN113322,31.3,13,14.1,221.17,0,0.584,0,1,0
TXN113323,127.33,1,4.1,8.95,1,0.027,0,0,0
TXN113324,50.95,8,9.43,136.43,1,0.192,0,1,0
TXN113325,78.19,15,17.92,204.96,0,0.219,0,1,0
TXN113326,49.99,9,4.26,25.94,0,0.458,0,1,0
TXN113327,413.0931943524691,23,7.698635892820063,2.85,0,0.5969573418459195,0,0,0
TXN113328,97.23,8,10.33,198.14,0,0.446,0,1,0
TXN113329,8.17,10,4.09,41.18,0,0.268,0,1,0
TXN113330,130.95,11,8.2,84.21,0,0.428,0,1,0
TXN113331,85.31,23,5.27,5.99,0,0.578,0,0,0
TXN113332,170.39,20,9.84,198.39,0,0.082,0,1,0
TXN113333,172.62,14,3.6,152.18,1,0.154,0,0,0
TXN113334,19.59,10,5.26,348.3,0,0.708,0,1,0
TXN113335,51.24,16,30.5,39.81,0,0.358,0,1,0
TXN113336,133.6,15,8.37,254.84,0,0.06,0,1,0
TXN113337,167.64,12,12.35,100.12,0,0.183,0,1,0
TXN113338,22.28,20,5.39,98.7,0,0.364,0,1,0
TXN113339,3.1,22,10.79,45.31,0,0.477,0,1,0
TXN113340,7.71,21,5.8,77.53,0,0.571,0,1,0
TXN113341,3.1,14,4.2,100.54,0,0.314,0,1,0
TXN113342,45.41,12,11.79,103.35,0,0.334,0,1,0
TXN113343,49.71,13,29.26,63.63,0,0.287,0,1,0
TXN113344,62.08,17,24.6,96.45,0,0.134,0,1,0
TXN113345,76.6,10,9.35,34.91,0,0.085,0,0,0
TXN113346,205.67866784467404,21,50.243401878652854,39.27,1,0.5252075363924651,0,1,0
TXN113347,41.24,8,0.56,5.8,1,0.347,0,1,0
TXN113348,9.65,17,2.45,179.04,1,0.417,0,1,0
TXN113349,130.95,10,5.82,303.42,0,0.158,0,1,0
TXN113350,128.18,19,8.6,157.67,0,0.264,0,1,0
TXN113351,68.98,18,2.61,111.49,0,0.185,0,1,0
TXN113352,43.17,20,13.48,132.19,1,0.022,0,1,0
TXN113353,15.9,17,5.2,210.87,1,0.107,0,1,0
TXN113354,194.67,3,157.02,4.74,4,0.768,0,1,1
TXN113355,45.1,8,4.91,431.07,0,0.135,0,1,0
TXN113356,119.4,11,17.02,166.87,0,0.179,0,1,0
TXN113357,123.42,11,8.38,113.49,1,0.397,0,0,0
TXN113358,115.35,8,1.47,112.74,0,0.383,0,1,0
TXN113359,396.67,12,5.74,153.48,2,0.188,0,1,0
TXN113360,40.49,15,4.91,56.49,1,0.091,0,1,0
TXN113361,19.98,12,16.04,59.0,2,0.367,0,1,0
TXN113362,38.48,2,11.11,244.71,0,0.335,0,1,0
TXN113363,162.9499068838448,9,31.803501202416015,154.49,0,0.7008080831372865,0,1,0
TXN113364,26.56,8,21.7,190.36,2,0.081,0,1,0
TXN113365,19.09,4,4.07,240.96,0,0.394,0,1,0
TXN113366,97.24,14,23.02,71.04,0,0.104,0,1,0
TXN113367,82.67,7,5.01,29.8,0,0.316,0,1,0
TXN113368,146.45,16,1.87,591.0,2,0.093,0,1,0
TXN113369,153.75,18,1.72,72.65,1,0.217,0,1,0
TXN113370,142.92,9,1.5,100.49,0,0.407,0,1,0
TXN113371,105.19,23,2.73,4.89,0,0.09,0,0,0
TXN113372,25.79,17,8.52,82.74,0,0.14,0,1,0
TXN113373,123.1,12,6.4,3.94,0,0.277,0,1,0
TXN113374,93.55,20,30.99,546.18,0,0.208,0,1,0
TXN113375,90.7,16,1.52,187.98,0,0.516,0,1,0
TXN113376,64.95,23,5.63,58.58,0,0.331,0,1,0
TXN113377,6.89,10,12.61,205.85,0,0.092,0,0,0
TXN113378,40.37,18,7.23,256.68,0,0.091,0,1,0
TXN113379,186.94,6,2.45,23.37,0,0.235,0,0,0
TXN113380,161.27,11,5.33,5.69,0,0.261,0,1,0
TXN113381,165.62,6,11.12,238.54,0,0.471,0,1,0
TXN113382,41.13,17,4.3,163.78,0,0.046,0,1,0
TXN113383,79.26,15,7.52,78.19,0,0.301,0,0,0
TXN113384,109.42,10,21.47,86.53,1,0.27,0,1,0
TXN113385,86.52,14,3.26,29.3,0,0.54,0,1,0
TXN113386,98.7,18,1.51,36.43,0,0.143,0,1,0
TXN113387,44.84,19,9.89,125.74,0,0.508,0,0,0
TXN113388,118.84,9,3.52,13.61,1,0.133,0,1,0
TXN113389,99.23,6,8.5,76.09,0,0.119,0,1,0
TXN113390,82.64,9,5.53,70.75,1,0.469,0,1,0
TXN113391,94.98,16,2.13,32.51,1,0.351,0,1,0
TXN113392,86.01,23,17.43,171.4,0,0.143,0,1,0
TXN113393,20.23,11,2.29,38.35,0,0.168,0,1,0
TXN113394,18.81,1,1.95,0.61,1,0.213,0,1,0
TXN113395,47.54,14,1.59,66.37,0,0.488,0,1,0
TXN113396,117.6250457911127,10,31.107182522355128,447.77,0,0.5709214497447385,0,1,0
TXN113397,55.44,5,9.64,92.42,0,0.078,0,1,0
TXN113398,37.67,19,18.92,136.01,1,0.375,0,1,0
TXN113399,68.31,22,11.15,66.67,0,0.436,0,1,0
TXN113400,101.97,17,19.47,17.12,0,0.383,1,1,0
TXN113401,57.69,22,1.46,52.81,0,0.15,0,1,0
TXN113402,38.02,13,9.93,124.93,0,0.322,0,1,0
TXN113403,114.39,14,5.52,34.87,0,0.049,1,0,0
TXN113404,92.91,10,5.12,27.18,0,0.329,1,1,0
TXN113405,59.62,17,14.17,8.63,0,0.403,0,0,0
TXN113406,103.27,8,129.46,11.4,3,0.649,0,0,1
TXN113407,17.21,3,9.62,123.53,0,0.427,0,1,0
TXN113408,36.55,17,3.19,84.19,0,0.382,0,1,0
TXN113409,89.7,8,6.76,191.14,0,0.419,0,1,0
TXN113410,411.39,1,179.08,16.64,3,0.839,0,0,1
TXN113411,98.76,8,19.08,110.23,1,0.129,0,1,0
TXN113412,6.29,13,1.6,1.04,1,0.159,0,0,0
TXN113413,11.38,4,4.64,772.8,0,0.218,0,0,0
TXN113414,8.71,8,2.69,121.67,0,0.454,0,1,0
TXN113415,82.84,16,3.45,28.44,0,0.295,0,1,0
TXN113416,49.77,12,0.94,55.04,0,0.511,0,1,0
TXN113417,92.19,19,4.1,8.58,1,0.203,0,0,0
TXN113418,108.48,11,8.21,6.84,0,0.377,0,1,0
TXN113419,48.44,9,6.56,35.06,0,0.313,0,1,0
TXN113420,76.72,17,5.21,138.9,0,0.316,0,1,0
TXN113421,111.93,9,6.68,250.52,0,0.207,0,1,0
TXN113422,104.48,5,15.52,81.8,0,0.326,0,1,0
TXN113423,142.19,8,1.86,181.38,0,0.221,0,1,0
TXN113424,63.55,1,8.09,29.11,1,0.454,0,1,0
TXN113425,57.49,14,7.43,668.87,0,0.098,0,1,0
TXN113426,95.68,6,6.73,115.24,0,0.218,0,1,0
TXN113427,21.88,14,4.3,116.24,0,0.077,0,1,0
TXN113428,91.97,20,12.03,225.79,0,0.314,0,1,0
TXN113429,185.56,15,8.57,207.9,0,0.01,0,1,0
TXN113430,174.59,1,220.82,0.12,1,0.769,1,0,1
TXN113431,35.85,12,4.41,50.29,0,0.226,0,1,0
TXN113432,248.11,18,0.86,132.36,0,0.267,0,1,0
TXN113433,99.6,16,6.95,69.07,0,0.332,0,1,0
TXN113434,371.78,13,9.8,35.19,1,0.301,0,1,0
TXN113435,101.51,13,26.89,257.43,1,0.527,0,0,0
TXN113436,55.19,12,6.75,67.42,0,0.367,0,1,0
TXN113437,98.11,1,14.11,241.46,1,0.348,0,1,0
TXN113438,157.07,4,20.24,51.09,1,0.62,0,0,0
TXN113439,37.72,17,0.12,62.38,0,0.388,0,1,0
TXN113440,34.01,20,2.94,97.08,0,0.405,0,1,0
TXN113441,27.03,18,3.78,0.17,0,0.063,0,0,0
TXN113442,64.91,11,4.74,150.94,0,0.206,0,1,0
TXN113443,23.43,10,15.67,117.83,0,0.18,0,1,0
TXN113444,17.27,9,16.71,225.06,0,0.176,0,1,0
TXN113445,36.84,17,1.45,10.39,0,0.253,0,1,0
TXN113446,54.18,21,3.59,59.97,1,0.286,1,0,0
TXN113447,67.62,20,7.78,177.09,0,0.257,0,1,0
TXN113448,82.12,21,0.43,113.89,0,0.206,1,1,0
TXN113449,10.88,13,4.37,81.06,0,0.218,0,1,0
TXN113450,77.08,11,4.83,315.81,0,0.217,0,1,0
TXN113451,47.32,17,8.68,3.98,0,0.37,0,1,0
TXN113452,69.26,14,1.19,12.5,1,0.454,0,1,0
TXN113453,72.72,2,2.24,63.2,0,0.341,0,1,0
TXN113454,75.36,7,2.11,65.54,0,0.466,0,1,0
TXN113455,71.37,11,6.0,112.57,0,0.263,1,1,0
TXN113456,27.12,19,4.68,243.81,1,0.605,0,1,0
TXN113457,60.31,18,17.67,461.98,0,0.296,0,1,0
TXN113458,26.22,15,18.16,83.52,0,0.23,0,1,0
TXN113459,80.77,1,5.91,53.97,0,0.178,1,1,0
TXN113460,139.04,19,11.32,122.66,1,0.268,0,1,0
TXN113461,63.82,17,11.47,9.98,0,0.229,0,1,0
TXN113462,26.57,0,12.75,93.31,0,0.218,0,1,0
TXN113463,181.13,13,17.09,215.25,0,0.38,0,1,0
TXN113464,27.3,1,9.61,28.29,0,0.215,0,1,0
TXN113465,43.26,4,7.46,71.81,0,0.077,0,0,0
TXN113466,57.07599663512862,14,31.48181093784083,15.5,0,0.7629526475128161,0,1,0
TXN113467,58.53,21,38.28,60.62,0,0.437,0,1,0
TXN113468,153.58,10,34.18,90.65,0,0.329,0,1,0
TXN113469,71.27,20,2.53,39.78,0,0.168,0,0,0
TXN113470,176.95,19,3.94,27.61,0,0.299,0,1,0
TXN113471,120.09,18,4.57,152.99,0,0.299,0,1,0
TXN113472,26.14,11,6.44,18.54,0,0.5,0,0,0
TXN113473,7.67,16,2.92,56.56,0,0.218,0,1,0
TXN113474,88.76,18,7.46,77.65,0,0.301,0,1,0
TXN113475,130.48,11,3.0,57.02,0,0.39,0,1,0
TXN113476,41.53,4,35.51,143.25,0,0.41,0,1,0
TXN113477,154.39,16,10.63,357.83,0,0.395,0,1,0
TXN113478,28.44,11,3.96,96.85,0,0.22,0,1,0
TXN113479,173.59,9,2.31,225.6,0,0.228,0,1,0
TXN113480,96.79,19,1.6,7.92,0,0.489,0,1,0
TXN113481,79.25,8,3.16,144.72,0,0.739,0,1,0
TXN113482,90.78,13,17.62,126.43,0,0.3,0,1,0
TXN113483,89.19,20,11.22,86.85,0,0.085,0,1,0
TXN113484,132.55,19,0.65,29.17,2,0.256,0,0,0
TXN113485,37.85,12,17.94,181.08,0,0.168,0,1,0
TXN113486,156.94,11,5.49,54.87,1,0.397,0,1,0
TXN113487,78.45,1,7.2,48.48,0,0.282,0,0,0
TXN113488,33.77,4,16.07,61.35,1,0.377,1,1,0
TXN113489,236.0,15,179.26,1.01,4,0.709,1,1,1
TXN113490,44.62,13,25.67,34.58,0,0.327,0,0,0
TXN113491,96.25,0,9.3,110.16,0,0.162,0,1,0
TXN113492,174.28,4,0.53,88.37,0,0.054,0,1,0
TXN113493,162.6,9,4.42,56.29,0,0.352,0,1,0
TXN113494,189.12,10,2.2,327.12,1,0.381,0,1,0
TXN113495,32.37,9,10.26,49.0,1,0.389,0,1,0
TXN113496,98.03,22,3.81,100.68,1,0.109,0,0,0
TXN113497,44.55,19,9.55,50.11,0,0.416,0,1,0
TXN113498,71.83,16,5.95,82.26,0,0.352,0,0,0
TXN113499,85.67,20,8.56,15.94,0,0.268,1,1,0
TXN113500,35.21,20,6.18,97.52,0,0.493,0,1,0
TXN113501,24.1,2,19.69,53.07,0,0.328,0,1,0
TXN113502,63.08,7,6.36,1.4,0,0.277,0,1,0
TXN113503,55.22,16,0.14,26.75,0,0.424,0,1,0
TXN113504,28.96,17,5.14,139.5,1,0.191,0,1,0
TXN113505,101.31,9,2.56,84.02,0,0.279,0,1,0
TXN113506,37.89,12,4.2,65.54,0,0.137,0,1,0
TXN113507,5.45,15,8.31,73.9,0,0.172,0,1,0
TXN113508,46.54,7,8.15,304.61,0,0.105,0,1,0
TXN113509,20.29,6,10.79,319.71,0,0.32,0,1,0
TXN113510,134.72,11,196.98,7.91,2,0.797,1,0,1
TXN113511,46.52,1,30.12,24.14,1,0.127,0,1,0
TXN113512,83.31,12,4.76,38.23,0,0.098,0,1,0
TXN113513,34.39,15,19.82,6.18,0,0.515,0,0,0
TXN113514,80.69,23,9.8,148.51,0,0.627,0,1,0
TXN113515,269.08,13,4.36,32.93,0,0.176,0,0,0
TXN113516,66.88,18,0.81,0.93,0,0.415,0,1,0
TXN113517,125.62,2,0.58,71.91,1,0.282,0,1,0
TXN113518,96.64,16,2.4,291.06,0,0.183,0,1,0
TXN113519,52.78,18,3.71,210.16,0,0.084,0,1,0
TXN113520,20.86,2,32.26,196.01,2,0.407,0,0,0
TXN113521,86.71,2,11.03,52.11,0,0.178,0,0,0
TXN113522,14.84,9,9.47,63.93,0,0.447,0,1,0
TXN113523,96.49,13,2.08,51.46,0,0.124,0,1,0
TXN113524,73.4,22,4.5,4.56,2,0.376,0,1,0
TXN113525,69.1,17,10.9,110.26,0,0.187,0,1,0
TXN113526,57.69,12,9.07,164.0,0,0.582,0,1,0
TXN113527,54.91,14,13.27,419.56,0,0.377,0,1,0
TXN113528,51.58,16,0.99,41.81,0,0.572,0,1,0
TXN113529,108.29,10,1.84,50.29,1,0.223,0,0,0
TXN113530,23.87,9,25.83,27.49,0,0.317,0,1,0
TXN113531,57.69,13,5.26,350.28,0,0.41,0,0,0
TXN113532,53.78,0,8.08,30.77,0,0.375,0,1,0
TXN113533,20.04,13,6.0,155.02,0,0.217,0,1,0
TXN113534,213.58,16,15.93,5.86,0,0.313,0,1,0
TXN113535,190.04,2,4.02,145.0,0,0.405,0,1,0
TXN113536,77.25,19,1.46,272.44,2,0.197,0,1,0
TXN113537,63.67,9,1.29,60.04,1,0.204,0,1,0
TXN113538,130.97,16,1.22,31.02,1,0.416,0,1,0
TXN113539,65.59,7,3.24,67.71,1,0.278,0,1,0
TXN113540,81.56,4,8.95,174.54,0,0.242,0,1,0
TXN113541,40.46,12,11.24,223.81,2,0.244,0,0,0
TXN113542,53.92,14,1.28,4.92,0,0.666,0,1,0
TXN113543,137.15,17,12.83,32.71,1,0.096,0,1,0
TXN113544,111.15,9,7.21,142.28,0,0.358,0,0,0
TXN113545,15.96,16,7.23,153.09,2,0.249,0,1,0
TXN113546,46.93,3,7.63,130.77,1,0.151,0,1,0
TXN113547,167.49,6,10.5,61.55,0,0.33,0,1,0
TXN113548,52.36,19,5.83,67.51,0,0.032,0,1,0
TXN113549,37.5,5,5.17,71.21,1,0.355,0,1,0
TXN113550,26.53,12,4.93,39.55,0,0.071,0,1,0
TXN113551,276.99,8,5.58,25.74,1,0.043,0,1,0
TXN113552,67.91,14,4.24,230.53,0,0.522,0,1,0
TXN113553,54.93,16,6.86,107.02,0,0.316,1,1,0
TXN113554,84.62,13,3.82,163.34,1,0.45,0,1,0
TXN113555,277.13,14,334.48,0.38,4,0.743,1,0,1
TXN113556,55.12,17,11.22,22.77,1,0.032,0,1,0
TXN113557,46.09,18,0.86,25.7,0,0.15,0,1,0
TXN113558,106.13,12,7.81,82.25,0,0.276,0,1,0
TXN113559,88.77,21,9.21,41.89,1,0.227,0,1,0
TXN113560,140.56,20,3.11,2.1,0,0.146,0,0,0
TXN113561,24.33,18,1.17,673.26,2,0.141,0,1,0
TXN113562,116.72,14,31.91,34.37,1,0.568,0,1,0
TXN113563,60.88,9,4.41,33.22,0,0.092,0,0,0
TXN113564,110.77,20,5.73,240.75,1,0.161,0,0,0
TXN113565,67.15,17,28.58,153.59,1,0.44,0,0,0
TXN113566,45.21,18,3.09,49.78,0,0.071,0,1,0
TXN113567,31.8,20,5.0,172.49,0,0.568,0,1,0
TXN113568,15.8,9,11.66,6.04,0,0.301,0,1,0
TXN113569,68.62,2,8.18,142.08,0,0.413,0,1,0
TXN113570,42.34,19,12.03,87.51,0,0.617,0,1,0
TXN113571,194.9,9,3.78,83.27,0,0.156,0,1,0
TXN113572,40.91,3,7.2,86.5,0,0.491,0,1,0
TXN113573,9.22,15,3.45,262.6,0,0.234,0,1,0
TXN113574,63.63,16,1.5,51.85,0,0.073,0,1,0
TXN113575,235.78,20,1.76,335.17,0,0.256,0,0,0
TXN113576,11.71,18,1.64,102.14,1,0.431,1,1,0
TXN113577,84.69,8,8.18,104.94,1,0.038,0,1,0
TXN113578,141.66,11,3.88,91.62,0,0.263,0,1,0
TXN113579,33.91,8,1.19,38.5,0,0.107,0,0,0
TXN113580,559.76,4,29.97,12.18,8,0.838,1,0,1
TXN113581,40.8,14,1.96,175.94,0,0.358,0,0,0
TXN113582,70.63,12,16.82,37.97,0,0.124,0,1,0
TXN113583,90.87,18,9.05,5.81,0,0.073,0,1,0
TXN113584,83.58,15,3.0,39.21,0,0.635,0,1,0
TXN113585,96.35,20,8.29,148.37,0,0.267,0,1,0
TXN113586,39.07,18,2.85,166.74,0,0.238,0,1,0
TXN113587,163.2,14,2.42,10.27,1,0.178,1,1,0
TXN113588,52.51,15,7.15,65.15,0,0.092,0,1,0
TXN113589,128.76,15,6.23,219.76,1,0.666,0,0,0
TXN113590,108.79873138743591,17,33.445936650054875,197.83,0,0.553509663057207,0,0,0
TXN113591,56.32,11,11.0,111.27,0,0.24,0,1,0
TXN113592,113.41,21,8.24,54.0,0,0.482,0,0,0
TXN113593,15.19,21,4.31,99.94,0,0.299,0,1,0
TXN113594,78.07,7,4.13,11.83,0,0.154,0,0,0
TXN113595,268.72,16,17.17,305.6,0,0.186,0,1,0
TXN113596,427.32256839743917,10,14.921858180346662,115.62,0,0.6558619095740686,0,1,0
TXN113597,90.55,15,0.96,86.93,0,0.097,0,1,0
TXN113598,180.28,10,0.96,26.31,0,0.299,0,1,0
TXN113599,39.47,8,4.52,6.96,1,0.121,0,1,0
TXN113600,81.94,14,10.18,87.15,0,0.205,0,1,0
TXN113601,39.08,16,3.69,15.69,0,0.141,0,1,0
TXN113602,76.53,18,4.5,64.51,0,0.386,0,1,0
TXN113603,137.61,14,11.25,50.34,0,0.378,0,1,0
TXN113604,40.68,13,0.83,1.91,1,0.148,0,1,0
TXN113605,110.36,5,2.57,364.93,0,0.667,0,1,0
TXN113606,128.83,14,19.54,27.6,0,0.761,0,1,0
TXN113607,25.22,19,1.11,60.73,1,0.202,0,1,0
TXN113608,20.36,12,6.89,102.67,0,0.172,0,1,0
TXN113609,102.2,8,5.18,8.86,1,0.342,0,1,0
TXN113610,16.17,9,2.72,401.17,0,0.439,0,1,0
TXN113611,49.6,9,3.19,387.46,0,0.399,0,1,0
TXN113612,98.46,15,5.86,22.64,0,0.793,0,0,0
TXN113613,172.23,17,1.4,6.27,2,0.285,0,1,0
TXN113614,333.9905117040825,15,33.34901434269579,189.73,1,0.5513971055045482,0,1,0
TXN113615,55.1,19,3.29,0.67,0,0.543,0,1,0
TXN113616,236.74,4,4.64,144.41,0,0.302,1,1,0
TXN113617,34.27,11,14.4,38.44,0,0.188,0,1,0
TXN113618,11.72,19,4.41,24.56,0,0.555,0,1,0
TXN113619,186.31,18,9.28,70.74,0,0.09,0,1,0
TXN113620,14.46,13,12.0,56.19,1,0.331,0,1,0
TXN113621,65.16,18,5.92,38.63,0,0.812,0,0,0
TXN113622,183.76,13,1.36,66.89,0,0.091,0,0,0
TXN113623,123.64,6,3.37,162.22,0,0.333,0,1,0
TXN113624,148.16,1,11.87,86.13,1,0.086,0,1,0
TXN113625,137.63,11,3.16,48.03,0,0.239,0,1,0
TXN113626,24.7,20,7.02,146.49,1,0.147,0,1,0
TXN113627,116.77,9,15.61,185.37,0,0.26,0,0,0
TXN113628,116.36,11,1.21,48.24,0,0.117,0,1,0
TXN113629,22.32,12,9.83,13.34,0,0.501,0,0,0
TXN113630,145.49,17,2.35,16.11,0,0.428,0,1,0
TXN113631,26.68,20,29.65,188.26,0,0.598,0,1,0
TXN113632,164.31089491292047,9,130.85743857742185,29.15,0,0.5771512209126601,0,1,0
TXN113633,65.06,11,3.2,201.86,0,0.595,0,1,0
TXN113634,234.59,1,3.03,16.15,0,0.083,0,1,0
TXN113635,102.09,8,5.2,165.1,0,0.04,0,1,0
TXN113636,81.36,7,5.89,118.45,0,0.12,0,1,0
TXN113637,57.93,18,16.83,218.12,0,0.035,0,1,0
TXN113638,52.24,19,5.43,5.89,2,0.648,0,1,0
TXN113639,92.49,15,2.77,89.74,0,0.168,0,1,0
TXN113640,442.87,4,189.51,16.07,6,0.599,1,0,1
TXN113641,45.58,4,12.77,90.87,1,0.594,0,1,0
TXN113642,35.84,6,13.89,22.7,0,0.641,0,1,0
TXN113643,156.01,11,9.45,190.29,0,0.217,0,1,0
TXN113644,92.7,20,3.23,160.04,0,0.258,0,1,0
TXN113645,50.19,19,2.54,118.49,0,0.37,0,1,0
TXN113646,29.32,16,6.52,43.38,0,0.71,0,1,0
TXN113647,64.84,17,13.21,261.34,0,0.254,0,0,0
TXN113648,105.38,17,10.19,2.48,1,0.171,0,1,0
TXN113649,77.91,11,2.55,103.39,0,0.521,0,0,0
TXN113650,24.91,16,1.97,143.14,0,0.625,0,0,0
TXN113651,73.87808510409747,9,119.65654271296033,80.52,0,0.7588046098758864,0,1,0
TXN113652,22.63,13,10.12,0.31,0,0.268,0,1,0
TXN113653,89.03,9,10.91,16.49,0,0.454,0,1,0
TXN113654,13.04,18,1.17,53.5,0,0.03,0,1,0
TXN113655,227.16,12,6.17,44.74,1,0.187,0,1,0
TXN113656,240.63,17,0.47,225.8,0,0.488,0,1,0
TXN113657,15.07,15,0.46,56.68,0,0.327,1,1,0
TXN113658,46.91,19,15.99,115.04,1,0.508,0,1,0
TXN113659,178.96,20,7.54,156.33,0,0.104,0,1,0
TXN113660,93.79,21,7.42,70.1,1,0.033,0,0,0
TXN113661,812.5441471779301,16,82.13379732397058,212.83,2,0.7060735434803005,0,1,0
TXN113662,65.17,20,2.17,33.75,0,0.051,0,0,0
TXN113663,64.09,17,9.5,301.54,0,0.471,0,1,0
TXN113664,64.75,11,8.56,107.63,1,0.172,0,1,0
TXN113665,7.1,9,10.4,83.01,1,0.209,0,1,0
TXN113666,19.46,14,9.87,64.15,0,0.14,0,1,0
TXN113667,57.2,19,5.44,12.88,1,0.336,0,1,0
TXN113668,91.73,12,5.04,212.11,0,0.295,1,1,0
TXN113669,138.42,14,19.97,222.59,1,0.474,0,1,0
TXN113670,98.21,10,6.26,76.28,0,0.086,0,1,0
TXN113671,69.23,18,2.87,123.67,0,0.108,0,1,0
TXN113672,123.63,15,31.14,112.15,1,0.083,0,0,0
TXN113673,86.83,15,3.06,54.67,0,0.341,0,1,0
TXN113674,129.8,3,0.58,50.21,0,0.132,0,1,0
TXN113675,138.08,17,1.07,51.05,0,0.249,0,0,0
TXN113676,29.93,22,5.32,58.29,0,0.56,0,1,0
TXN113677,31.92,14,10.22,32.52,0,0.177,0,1,0
TXN113678,33.39,16,12.31,11.91,0,0.054,0,1,0
TXN113679,71.47,12,2.22,259.47,0,0.516,0,1,0
TXN113680,82.07,17,0.23,31.22,1,0.331,0,0,0
TXN113681,64.42,6,23.82,8.6,1,0.21,0,1,0
TXN113682,40.44,11,2.53,58.7,0,0.426,0,1,0
TXN113683,5.23,10,3.63,8.87,0,0.382,0,1,0
TXN113684,4.61,10,1.35,8.78,0,0.497,0,1,0
TXN113685,83.57,14,22.76,180.73,0,0.348,0,1,0
TXN113686,87.31,6,1.64,38.09,0,0.141,0,1,0
TXN113687,107.14,1,393.25,0.05,5,0.615,0,0,1
TXN113688,93.98,14,14.09,48.91,0,0.149,0,1,0
TXN113689,52.55,12,7.26,409.11,0,0.289,0,1,0
TXN113690,39.21,18,31.33,61.48,0,0.256,0,1,0
TXN113691,73.99,10,9.91,360.75,0,0.109,0,1,0
TXN113692,76.82,9,0.64,80.83,0,0.24,0,0,0
TXN113693,65.23,14,4.17,87.02,0,0.132,0,1,0
TXN113694,108.64,6,4.78,918.9,1,0.501,0,1,0
TXN113695,149.71,11,3.39,69.07,3,0.22,0,1,0
TXN113696,65.7,10,3.15,250.94,0,0.293,0,1,0
TXN113697,90.4,12,3.29,9.66,0,0.225,0,1,0
TXN113698,204.05,9,20.72,9.38,1,0.321,0,1,0
TXN113699,39.39,20,4.38,83.63,0,0.098,1,1,0
TXN113700,52.47,17,5.96,27.45,0,0.251,0,1,0
TXN113701,93.94,8,5.29,134.23,1,0.086,0,1,0
TXN113702,58.44,17,6.66,83.86,0,0.183,0,1,0
TXN113703,111.29,11,2.83,47.35,0,0.319,1,1,0
TXN113704,33.32,11,2.83,413.34,1,0.467,0,1,0
TXN113705,292.79,11,4.09,50.54,0,0.44,0,1,0
TXN113706,24.93,23,8.57,61.76,1,0.364,0,1,0
TXN113707,38.65,19,8.22,28.03,0,0.104,0,1,0
TXN113708,39.24,10,12.49,234.0,0,0.217,0,1,0
TXN113709,92.46,12,6.96,95.0,1,0.163,0,1,0
TXN113710,208.89,20,6.35,215.41,0,0.498,0,1,0
TXN113711,30.18,17,9.57,156.25,0,0.243,0,1,0
TXN113712,106.98,11,1.36,21.13,0,0.235,0,1,0
TXN113713,218.55,12,94.92,11.87,5,0.729,1,0,1
TXN113714,103.52,13,1.15,11.99,1,0.413,0,1,0
TXN113715,65.62,17,18.94,92.14,0,0.631,0,0,0
TXN113716,37.51,15,2.86,51.66,1,0.125,0,0,0
TXN113717,57.44,19,2.96,71.85,0,0.216,0,1,0
TXN113718,63.5,12,2.41,188.7,0,0.021,0,0,0
TXN113719,64.44,22,8.03,327.16,1,0.283,1,1,0
TXN113720,226.69,13,6.42,315.67,0,0.107,0,0,0
TXN113721,97.63,17,13.12,84.67,1,0.332,0,1,0
TXN113722,51.26,14,2.49,17.42,0,0.38,0,0,0
TXN113723,44.31,14,3.39,25.47,0,0.415,0,1,0
TXN113724,58.78,16,10.77,88.66,0,0.099,0,1,0
TXN113725,64.22,8,21.24,29.09,0,0.197,0,1,0
TXN113726,142.13,17,1.33,124.89,1,0.473,0,1,0
TXN113727,209.72,19,0.13,225.99,0,0.535,0,1,0
TXN113728,35.47,13,10.45,48.12,0,0.145,0,0,0
TXN113729,93.07,9,11.06,555.87,1,0.597,0,1,0
TXN113730,88.15,8,3.51,296.97,0,0.437,1,1,0
TXN113731,156.75,17,2.38,294.73,1,0.423,0,1,0
TXN113732,205.08048580489074,17,36.30902073550374,20.25,0,0.6767564884872137,0,0,0
TXN113733,76.18,2,4.23,250.06,0,0.643,0,1,0
TXN113734,13.77,3,7.45,167.62,1,0.219,0,1,0
TXN113735,61.67,15,17.5,102.8,1,0.035,1,1,0
TXN113736,129.32,12,0.68,239.39,0,0.089,0,1,0
TXN113737,116.5,8,3.66,326.42,0,0.294,0,1,0
TXN113738,152.96,16,6.98,277.37,0,0.42,0,1,0
TXN113739,53.26,20,3.17,80.37,1,0.397,0,1,0
TXN113740,170.04,18,13.61,104.19,0,0.235,0,1,0
TXN113741,62.89,11,8.99,28.15,0,0.227,0,1,0
TXN113742,99.07,13,20.38,203.89,0,0.049,0,1,0
TXN113743,74.79,16,1.22,103.16,0,0.062,0,1,0
TXN113744,230.36,13,4.77,20.49,0,0.033,0,1,0
TXN113745,115.63,11,1.99,237.06,0,0.351,0,1,0
TXN113746,172.04,1,8.52,69.32,0,0.116,0,1,0
TXN113747,95.05,21,7.75,249.55,0,0.304,0,1,0
TXN113748,35.37,16,4.48,107.44,1,0.332,0,1,0
TXN113749,173.4,12,0.4,171.92,1,0.43,0,1,0
TXN113750,67.24,10,3.3,64.34,0,0.367,1,1,0
TXN113751,85.8,20,9.7,121.73,0,0.064,0,0,0
TXN113752,236.08,19,3.89,150.49,1,0.267,0,1,0
TXN113753,88.75,2,12.86,117.21,1,0.118,0,1,0
TXN113754,84.04,13,1.88,40.96,0,0.398,0,1,0
TXN113755,82.94,14,5.72,100.94,0,0.308,0,0,0
TXN113756,31.52,16,8.16,135.86,0,0.427,0,0,0
TXN113757,72.1,3,3.0,128.28,0,0.275,0,1,0
TXN113758,17.88,9,1.16,180.75,0,0.63,1,0,0
TXN113759,139.73,11,357.21,0.12,1,0.886,1,0,1
TXN113760,59.21,10,7.09,39.56,2,0.361,0,0,0
TXN113761,207.64,22,3.96,114.47,0,0.124,0,1,0
TXN113762,99.84,16,2.57,31.14,1,0.234,0,1,0
TXN113763,143.25,8,11.83,28.85,0,0.104,0,0,0
TXN113764,66.49,15,3.01,88.54,0,0.32,0,1,0
TXN113765,109.83,17,1.03,193.98,0,0.245,0,1,0
TXN113766,65.45,19,3.14,162.87,0,0.361,0,1,0
TXN113767,10.8,11,7.88,148.08,0,0.465,0,1,0
TXN113768,79.39,8,3.02,52.58,0,0.263,0,1,0
TXN113769,33.65,12,5.08,27.78,0,0.102,1,1,0
TXN113770,12.43,15,0.89,52.88,0,0.173,0,1,0
TXN113771,36.12,15,28.71,126.01,0,0.554,0,1,0
TXN113772,17.84,15,2.45,306.84,0,0.17,0,1,0
TXN113773,62.57,12,2.95,1.71,0,0.205,0,1,0
TXN113774,121.92,9,1.56,23.1,0,0.21,0,0,0
TXN113775,183.41,9,9.11,80.64,0,0.063,0,1,0
TXN113776,30.36,20,6.56,769.73,0,0.318,0,1,0
TXN113777,18.88,20,0.71,197.31,0,0.182,0,1,0
TXN113778,82.75,0,7.23,128.55,0,0.195,0,1,0
TXN113779,44.78,15,8.78,321.16,0,0.236,0,0,0
TXN113780,67.15,18,14.15,44.29,0,0.267,0,1,0
TXN113781,102.37,18,0.37,221.18,1,0.361,0,1,0
TXN113782,15.84,14,1.23,116.57,0,0.294,0,1,0
TXN113783,133.4,9,4.97,19.67,0,0.167,0,1,0
TXN113784,68.5,11,4.78,295.36,0,0.309,0,1,0
TXN113785,51.12,20,10.08,276.83,0,0.245,0,1,0
TXN113786,92.43,20,8.17,140.55,1,0.254,0,1,0
TXN113787,149.16606198397494,11,21.733565420866494,58.59,0,0.5829862834624271,0,1,0
TXN113788,96.08,10,11.33,28.59,1,0.428,0,1,0
TXN113789,55.15,8,15.37,180.02,0,0.647,0,1,0
TXN113790,24.44,8,2.05,56.33,0,0.214,0,1,0
TXN113791,65.75,7,2.93,138.66,0,0.664,0,1,0
TXN113792,88.24,10,10.31,162.31,0,0.252,0,1,0
TXN113793,64.78,4,2.11,72.28,0,0.571,0,1,0
TXN113794,9.25,14,20.73,19.67,0,0.19,0,1,0
TXN113795,24.97,21,10.68,36.29,0,0.389,0,1,0
TXN113796,33.36,8,5.64,79.95,1,0.189,0,1,0
TXN113797,23.02,8,7.14,90.45,0,0.163,1,0,0
TXN113798,163.6,20,13.95,88.03,1,0.186,0,1,0
TXN113799,109.05,8,3.16,23.47,1,0.318,0,0,0
TXN113800,162.53,13,0.2,136.42,0,0.399,0,1,0
TXN113801,74.78,18,10.98,104.28,0,0.287,0,1,0
TXN113802,151.56,9,2.51,45.32,0,0.098,0,1,0
TXN113803,30.58,19,0.77,95.75,1,0.329,0,1,0
TXN113804,69.28,14,7.7,49.85,0,0.282,0,0,0
TXN113805,41.74,18,1.45,214.19,0,0.324,0,1,0
TXN113806,46.56,20,3.89,19.63,0,0.633,0,0,0
TXN113807,99.48,19,12.3,95.94,0,0.281,0,1,0
TXN113808,303.66,10,2.75,635.66,0,0.263,0,1,0
TXN113809,229.67,23,9.32,93.96,0,0.309,0,1,0
TXN113810,44.55,18,2.09,242.72,0,0.646,0,1,0
TXN113811,92.36,1,8.1,22.66,0,0.106,1,1,0
TXN113812,54.52,14,8.41,33.18,0,0.616,0,1,0
TXN113813,174.14,15,6.01,56.63,0,0.254,0,1,0
TXN113814,48.85,7,25.61,73.72,0,0.116,0,0,0
TXN113815,131.46,12,7.4,25.85,0,0.137,0,1,0
TXN113816,111.7,16,2.47,27.12,1,0.268,0,0,0
TXN113817,34.15,14,3.03,189.17,1,0.218,0,1,0
TXN113818,46.62,15,7.18,292.51,0,0.164,0,0,0
TXN113819,114.9,3,14.04,109.57,1,0.211,0,1,0
TXN113820,4.83,18,5.95,217.62,0,0.205,0,1,0
TXN113821,47.89,19,7.7,344.74,0,0.568,0,0,0
TXN113822,61.16,16,17.62,38.99,0,0.401,0,1,0
TXN113823,154.40950614840054,15,7.33942396660084,3.37,1,0.7176674715457253,0,0,0
TXN113824,34.53,8,4.59,109.26,0,0.122,0,1,0
TXN113825,129.46,6,6.14,178.52,0,0.337,0,0,0
TXN113826,137.64,13,1.28,324.39,0,0.08,0,1,0
TXN113827,51.04,19,4.39,137.14,0,0.365,0,1,0
TXN113828,16.51,20,2.14,158.09,1,0.344,0,1,0
TXN113829,214.93,9,12.76,182.03,0,0.093,0,1,0
TXN113830,24.01,5,10.89,41.6,0,0.146,0,0,0
TXN113831,54.48,4,2.13,649.61,0,0.534,0,1,0
TXN113832,47.01,16,3.35,114.62,0,0.334,0,1,0
TXN113833,171.38,14,11.57,18.1,0,0.277,0,1,0
TXN113834,192.37,18,26.84,289.25,2,0.189,0,0,0
TXN113835,153.37,14,8.14,50.57,0,0.167,0,0,0
TXN113836,101.74,20,2.87,27.95,0,0.09,0,1,0
TXN113837,107.7,14,0.4,229.77,0,0.086,0,1,0
TXN113838,25.71,16,1.45,42.41,0,0.227,0,1,0
TXN113839,54.39,12,1.31,60.4,0,0.428,0,0,0
TXN113840,156.79,11,3.34,94.54,1,0.119,0,1,0
TXN113841,80.5,21,1.34,223.23,0,0.456,0,0,0
TXN113842,114.28,11,19.91,25.91,0,0.137,0,1,0
TXN113843,91.68,18,10.08,0.15,0,0.08,0,1,0
TXN113844,82.19,10,5.57,63.58,0,0.349,0,1,0
TXN113845,92.47,3,7.08,304.17,0,0.49,0,1,0
TXN113846,86.77,10,4.24,204.21,0,0.386,0,1,0
TXN113847,89.41,19,27.93,128.49,0,0.219,0,1,0
TXN113848,26.39,15,11.48,128.07,0,0.342,0,1,0
TXN113849,68.15,20,9.92,6.05,1,0.647,0,1,0
TXN113850,123.68,12,9.45,29.65,1,0.585,0,1,0
TXN113851,54.81,16,0.37,200.67,0,0.054,0,1,0
TXN113852,101.06,20,4.08,6.43,0,0.232,0,1,0
TXN113853,70.83,7,5.53,41.45,1,0.132,0,1,0
TXN113854,57.97,20,14.68,360.91,0,0.238,0,1,0
TXN113855,499.49,11,266.75,31.19,2,0.399,0,0,1
TXN113856,8.61,16,3.46,125.12,0,0.274,0,1,0
TXN113857,40.6,10,5.5,238.03,0,0.587,0,0,0
TXN113858,33.72,11,6.11,115.41,0,0.52,0,1,0
TXN113859,68.62,17,4.75,11.17,0,0.096,0,0,0
TXN113860,34.05,16,16.89,35.35,1,0.064,0,1,0
TXN113861,40.01,10,7.95,7.54,0,0.115,0,1,0
TXN113862,74.55,13,2.46,46.94,1,0.281,0,1,0
TXN113863,138.42288579418545,22,70.39801021109656,47.84,0,0.7315225025692835,0,1,0
TXN113864,100.24,13,5.7,107.08,0,0.371,0,1,0
TXN113865,207.51,19,15.02,19.74,0,0.609,0,0,0
TXN113866,130.83,10,11.34,288.8,0,0.435,0,1,0
TXN113867,52.93,7,0.97,18.42,0,0.241,0,1,0
TXN113868,36.68,17,5.3,64.53,0,0.162,0,1,0
TXN113869,109.06,14,4.12,96.74,0,0.114,0,1,0
TXN113870,29.52,5,0.82,75.5,0,0.047,0,1,0
TXN113871,48.33,14,2.79,117.47,0,0.473,0,1,0
TXN113872,37.7,19,4.27,168.22,1,0.284,0,0,0
TXN113873,89.92,19,1.57,269.55,0,0.202,0,0,0
TXN113874,116.63,8,5.92,41.66,0,0.272,0,1,0
TXN113875,202.78,15,1.23,25.89,0,0.08,0,1,0
TXN113876,130.09,20,4.44,196.06,0,0.585,0,0,0
TXN113877,38.13,16,11.38,5.08,0,0.086,0,0,0
TXN113878,70.5,9,5.45,492.0,0,0.272,0,1,0
TXN113879,147.11,13,6.18,341.78,0,0.429,0,1,0
TXN113880,67.36,16,1.01,160.61,0,0.183,0,1,0
TXN113881,68.9,18,4.98,116.52,0,0.271,0,0,0
TXN113882,54.84,8,3.39,354.89,0,0.101,0,1,0
TXN113883,60.98,13,5.35,39.94,1,0.224,0,0,0
TXN113884,104.04,12,4.59,278.85,0,0.272,0,1,0
TXN113885,73.01,11,3.93,67.71,0,0.547,0,1,0
TXN113886,127.75,13,2.04,453.59,0,0.234,0,1,0
TXN113887,82.66,5,1.85,58.8,0,0.164,0,0,0
TXN113888,60.21080116150352,15,113.58020656815428,211.19,0,0.7778980733117431,0,1,0
TXN113889,6.26,1,17.03,69.82,0,0.26,0,0,0
TXN113890,37.0,14,1.07,60.01,1,0.27,0,1,0
TXN113891,148.0,2,1.82,167.44,0,0.175,0,0,0
TXN113892,283.97,17,2.18,276.77,2,0.555,0,1,0
TXN113893,49.25,16,0.49,79.47,0,0.477,0,1,0
TXN113894,19.33,17,0.95,2.31,1,0.212,0,1,0
TXN113895,108.72,20,3.31,246.99,0,0.055,0,1,0
TXN113896,56.97,16,2.26,42.41,0,0.193,0,1,0
TXN113897,129.09,15,1.81,1.77,0,0.433,0,1,0
TXN113898,71.04,17,5.84,22.57,0,0.369,0,1,0
TXN113899,230.42,0,93.78,0.55,9,0.903,1,1,1
TXN113900,56.88,8,19.12,75.81,0,0.551,0,0,0
TXN113901,33.99,21,7.53,269.82,0,0.276,0,1,0
TXN113902,15.02,0,7.93,72.69,0,0.124,0,0,0
TXN113903,29.0,1,1.57,69.77,0,0.226,0,0,0
TXN113904,59.26,18,23.89,55.18,0,0.31,0,1,0
TXN113905,83.08,1,7.1,101.66,0,0.125,0,1,0
TXN113906,108.71,1,5.4,2.39,0,0.155,0,1,0
TXN113907,134.6,19,3.51,18.32,0,0.429,0,1,0
TXN113908,53.18,8,5.44,13.26,0,0.351,0,1,0
TXN113909,146.59677858658446,19,114.76498910545737,204.37,0,0.783288191906857,0,1,0
TXN113910,535.33,7,167.1,0.09,5,0.839,0,0,1
TXN113911,157.26,12,1.57,164.24,1,0.271,0,0,0
TXN113912,184.06,9,2.1,30.9,1,0.31,0,1,0
TXN113913,61.06,12,14.5,44.52,0,0.144,0,0,0
TXN113914,36.88,8,10.37,2.6,0,0.134,0,1,0
TXN113915,67.34,18,4.95,289.82,0,0.153,0,1,0
TXN113916,218.76,9,8.23,45.33,0,0.305,0,1,0
TXN113917,88.83,8,7.63,26.3,0,0.188,0,1,0
TXN113918,31.24,10,5.12,86.34,1,0.206,0,1,0
TXN113919,147.03,3,4.53,52.59,2,0.097,1,0,0
TXN113920,36.92,3,12.34,119.74,0,0.12,1,1,0
TXN113921,57.07,16,4.42,161.61,1,0.33,0,0,0
TXN113922,222.04,2,3.03,30.59,0,0.441,0,1,0
TXN113923,88.33,9,4.18,269.26,0,0.36,0,1,0
TXN113924,65.14,11,3.87,134.45,0,0.35,0,1,0
TXN113925,67.77,17,3.99,62.32,0,0.203,0,1,0
TXN113926,35.79,19,9.7,89.1,0,0.219,0,1,0
TXN113927,7.48,6,10.06,160.8,1,0.04,1,1,0
TXN113928,95.51,10,6.82,16.44,1,0.445,0,1,0
TXN113929,36.9,19,6.25,18.93,0,0.472,1,1,0
TXN113930,65.75,20,4.54,70.55,0,0.441,0,1,0
TXN113931,59.22,13,8.08,13.68,1,0.376,0,1,0
TXN113932,45.92,11,5.8,145.1,0,0.31,0,1,0
TXN113933,30.13,14,9.85,40.34,0,0.855,0,1,0
TXN113934,56.67,9,5.57,133.99,0,0.324,0,1,0
TXN113935,77.77,16,2.39,139.4,0,0.145,1,0,0
TXN113936,175.13,17,7.35,279.3,1,0.539,0,0,0
TXN113937,58.88,19,3.21,5.3,1,0.487,0,0,0
TXN113938,64.9,14,6.17,3.39,0,0.382,0,1,0
TXN113939,84.67,10,7.3,90.45,0,0.565,0,1,0
TXN113940,32.75,11,3.38,86.68,0,0.43,0,0,0
TXN113941,15.74,13,4.48,142.96,0,0.571,0,1,0
TXN113942,183.27,21,0.33,165.31,0,0.31,0,1,0
TXN113943,15.37,21,1.33,162.23,2,0.178,0,1,0
TXN113944,15.28,19,10.15,235.94,0,0.484,0,1,0
TXN113945,93.33,11,3.79,124.36,0,0.146,0,1,0
TXN113946,66.9,11,1.36,8.67,0,0.078,1,0,0
TXN113947,9.4,1,7.76,73.94,2,0.26,0,1,0
TXN113948,21.56,19,2.66,145.2,1,0.181,0,1,0
TXN113949,56.12,19,11.77,17.44,1,0.422,1,1,0
TXN113950,42.53,11,21.15,84.59,0,0.071,0,1,0
TXN113951,111.35,8,2.86,163.68,0,0.113,0,1,0
TXN113952,160.97,2,354.51,9.99,2,0.826,1,1,1
TXN113953,44.86,20,2.9,144.0,0,0.107,0,1,0
TXN113954,54.74,11,4.66,48.94,1,0.199,0,0,0
TXN113955,88.28,17,0.65,285.38,1,0.163,1,0,0
TXN113956,106.08,20,18.93,267.68,2,0.081,0,1,0
TXN113957,5.8,20,16.94,59.69,0,0.458,1,0,0
TXN113958,41.88,19,10.62,35.88,0,0.233,0,0,0
TXN113959,200.91,8,16.29,127.13,0,0.153,0,0,0
TXN113960,45.04,12,1.98,48.21,0,0.192,0,0,0
TXN113961,613.34,14,329.99,3.61,2,0.784,1,0,1
TXN113962,47.82,15,5.8,466.91,0,0.388,0,1,0
TXN113963,83.46,12,5.0,104.33,0,0.156,0,1,0
TXN113964,128.05,18,9.92,164.59,1,0.592,0,0,0
TXN113965,37.06,22,19.18,109.41,0,0.134,1,1,0
TXN113966,176.24,11,3.66,17.94,0,0.167,0,1,0
TXN113967,57.11,20,8.41,105.26,0,0.317,0,1,0
TXN113968,18.27,18,0.96,548.51,0,0.127,0,1,0
TXN113969,72.44,10,6.63,12.01,0,0.13,0,1,0
TXN113970,52.31,18,13.29,69.17,0,0.21,0,1,0
TXN113971,45.52,0,2.04,269.77,1,0.341,0,0,0
TXN113972,68.66,2,6.64,63.54,0,0.174,0,1,0
TXN113973,52.59,20,6.14,363.58,1,0.024,0,1,0
TXN113974,47.14,19,4.23,28.49,0,0.208,0,1,0
TXN113975,139.52,21,5.09,82.9,0,0.734,0,1,0
TXN113976,105.11,13,6.45,240.62,0,0.153,0,1,0
TXN113977,64.07,17,5.59,109.46,0,0.291,0,0,0
TXN113978,40.47,21,1.68,154.15,1,0.143,0,1,0
TXN113979,70.91,16,6.67,108.03,0,0.33,0,1,0
TXN113980,166.6,3,0.43,237.78,0,0.562,1,1,0
TXN113981,43.51,15,2.2,150.51,1,0.517,0,0,0
TXN113982,92.91,11,8.12,44.28,0,0.372,0,1,0
TXN113983,42.75,9,1.86,104.16,0,0.203,0,1,0
TXN113984,141.55,5,2.97,340.27,1,0.171,0,1,0
TXN113985,68.77,5,5.52,15.43,0,0.291,0,1,0
TXN113986,11.53,8,0.56,26.98,0,0.598,1,1,0
TXN113987,47.78,20,7.78,53.79,0,0.226,0,1,0
TXN113988,18.95,14,6.2,241.07,0,0.415,0,0,0
TXN113989,56.59,12,7.85,140.06,0,0.464,0,1,0
TXN113990,67.0,8,4.44,461.3,0,0.28,0,1,0
TXN113991,40.24,14,1.17,53.06,0,0.119,0,1,0
TXN113992,79.23,12,5.32,383.48,1,0.405,0,0,0
TXN113993,11.53,0,7.07,371.37,1,0.173,0,1,0
TXN113994,28.3,11,1.99,32.06,0,0.606,0,1,0
TXN113995,77.27,11,2.65,214.3,1,0.594,0,1,0
TXN113996,232.0663776304994,20,66.40359790163961,18.48,0,0.7768868465671706,0,1,0
TXN113997,143.27,11,1.63,188.82,0,0.291,0,0,0
TXN113998,9.91,0,5.33,326.94,0,0.041,0,1,0
TXN113999,58.76,16,2.66,116.42,0,0.401,0,1,0
TXN114000,118.14,6,5.06,53.03,1,0.437,0,0,0
TXN114001,71.16,14,6.16,2.23,1,0.195,0,1,0
TXN114002,50.17,8,10.1,13.06,0,0.203,0,0,0
TXN114003,49.98,13,12.14,170.84,1,0.651,0,1,0
TXN114004,20.64,8,5.35,8.43,0,0.045,0,1,0
TXN114005,77.98,22,6.05,191.46,1,0.159,0,1,0
TXN114006,113.04,15,5.6,156.81,0,0.299,1,1,0
TXN114007,127.97,14,6.06,43.77,0,0.391,0,1,0
TXN114008,17.15,20,5.35,18.47,0,0.229,0,1,0
TXN114009,51.49,10,1.22,66.23,0,0.202,0,1,0
TXN114010,16.2,16,3.98,11.36,0,0.687,0,1,0
TXN114011,69.85,11,1.85,76.59,1,0.214,0,1,0
TXN114012,74.06,18,10.09,2.26,0,0.584,0,1,0
TXN114013,35.24,20,0.54,241.74,0,0.102,1,0,0
TXN114014,169.88,11,13.25,588.2,0,0.282,0,1,0
TXN114015,175.99,23,5.05,199.03,0,0.246,0,1,0
TXN114016,57.8,12,26.29,85.98,1,0.262,0,1,0
TXN114017,63.26,16,5.26,188.17,0,0.133,0,1,0
TXN114018,117.2,16,15.0,9.46,1,0.304,0,1,0
TXN114019,49.9,7,7.61,37.28,1,0.222,0,1,0
TXN114020,12.56,9,17.68,47.34,0,0.473,0,0,0
TXN114021,14.39,17,4.07,48.25,1,0.101,0,1,0
TXN114022,61.36,16,5.1,124.84,1,0.033,0,1,0
TXN114023,7.57,20,2.7,7.88,0,0.25,0,1,0
TXN114024,51.93,19,9.89,161.62,0,0.326,0,1,0
TXN114025,85.35,19,7.88,68.15,0,0.523,0,1,0
TXN114026,157.19,17,5.73,22.91,0,0.146,0,1,0
TXN114027,56.37,6,15.42,23.55,0,0.087,0,1,0
TXN114028,84.81,4,10.97,91.19,1,0.233,0,1,0
TXN114029,20.14,7,3.61,119.77,0,0.019,0,1,0
TXN114030,79.51,18,3.45,594.3,0,0.092,1,1,0
TXN114031,32.84,6,8.03,260.64,0,0.119,0,1,0
TXN114032,15.91,12,21.8,3.51,1,0.461,0,1,0
TXN114033,61.39,12,5.31,86.73,0,0.193,0,0,0
TXN114034,28.41,17,9.84,60.43,0,0.063,0,1,0
TXN114035,76.74,13,7.04,18.93,0,0.402,0,1,0
TXN114036,126.8,12,11.31,107.08,0,0.638,0,1,0
TXN114037,56.16,18,5.5,7.68,0,0.25,0,1,0
TXN114038,63.35,11,5.97,205.47,1,0.468,0,1,0
TXN114039,28.94,0,8.64,340.19,1,0.036,0,1,0
TXN114040,8.96,9,6.99,31.6,1,0.338,0,1,0
TXN114041,119.31,9,4.26,53.93,0,0.275,0,1,0
TXN114042,100.61,15,8.22,16.42,0,0.434,0,1,0
TXN114043,42.83,14,10.02,202.46,0,0.01,0,1,0
TXN114044,110.0,16,7.36,8.36,1,0.176,0,1,0
TXN114045,56.56,19,2.98,543.62,0,0.394,0,1,0
TXN114046,13.11,12,6.95,93.44,0,0.16,0,1,0
TXN114047,44.11,0,0.78,163.93,0,0.494,0,1,0
TXN114048,106.37,15,4.16,235.64,0,0.49,0,0,0
TXN114049,253.3,17,219.6,12.21,2,0.984,1,1,1
TXN114050,13.41,18,5.45,433.06,2,0.337,0,1,0
TXN114051,64.13,7,9.76,117.99,0,0.129,0,1,0
TXN114052,86.64,14,8.44,173.15,0,0.049,0,0,0
TXN114053,28.72,8,1.6,66.64,0,0.252,0,0,0
TXN114054,63.61,2,11.05,0.68,1,0.185,0,1,0
TXN114055,104.54,8,18.0,171.05,0,0.178,0,1,0
TXN114056,128.17,19,8.84,28.19,3,0.332,0,1,0
TXN114057,115.83,9,4.67,84.13,0,0.326,0,1,0
TXN114058,677.71,17,116.18,1.57,2,0.722,0,1,1
TXN114059,98.37,8,8.53,211.62,1,0.562,0,1,0
TXN114060,118.31,17,20.21,118.86,1,0.228,0,0,0
TXN114061,66.43,14,7.14,288.58,1,0.376,0,1,0
TXN114062,94.49,12,1.97,7.05,0,0.12,0,1,0
TXN114063,21.6,20,2.36,136.29,0,0.165,0,0,0
TXN114064,2.76,14,5.31,13.1,0,0.312,0,1,0
TXN114065,44.81,11,8.26,169.16,0,0.124,0,1,0
TXN114066,29.61,10,5.25,113.35,2,0.424,0,1,0
TXN114067,122.84,10,20.13,0.23,3,0.371,0,1,0
TXN114068,209.01,11,78.37,2.6,3,0.95,1,0,1
TXN114069,52.23,10,3.3,152.22,0,0.322,0,1,0
TXN114070,22.55,20,2.44,24.31,0,0.362,0,1,0
TXN114071,23.08,9,14.78,398.19,0,0.499,0,1,0
TXN114072,191.7,8,7.36,46.88,0,0.053,0,1,0
TXN114073,149.51,15,14.47,61.21,0,0.362,1,1,0
TXN114074,23.47,19,0.38,313.25,1,0.051,0,1,0
TXN114075,230.65,20,12.28,55.6,0,0.212,0,1,0
TXN114076,109.28,18,1.37,11.19,1,0.117,0,1,0
TXN114077,167.41,10,7.88,143.82,0,0.342,0,1,0
TXN114078,1123.3996727355868,10,40.7328646685002,237.67,0,0.6662922802018973,0,1,0
TXN114079,96.2,10,2.38,4.53,0,0.729,0,1,0
TXN114080,50.14,2,2.37,81.86,0,0.323,1,1,0
TXN114081,26.44,8,12.84,20.62,0,0.198,0,0,0
TXN114082,51.59,20,4.21,49.9,0,0.237,0,1,0
TXN114083,80.04,16,13.99,109.46,0,0.218,0,0,0
TXN114084,113.74,3,12.25,85.13,1,0.243,0,0,0
TXN114085,303.33,20,3.72,41.77,1,0.363,0,1,0
TXN114086,46.45,19,5.31,3.88,0,0.229,0,1,0
TXN114087,73.46,10,2.93,210.28,0,0.215,0,1,0
TXN114088,46.32,19,11.11,450.69,0,0.28,0,1,0
TXN114089,179.95,17,3.33,196.05,0,0.443,0,0,0
TXN114090,136.41,16,9.7,139.83,0,0.264,0,1,0
TXN114091,55.98,12,4.43,110.67,0,0.104,0,1,0
TXN114092,82.72,21,1.67,16.2,0,0.177,1,1,0
TXN114093,34.03,13,2.08,124.0,1,0.319,0,1,0
TXN114094,187.22,8,2.49,92.66,0,0.103,0,0,0
TXN114095,19.43,12,9.61,23.42,0,0.572,1,1,0
TXN114096,30.55,8,3.62,139.69,0,0.231,1,1,0
TXN114097,81.09,15,15.74,88.59,0,0.335,0,1,0
TXN114098,137.48881028902247,9,90.10101535494125,103.02,1,0.7474221377646834,1,1,0
TXN114099,143.88,17,6.47,26.13,0,0.122,0,1,0
TXN114100,20.04,8,6.74,76.41,1,0.071,0,1,0
TXN114101,100.53,10,3.3,75.15,1,0.533,0,1,0
TXN114102,339.62250166206724,18,30.280899983759674,114.39,0,0.5542444921673914,0,1,0
TXN114103,45.87,14,2.99,57.22,0,0.254,0,1,0
TXN114104,154.9758296040535,10,25.446198288460685,158.81,0,0.6813249866635139,0,1,0
TXN114105,755.27,4,512.04,12.64,4,0.716,0,0,1
TXN114106,46.17,8,10.29,449.24,0,0.169,0,1,0
TXN114107,44.68,11,5.76,179.67,0,0.473,0,0,0
TXN114108,188.68,13,1.38,81.83,0,0.486,0,1,0
TXN114109,266.0701524453095,20,72.22882520277845,327.22,0,0.7855253880750344,0,1,0
TXN114110,64.64,20,7.89,40.72,0,0.331,0,1,0
TXN114111,190.69449383383176,8,41.05394323210296,113.74,0,0.7508952161774438,0,1,0
TXN114112,57.29,8,3.7,203.34,0,0.256,0,1,0
TXN114113,61.07,18,6.7,29.2,0,0.404,0,1,0
TXN114114,71.17,11,3.53,14.32,0,0.181,0,1,0
TXN114115,41.65,15,12.13,187.62,0,0.408,0,1,0
TXN114116,95.12,12,5.58,45.53,0,0.525,0,1,0
TXN114117,70.12,15,3.38,60.51,0,0.096,0,1,0
TXN114118,147.5,14,6.0,106.01,1,0.23,0,1,0
TXN114119,29.13,18,5.35,3.65,1,0.418,0,1,0
TXN114120,81.95,10,13.86,48.52,1,0.446,0,1,0
TXN114121,72.18,17,1.2,80.48,0,0.085,0,1,0
TXN114122,102.67,19,3.82,5.74,3,0.251,0,1,0
TXN114123,120.84,10,5.44,18.12,1,0.458,0,0,0
TXN114124,41.35,20,5.99,91.29,0,0.315,0,1,0
TXN114125,98.89,19,8.44,151.11,1,0.146,0,1,0
TXN114126,803.99,1,167.15,6.36,4,0.53,0,0,1
TXN114127,53.3,9,20.12,705.54,0,0.15,0,1,0
TXN114128,79.02,15,10.06,36.13,0,0.103,0,1,0
TXN114129,271.89,12,178.58,1.42,2,0.808,0,0,1
TXN114130,117.45,16,35.39,23.48,0,0.129,0,1,0
TXN114131,66.3,8,9.1,145.71,0,0.463,1,1,0
TXN114132,398.24,10,13.07,206.11,0,0.29,0,1,0
TXN114133,6.08,18,6.84,54.89,0,0.18,0,0,0
TXN114134,37.85,10,5.14,12.08,1,0.08,0,1,0
TXN114135,106.03,10,2.03,10.62,0,0.272,0,1,0
TXN114136,271.94,23,473.18,2.69,2,0.848,1,0,1
TXN114137,148.59,10,0.79,112.66,0,0.044,0,1,0
TXN114138,149.87,23,6.95,17.37,0,0.218,0,1,0
TXN114139,35.29,5,0.89,23.23,0,0.346,0,1,0
TXN114140,115.08,11,11.34,132.17,0,0.171,0,1,0
TXN114141,143.76,18,4.01,19.64,0,0.16,0,1,0
TXN114142,78.78,13,6.09,19.03,0,0.197,0,1,0
TXN114143,68.3,12,0.65,141.81,0,0.285,0,1,0
TXN114144,44.64,20,10.65,54.43,0,0.885,0,1,0
TXN114145,16.88,20,3.29,2.5,0,0.68,0,1,0
TXN114146,77.29,16,25.84,185.02,0,0.584,0,1,0
TXN114147,34.53,10,1.08,415.64,0,0.237,0,0,0
TXN114148,86.73,10,11.59,130.47,0,0.216,0,1,0
TXN114149,6.99,1,8.68,475.35,0,0.36,0,1,0
TXN114150,52.99,15,3.19,71.38,0,0.064,0,1,0
TXN114151,4.08,10,1.57,4.6,0,0.309,0,1,0
TXN114152,97.77,9,17.36,90.23,0,0.31,0,1,0
TXN114153,53.27,12,6.54,48.26,0,0.299,0,1,0
TXN114154,63.6,14,15.64,145.24,0,0.173,0,0,0
TXN114155,234.94,4,6.54,41.87,0,0.404,0,1,0
TXN114156,153.65997025032715,10,87.0885423574593,159.51,0,0.5099997416824182,0,1,0
TXN114157,129.19,13,9.49,66.44,1,0.413,0,0,0
TXN114158,63.04,10,2.44,50.27,1,0.041,0,0,0
TXN114159,118.02,17,3.25,1.32,1,0.262,0,1,0
TXN114160,944.34,4,127.53,2.1,3,0.795,0,0,1
TXN114161,50.78,17,6.03,104.07,0,0.013,0,0,0
TXN114162,92.4,1,4.04,122.28,1,0.142,0,1,0
TXN114163,75.53,10,2.37,66.97,0,0.244,0,1,0
TXN114164,58.64,17,2.65,133.66,1,0.313,0,0,0
TXN114165,160.36,17,1.72,112.55,1,0.192,0,1,0
TXN114166,126.06,15,21.62,201.67,0,0.467,0,1,0
TXN114167,19.08,20,8.3,146.0,0,0.152,0,1,0
TXN114168,18.06,15,17.1,21.02,1,0.06,0,1,0
TXN114169,96.06,9,0.65,194.89,0,0.307,1,1,0
TXN114170,104.24,9,10.78,37.5,0,0.08,0,1,0
TXN114171,331.15,16,410.79,2.93,5,0.881,0,0,1
TXN114172,78.91,6,18.69,93.71,0,0.357,0,1,0
TXN114173,34.99,5,5.54,28.68,1,0.168,1,0,0
TXN114174,104.09,7,3.01,40.29,0,0.202,0,1,0
TXN114175,25.94,3,0.82,236.88,1,0.432,0,0,0
TXN114176,41.55,18,3.04,94.7,1,0.247,0,1,0
TXN114177,54.84,12,3.34,20.07,0,0.318,0,1,0
TXN114178,170.06,20,9.56,163.5,0,0.537,0,1,0
TXN114179,18.88,11,16.08,89.32,2,0.291,0,1,0
TXN114180,23.88,15,2.93,117.16,1,0.292,0,1,0
TXN114181,43.51,15,8.5,75.12,0,0.28,0,1,0
TXN114182,141.53,20,1.61,8.3,0,0.287,0,0,0
TXN114183,92.47,8,13.9,72.58,2,0.289,0,1,0
TXN114184,143.11,17,16.46,196.2,0,0.277,0,1,0
TXN114185,316.27,16,13.13,272.4,0,0.297,0,1,0
TXN114186,41.56,13,2.21,148.67,0,0.222,0,1,0
TXN114187,67.38,15,14.81,61.57,0,0.621,0,1,0
TXN114188,85.54,18,7.03,55.04,1,0.403,0,1,0
TXN114189,179.67,9,2.67,195.72,0,0.199,0,1,0
TXN114190,15.24,8,4.59,94.41,0,0.486,0,1,0
TXN114191,32.96,15,3.77,173.76,0,0.574,0,1,0
TXN114192,141.92,19,0.06,289.16,0,0.02,0,0,0
TXN114193,73.87,14,2.53,242.25,1,0.295,0,1,0
TXN114194,44.62,20,4.0,73.34,0,0.46,1,1,0
TXN114195,7.58,4,7.83,159.25,0,0.176,0,1,0
TXN114196,110.03,14,3.7,295.5,0,0.41,0,1,0
TXN114197,53.29,20,5.25,146.3,0,0.039,0,1,0
TXN114198,116.31,9,0.75,2.72,0,0.666,0,1,0
TXN114199,57.46,8,0.58,7.68,3,0.424,0,1,0
TXN114200,232.25165772093203,20,20.881933527938298,149.5,0,0.7602964651741622,0,0,0
TXN114201,130.57,15,12.87,74.32,0,0.373,0,1,0
TXN114202,46.33,14,4.62,25.99,0,0.201,0,0,0
TXN114203,131.72,0,3.42,200.16,0,0.273,0,1,0
TXN114204,48.05,10,6.63,76.39,1,0.19,0,0,0
TXN114205,105.26,9,7.1,171.11,1,0.407,0,1,0
TXN114206,205.0,8,25.43,32.67,1,0.695,0,1,0
TXN114207,41.09,11,7.92,153.84,0,0.262,0,1,0
TXN114208,67.86,5,3.18,172.8,1,0.151,0,0,0
TXN114209,25.69,1,5.15,128.14,0,0.302,1,1,0
TXN114210,182.68,4,1.53,428.56,0,0.194,0,1,0
TXN114211,287.75,8,15.53,153.55,0,0.575,0,0,0
TXN114212,85.29,21,9.04,42.97,0,0.394,0,0,0
TXN114213,84.21,16,0.48,366.26,1,0.129,0,1,0
TXN114214,75.53,12,7.92,262.7,0,0.212,0,1,0
TXN114215,104.05,20,26.4,293.36,1,0.349,0,1,0
TXN114216,3.88,16,2.75,5.39,0,0.073,0,1,0
TXN114217,172.46,10,15.16,0.88,0,0.446,0,0,0
TXN114218,20.03,20,2.93,111.19,0,0.421,0,1,0
TXN114219,10.47,4,2.21,170.03,0,0.431,0,1,0
TXN114220,44.57,4,7.74,6.8,0,0.245,0,1,0
TXN114221,132.38,16,13.95,40.25,1,0.333,0,1,0
TXN114222,111.41853226947785,15,42.998342986565675,36.55,1,0.5193977812695111,0,1,0
TXN114223,219.72,10,10.48,66.1,1,0.668,0,1,0
TXN114224,622.77,20,182.1,0.63,4,0.584,0,0,1
TXN114225,146.28,3,19.6,118.09,0,0.335,0,1,0
TXN114226,68.0,16,4.39,258.91,1,0.173,0,1,0
TXN114227,40.66,17,6.02,0.53,0,0.378,0,1,0
TXN114228,56.37,21,6.01,31.7,0,0.192,0,0,0
TXN114229,17.65,18,3.42,237.08,2,0.311,0,1,0
TXN114230,7.94,19,0.04,499.74,0,0.601,0,1,0
TXN114231,102.88,23,5.14,59.42,1,0.39,1,0,0
TXN114232,155.49391768482025,13,4.865309267681963,126.5,0,0.5374751198731293,0,0,0
TXN114233,92.55,22,5.55,19.09,0,0.097,0,0,0
TXN114234,94.02,11,2.97,7.93,2,0.455,0,1,0
TXN114235,25.08,4,15.05,65.1,0,0.059,0,1,0
TXN114236,341.5020339189928,19,5.67818929797329,246.0,0,0.6679641003540222,0,0,0
TXN114237,124.02,10,5.48,52.95,1,0.045,0,1,0
TXN114238,111.06,11,3.42,44.5,1,0.191,0,1,0
TXN114239,61.58,20,5.68,18.85,0,0.386,0,1,0
TXN114240,93.72,22,2.06,72.35,0,0.039,0,1,0
TXN114241,89.8,11,16.12,213.2,0,0.014,1,0,0
TXN114242,8.81,18,4.87,136.37,0,0.528,0,1,0
TXN114243,22.23,18,3.78,101.36,0,0.106,0,1,0
TXN114244,33.39,13,1.37,37.03,1,0.305,0,1,0
TXN114245,76.78,10,5.89,94.09,0,0.423,0,0,0
TXN114246,118.6187175776756,7,118.787197989883,37.0,1,0.5853662634424901,0,0,0
TXN114247,50.14,16,4.59,49.6,0,0.143,0,1,0
TXN114248,135.54,9,7.12,374.95,1,0.284,0,0,0
TXN114249,33.3,13,7.51,32.29,0,0.284,0,1,0
TXN114250,33.55,14,12.23,96.45,0,0.513,0,1,0
TXN114251,471.15,20,224.1,7.51,3,0.43,0,0,1
TXN114252,87.25,9,8.38,49.62,1,0.148,0,1,0
TXN114253,75.54,17,3.19,791.66,1,0.26,0,1,0
TXN114254,39.41,11,7.64,63.08,1,0.426,0,1,0
TXN114255,9.38,11,13.94,285.47,0,0.326,0,1,0
TXN114256,91.15,18,0.66,195.67,0,0.134,0,1,0
TXN114257,47.86,9,7.36,205.33,0,0.273,1,1,0
TXN114258,205.21,4,0.59,56.66,1,0.373,0,1,0
TXN114259,41.31,16,5.43,92.93,0,0.308,0,1,0
TXN114260,41.76,17,3.79,81.8,0,0.161,0,1,0
TXN114261,47.18,20,6.66,19.07,0,0.399,0,0,0
TXN114262,122.52,1,2.7,43.02,2,0.397,0,0,0
TXN114263,87.93,11,16.15,129.22,0,0.257,0,1,0
TXN114264,77.17,19,2.89,47.85,0,0.285,0,1,0
TXN114265,149.97,16,2.08,245.96,0,0.489,0,0,0
TXN114266,24.21,16,3.87,156.39,0,0.41,0,1,0
TXN114267,7.05,8,1.62,2.3,1,0.302,0,1,0
TXN114268,99.88,12,3.99,11.01,1,0.473,0,1,0
TXN114269,106.14,7,15.31,29.14,1,0.313,0,0,0
TXN114270,23.78,9,19.28,79.56,1,0.211,0,1,0
TXN114271,100.81,16,1.53,55.26,0,0.181,0,1,0
TXN114272,56.45,17,2.72,316.23,0,0.53,0,1,0
TXN114273,43.83,10,13.32,271.6,0,0.14,0,1,0
TXN114274,23.85,14,9.7,94.53,0,0.478,0,1,0
TXN114275,120.53,22,6.94,100.77,0,0.276,0,1,0
TXN114276,99.3,10,2.39,215.6,0,0.324,0,0,0
TXN114277,143.21,16,5.55,37.26,0,0.406,0,1,0
TXN114278,60.53,12,1.08,103.9,0,0.298,0,1,0
TXN114279,235.15,8,7.78,242.77,1,0.278,0,1,0
TXN114280,56.97,22,0.87,27.58,1,0.044,0,1,0
TXN114281,31.77,20,0.26,60.42,0,0.11,0,1,0
TXN114282,88.88,19,4.62,27.66,0,0.138,0,1,0
TXN114283,78.16,9,12.55,10.96,0,0.297,0,1,0
TXN114284,11.36,16,1.76,191.35,0,0.574,0,1,0
TXN114285,177.61,7,8.03,48.9,0,0.13,0,1,0
TXN114286,99.32,5,12.74,44.57,1,0.365,0,1,0
TXN114287,107.72,8,4.44,43.8,0,0.13,0,0,0
TXN114288,34.92,7,0.55,133.53,0,0.431,0,1,0
TXN114289,130.66,8,4.25,63.69,0,0.164,0,1,0
TXN114290,104.74,3,19.76,17.46,0,0.268,1,1,0
TXN114291,245.73,15,3.77,78.06,0,0.36,0,1,0
TXN114292,121.31,16,0.21,268.04,0,0.08,0,1,0
TXN114293,55.11,21,16.79,61.93,0,0.582,0,1,0
TXN114294,246.81,5,12.72,145.15,0,0.368,0,1,0
TXN114295,42.23028362495521,14,143.60053633330722,85.84,1,0.6946793465680275,0,1,0
TXN114296,20.06,17,10.28,5.5,1,0.133,0,1,0
TXN114297,24.51,19,6.42,201.21,0,0.639,0,1,0
TXN114298,102.91,8,3.9,81.37,0,0.107,0,1,0
TXN114299,64.53,20,12.79,174.83,0,0.252,0,1,0
TXN114300,27.38,20,2.45,11.24,1,0.063,0,1,0
TXN114301,400.14391935611405,6,16.074595735760077,84.33,1,0.5829310716384627,1,1,0
TXN114302,123.48,18,25.61,20.59,0,0.323,0,0,0
TXN114303,98.65,8,3.47,8.42,0,0.77,0,1,0
TXN114304,54.8,6,7.08,2.29,0,0.315,0,0,0
TXN114305,4.85,13,2.9,200.81,1,0.51,0,1,0
TXN114306,68.2,8,10.08,266.54,0,0.383,0,1,0
TXN114307,66.95,8,16.16,519.0,0,0.279,0,0,0
TXN114308,22.15,9,4.73,60.5,1,0.225,0,1,0
TXN114309,153.47,12,9.3,162.25,0,0.223,0,1,0
TXN114310,49.95,8,0.91,60.78,0,0.019,0,0,0
TXN114311,24.39,11,9.82,111.26,0,0.688,0,1,0
TXN114312,63.62,17,2.49,69.37,0,0.463,0,1,0
TXN114313,124.56,11,2.91,42.85,0,0.373,0,1,0
TXN114314,22.09,12,14.38,47.52,1,0.226,0,1,0
TXN114315,10.39,14,7.41,101.89,0,0.121,0,1,0
TXN114316,121.03,9,17.5,209.43,1,0.056,0,1,0
TXN114317,91.03,20,27.47,50.25,1,0.437,0,1,0
TXN114318,14.13,11,7.07,7.62,0,0.55,0,1,0
TXN114319,110.44,23,26.79,343.61,0,0.085,0,1,0
TXN114320,65.77,15,5.51,0.86,0,0.152,0,1,0
TXN114321,118.99,16,3.43,35.45,0,0.222,0,1,0
TXN114322,38.9,14,8.57,34.55,0,0.23,0,1,0
TXN114323,255.34,1,15.46,145.49,0,0.153,0,0,0
TXN114324,471.79,16,189.21,12.05,3,0.83,1,0,1
TXN114325,59.37,9,7.56,74.92,1,0.355,0,0,0
TXN114326,153.21,16,3.6,150.06,0,0.238,0,0,0
TXN114327,15.22,15,13.26,115.16,0,0.34,0,0,0
TXN114328,79.25,8,6.69,47.85,1,0.506,0,1,0
TXN114329,237.43,17,3.36,19.49,0,0.056,0,0,0
TXN114330,34.45,12,14.69,380.73,1,0.262,0,1,0
TXN114331,61.17,15,2.57,123.2,0,0.441,0,0,0
TXN114332,72.82,16,14.72,5.77,0,0.311,0,1,0
TXN114333,17.07917962396037,16,52.01364566703849,3.35,0,0.6934498252734864,0,1,0
TXN114334,16.09,8,25.87,10.73,0,0.479,0,0,0
TXN114335,87.88,0,3.3,121.48,0,0.317,0,1,0
TXN114336,15.31,14,0.21,8.67,0,0.236,0,1,0
TXN114337,117.96,12,3.42,103.11,0,0.112,0,1,0
TXN114338,202.46,21,2.68,268.75,0,0.097,0,1,0
TXN114339,79.23,10,11.3,29.35,0,0.232,0,1,0
TXN114340,162.4,20,4.99,58.36,0,0.285,0,1,0
TXN114341,68.74,9,6.04,80.84,0,0.242,0,1,0
TXN114342,605.62,22,99.57,4.76,4,0.36,1,0,1
TXN114343,126.29,16,9.1,12.02,0,0.294,0,1,0
TXN114344,47.69,11,3.38,61.05,0,0.023,0,1,0
TXN114345,132.38,8,3.79,3.24,0,0.277,0,1,0
TXN114346,292.17,4,262.75,10.28,5,0.714,1,0,1
TXN114347,75.68,18,1.62,96.33,0,0.113,0,1,0
TXN114348,189.23,1,7.97,184.38,0,0.06,0,0,0
TXN114349,69.44,15,5.67,59.31,0,0.106,0,1,0
TXN114350,97.11,8,0.73,7.3,0,0.071,0,1,0
TXN114351,53.9,20,5.81,128.61,0,0.18,0,1,0
TXN114352,60.86,14,5.74,111.25,0,0.137,1,1,0
TXN114353,53.6,15,0.66,256.6,1,0.096,0,1,0
TXN114354,59.15,8,3.08,11.88,0,0.653,0,1,0
TXN114355,40.68,23,0.69,13.16,2,0.515,0,0,0
TXN114356,103.07,8,9.36,302.3,0,0.39,0,1,0
TXN114357,77.98,8,1.5,8.27,0,0.166,0,1,0
TXN114358,34.85,18,14.82,88.75,0,0.205,0,1,0
TXN114359,46.72,19,5.05,43.9,2,0.145,0,1,0
TXN114360,174.77,8,0.86,75.69,1,0.593,0,1,0
TXN114361,125.25,19,0.86,113.43,0,0.133,0,0,0
TXN114362,7.67,18,7.19,113.98,0,0.167,0,0,0
TXN114363,14.98,20,6.34,119.63,0,0.166,0,1,0
TXN114364,131.18,6,3.45,31.89,0,0.467,0,1,0
TXN114365,110.61,9,1.77,163.34,0,0.135,0,1,0
TXN114366,13.47,14,8.35,75.28,1,0.24,1,1,0
TXN114367,123.51,18,1.6,125.79,0,0.672,0,1,0
TXN114368,74.03,23,4.53,110.62,1,0.202,0,1,0
TXN114369,60.6,9,5.34,15.9,1,0.074,0,1,0
TXN114370,141.34,19,2.63,507.02,0,0.271,0,1,0
TXN114371,228.4,20,170.38,0.7,5,0.945,1,0,1
TXN114372,105.03,13,4.6,79.13,0,0.212,0,1,0
TXN114373,70.2,8,3.85,9.7,0,0.251,0,0,0
TXN114374,34.22,0,1.78,152.98,0,0.102,0,1,0
TXN114375,65.72,11,7.49,171.0,0,0.271,0,1,0
TXN114376,45.73,13,21.72,124.29,0,0.382,0,1,0
TXN114377,23.55,3,9.17,108.22,1,0.071,0,1,0
TXN114378,14.3,19,2.34,35.15,0,0.05,0,1,0
TXN114379,24.88,15,1.74,32.32,0,0.039,0,1,0
TXN114380,371.89450816707193,11,33.234029096737714,77.68,1,0.5460039140875134,0,1,0
TXN114381,21.63,9,2.56,125.1,0,0.293,0,0,0
TXN114382,92.8,7,10.59,182.63,1,0.22,0,1,0
TXN114383,44.67,16,6.99,164.06,2,0.381,0,1,0
TXN114384,107.25,14,22.7,11.02,1,0.169,0,1,0
TXN114385,381.59,5,83.93,2.0,0,0.782,1,0,1
TXN114386,205.83,15,5.32,48.63,0,0.07,0,0,0
TXN114387,189.84,3,2.54,46.53,0,0.439,0,1,0
TXN114388,87.87,20,11.32,42.67,1,0.232,0,1,0
TXN114389,7.96,15,2.53,17.08,0,0.115,0,1,0
TXN114390,162.67,15,8.21,354.6,0,0.649,0,1,0
TXN114391,222.95,14,9.88,570.31,0,0.366,0,1,0
TXN114392,20.21,16,12.8,44.0,0,0.324,0,0,0
TXN114393,46.2,16,7.98,20.78,0,0.198,0,1,0
TXN114394,23.06,20,0.5,0.06,0,0.356,1,1,0
TXN114395,201.76,14,2.98,7.61,0,0.111,0,1,0
TXN114396,65.56,15,4.37,2.52,0,0.477,0,1,0
TXN114397,139.78,12,3.71,25.29,0,0.093,0,0,0
TXN114398,112.67,10,9.38,39.18,1,0.435,0,1,0
TXN114399,95.38252607053724,0,111.69257732381351,275.3,0,0.709570082367627,0,1,0
TXN114400,16.63,17,2.14,38.09,0,0.109,0,1,0
TXN114401,173.01,14,13.42,100.3,0,0.198,0,1,0
TXN114402,67.89,16,4.77,4.34,1,0.184,0,0,0
TXN114403,35.62,8,10.67,148.67,2,0.475,0,1,0
TXN114404,22.43,18,3.4,16.81,1,0.283,1,0,0
TXN114405,187.02,15,9.42,93.3,0,0.13,0,0,0
TXN114406,12.06,20,3.54,290.53,1,0.617,0,1,0
TXN114407,61.6,15,8.81,320.21,0,0.53,0,1,0
TXN114408,208.25,19,5.21,4.36,0,0.427,0,0,0
TXN114409,34.89,21,9.7,108.9,1,0.221,0,0,0
TXN114410,47.86,16,8.31,76.97,0,0.304,0,1,0
TXN114411,33.84,9,16.77,10.68,0,0.186,0,1,0
TXN114412,62.45,13,0.64,98.2,1,0.451,0,1,0
TXN114413,57.32,8,2.06,23.87,0,0.314,0,1,0
TXN114414,75.84170581973066,23,42.71395210696276,120.75,0,0.5961213401839475,0,1,0
TXN114415,104.87,14,3.76,60.71,0,0.578,0,1,0
TXN114416,90.38,11,6.72,88.22,0,0.113,0,1,0
TXN114417,65.09,13,3.92,147.4,0,0.404,0,0,0
TXN114418,29.01,9,7.26,18.85,0,0.354,0,0,0
TXN114419,215.8,22,6.45,79.23,0,0.616,0,1,0
TXN114420,45.34,9,9.33,75.6,0,0.178,0,1,0
TXN114421,72.12,15,7.12,51.21,0,0.297,0,1,0
TXN114422,323.67,13,184.68,1.04,5,0.637,0,0,1
TXN114423,36.24,11,0.8,0.93,0,0.503,0,1,0
TXN114424,136.95,7,1.54,190.15,0,0.168,0,1,0
TXN114425,35.57,0,12.91,2.93,0,0.25,0,0,0
TXN114426,34.49,10,6.4,62.63,0,0.118,0,1,0
TXN114427,54.5,20,21.95,24.17,0,0.158,0,1,0
TXN114428,37.96,9,3.08,50.7,0,0.123,0,1,0
TXN114429,34.86,20,11.58,22.5,0,0.583,0,1,0
TXN114430,63.98,20,13.02,64.53,1,0.255,0,1,0
TXN114431,213.92,11,0.13,59.69,0,0.308,0,1,0
TXN114432,154.67,22,1.74,371.16,0,0.075,0,1,0
TXN114433,22.47,10,18.51,16.34,0,0.43,0,1,0
TXN114434,19.49,14,12.2,27.67,0,0.252,0,0,0
TXN114435,84.11,22,22.0,13.59,1,0.232,0,1,0
TXN114436,24.67,14,0.66,84.15,0,0.151,0,1,0
TXN114437,27.82,18,1.16,9.85,0,0.172,0,1,0
TXN114438,82.61,18,12.86,47.25,0,0.206,0,0,0
TXN114439,84.35,20,2.45,9.05,0,0.147,0,1,0
TXN114440,59.02,13,19.69,87.57,1,0.342,0,1,0
TXN114441,42.82,19,4.53,64.83,0,0.361,0,1,0
TXN114442,144.39,14,1.43,138.78,0,0.227,0,1,0
TXN114443,120.84,23,22.52,1.33,0,0.472,0,1,0
TXN114444,30.54,16,4.14,361.74,0,0.231,0,1,0
TXN114445,108.23,14,7.49,82.25,0,0.375,0,1,0
TXN114446,93.36,8,31.7,25.97,0,0.232,0,1,0
TXN114447,13.28,20,10.87,94.9,0,0.265,0,1,0
TXN114448,40.0,18,3.47,57.73,1,0.134,0,1,0
TXN114449,91.75,13,10.43,83.27,0,0.36,0,1,0
TXN114450,54.08,2,6.06,13.64,0,0.693,0,1,0
TXN114451,73.28,20,1.0,93.85,1,0.377,0,1,0
TXN114452,30.74,16,3.79,163.92,0,0.485,0,1,0
TXN114453,35.82,3,1.37,124.63,0,0.113,0,1,0
TXN114454,29.81,8,2.99,64.33,0,0.1,0,1,0
TXN114455,239.14,13,3.56,80.78,0,0.245,0,1,0
TXN114456,118.6,10,28.32,159.78,0,0.226,0,1,0
TXN114457,101.73604010492376,20,33.216378527896474,522.45,1,0.5731281638498631,1,1,0
TXN114458,27.12,19,13.18,40.37,0,0.15,0,1,0
TXN114459,104.25,5,4.48,26.27,1,0.476,0,1,0
TXN114460,58.26,8,3.53,26.88,0,0.324,0,1,0
TXN114461,82.52,10,3.53,413.75,0,0.56,0,0,0
TXN114462,54.22,11,1.77,276.24,0,0.297,0,0,0
TXN114463,84.81,14,3.0,435.39,0,0.415,0,1,0
TXN114464,60.33,10,2.74,2.95,1,0.264,0,1,0
TXN114465,235.11,1,1.14,3.54,1,0.036,1,1,0
TXN114466,99.2,17,1.47,67.26,1,0.207,0,1,0
TXN114467,27.71,18,6.79,13.28,0,0.205,0,1,0
TXN114468,69.39,10,2.61,99.14,0,0.309,0,0,0
TXN114469,82.38,15,6.74,315.17,0,0.01,0,1,0
TXN114470,58.87,9,3.24,354.6,0,0.301,1,0,0
TXN114471,137.83,15,4.13,14.92,0,0.177,0,1,0
TXN114472,20.37,16,15.71,288.09,0,0.368,0,1,0
TXN114473,48.27,15,14.98,14.73,0,0.15,0,1,0
TXN114474,51.26,14,24.09,1.4,0,0.336,0,1,0
TXN114475,95.43,10,6.49,39.23,2,0.076,0,1,0
TXN114476,28.89,2,8.22,5.73,0,0.192,0,1,0
TXN114477,45.63,11,12.79,204.43,0,0.458,0,1,0
TXN114478,120.93,12,15.07,81.25,0,0.151,0,1,0
TXN114479,20.13,21,4.37,17.37,0,0.495,0,1,0
TXN114480,68.83,19,1.02,13.32,0,0.439,0,1,0
TXN114481,57.07,23,8.01,309.9,1,0.27,0,1,0
TXN114482,41.13,6,3.16,128.16,2,0.116,0,1,0
TXN114483,71.65,14,1.12,13.44,1,0.304,0,1,0
TXN114484,20.37,8,12.72,121.73,3,0.687,0,0,0
TXN114485,67.27,19,9.79,36.93,3,0.225,0,1,0
TXN114486,32.8,12,2.11,168.49,0,0.187,0,1,0
TXN114487,84.27,12,3.58,124.97,1,0.297,0,1,0
TXN114488,7.08,9,8.85,4.57,0,0.143,1,1,0
TXN114489,137.57470587657383,14,30.45404552897145,30.26,0,0.7550425882282193,0,1,0
TXN114490,59.46,15,10.94,10.85,0,0.122,0,1,0
TXN114491,607.0942297717854,19,19.22158943850052,568.36,0,0.5034643853229231,0,1,0
TXN114492,17.66,0,11.69,121.46,0,0.399,0,1,0
TXN114493,48.06,15,11.23,39.19,0,0.079,0,1,0
TXN114494,31.89,15,7.79,28.3,0,0.128,0,1,0
TXN114495,169.4,5,125.91,6.39,1,0.251,1,0,1
TXN114496,40.37,9,20.67,74.58,0,0.056,0,1,0
TXN114497,93.54,18,6.62,203.17,1,0.051,0,1,0
TXN114498,145.66,0,17.59,101.79,0,0.404,0,1,0
TXN114499,14.51,10,38.97,104.13,0,0.049,0,1,0
TXN114500,11.7,22,2.11,138.29,0,0.028,0,1,0
TXN114501,36.64,12,1.21,10.16,0,0.258,0,1,0
TXN114502,25.13,14,14.6,69.26,0,0.567,0,1,0
TXN114503,51.45,9,13.09,260.55,0,0.454,0,0,0
TXN114504,41.67,14,4.66,97.2,0,0.368,0,1,0
TXN114505,87.66,15,3.82,11.43,2,0.505,0,1,0
TXN114506,70.81,20,2.1,163.39,0,0.29,0,1,0
TXN114507,21.07,10,10.5,95.05,0,0.32,0,1,0
TXN114508,130.04,19,2.02,573.05,0,0.177,0,1,0
TXN114509,80.12,15,4.38,65.04,3,0.098,0,1,0
TXN114510,96.09,4,10.01,29.66,1,0.255,0,1,0
TXN114511,44.41,11,3.48,0.53,0,0.081,0,0,0
TXN114512,186.18,19,10.45,1.57,0,0.25,0,0,0
TXN114513,41.43,17,4.42,22.7,0,0.633,0,1,0
TXN114514,21.54,10,0.91,13.32,0,0.35,0,1,0
TXN114515,85.86,18,30.95,39.48,0,0.387,0,1,0
TXN114516,293.2,16,147.99,0.21,5,0.831,0,0,1
TXN114517,139.36,0,16.06,24.16,0,0.375,0,1,0
TXN114518,29.81,13,12.27,63.94,0,0.433,0,1,0
TXN114519,155.59,4,6.16,25.53,0,0.239,0,1,0
TXN114520,54.69,8,13.18,23.88,0,0.516,0,1,0
TXN114521,23.53,11,3.37,229.59,0,0.142,0,1,0
TXN114522,39.0,14,4.23,8.69,0,0.393,0,1,0
TXN114523,70.17,9,1.14,86.77,0,0.606,0,1,0
TXN114524,40.81,6,7.86,161.46,0,0.394,0,1,0
TXN114525,40.89,16,4.93,79.88,0,0.365,0,1,0
TXN114526,130.95,19,5.48,52.68,2,0.249,0,0,0
TXN114527,87.35,22,3.33,243.6,1,0.17,0,1,0
TXN114528,26.13,0,6.75,191.92,1,0.402,0,1,0
TXN114529,62.76,16,3.12,106.33,0,0.093,0,1,0
TXN114530,80.45,10,3.72,327.5,1,0.082,0,1,0
TXN114531,44.96,11,5.31,157.38,1,0.429,0,0,0
TXN114532,69.0,20,6.46,63.25,0,0.442,0,0,0
TXN114533,32.18,14,8.18,26.15,1,0.092,0,1,0
TXN114534,42.68,8,22.63,43.57,0,0.103,1,1,0
TXN114535,140.63,9,4.45,107.74,0,0.479,0,1,0
TXN114536,44.64,10,13.07,271.55,0,0.386,0,0,0
TXN114537,32.92,10,11.95,63.44,0,0.091,0,1,0
TXN114538,84.54,18,5.36,240.51,0,0.15,0,1,0
TXN114539,88.1,0,25.48,15.18,0,0.048,0,1,0
TXN114540,148.81,13,7.01,11.06,0,0.306,0,1,0
TXN114541,109.92,14,8.72,37.67,0,0.174,0,1,0
TXN114542,46.39,12,14.83,143.32,1,0.137,0,1,0
TXN114543,163.73,10,5.41,157.9,0,0.213,0,1,0
TXN114544,165.12584255478865,4,93.37333418451202,21.23,0,0.538670007553928,0,1,0
TXN114545,6.1,11,15.43,17.03,0,0.622,0,1,0
TXN114546,79.82,8,1.67,51.66,0,0.284,0,0,0
TXN114547,39.37,18,3.79,124.08,0,0.244,0,1,0
TXN114548,30.12,5,11.99,225.94,0,0.451,0,1,0
TXN114549,2.18,20,5.86,48.29,0,0.197,0,1,0
TXN114550,137.56,1,28.71,51.67,1,0.474,0,0,0
TXN114551,158.9925133054941,19,55.498258801262054,167.56,0,0.6751548402289755,1,1,0
TXN114552,41.01,3,0.69,163.69,0,0.35,0,1,0
TXN114553,91.75,13,7.85,106.34,0,0.104,0,0,0
TXN114554,64.13,7,3.16,97.65,0,0.418,0,1,0
TXN114555,17.96,19,7.04,32.81,0,0.129,0,0,0
TXN114556,285.04,17,4.99,191.16,0,0.623,0,1,0
TXN114557,148.59,10,4.07,241.74,0,0.146,0,1,0
TXN114558,93.21,8,15.22,5.71,0,0.195,0,1,0
TXN114559,43.69,8,4.34,382.27,1,0.197,0,1,0
TXN114560,113.84,16,6.39,129.02,1,0.266,0,1,0
TXN114561,113.38,15,1.04,89.0,0,0.309,0,0,0
TXN114562,22.89,14,25.78,125.35,0,0.12,0,1,0
TXN114563,64.36,0,14.26,175.28,1,0.403,0,0,0
TXN114564,61.14,10,3.98,80.71,0,0.396,0,1,0
TXN114565,25.83,2,1.98,18.52,0,0.106,0,1,0
TXN114566,81.13,1,4.36,96.55,0,0.311,0,0,0
TXN114567,72.77,16,0.58,136.03,0,0.527,0,1,0
TXN114568,68.55,11,5.74,420.21,0,0.176,0,0,0
TXN114569,64.37,9,18.25,6.34,0,0.289,0,1,0
TXN114570,110.95,15,1.28,166.54,0,0.335,0,1,0
TXN114571,61.04,9,2.04,179.42,0,0.403,0,0,0
TXN114572,12.0,7,4.64,8.29,1,0.448,0,1,0
TXN114573,25.77,2,3.06,43.74,1,0.133,0,0,0
TXN114574,93.93,16,9.98,43.37,1,0.187,0,0,0
TXN114575,218.82964170159096,18,61.533746027543785,22.18,1,0.7766853113587082,0,1,0
TXN114576,152.25,6,1.99,40.41,0,0.479,0,1,0
TXN114577,80.84,15,3.76,145.67,0,0.378,0,0,0
TXN114578,159.48,11,4.89,262.54,0,0.016,0,1,0
TXN114579,19.96,9,6.44,35.63,0,0.289,0,1,0
TXN114580,29.4,5,0.23,72.01,0,0.528,0,1,0
TXN114581,107.75,18,1.13,247.92,0,0.222,0,1,0
TXN114582,32.76,12,4.9,43.29,0,0.257,0,1,0
TXN114583,34.54,12,9.31,23.4,0,0.409,0,1,0
TXN114584,23.17,8,7.47,117.3,0,0.253,0,1,0
TXN114585,96.72,13,6.67,137.56,1,0.237,0,1,0
TXN114586,62.58,11,11.05,160.45,0,0.486,0,1,0
TXN114587,63.57,15,20.92,47.59,0,0.161,0,1,0
TXN114588,168.76,23,5.09,19.0,1,0.053,0,0,0
TXN114589,239.94,8,11.09,13.37,0,0.248,0,1,0
TXN114590,102.01,17,3.45,47.27,0,0.134,0,1,0
TXN114591,92.38,18,19.29,101.96,0,0.368,0,1,0
TXN114592,69.8,20,0.98,67.19,0,0.517,0,1,0
TXN114593,161.77,5,0.61,113.88,0,0.171,0,1,0
TXN114594,48.05,12,0.09,210.44,0,0.23,0,1,0
TXN114595,7.69,17,5.52,564.65,0,0.282,0,1,0
TXN114596,196.41009090092226,9,32.19768988402592,39.5,0,0.6866482111663007,0,0,0
TXN114597,61.47,15,7.64,14.91,0,0.12,0,1,0
TXN114598,47.33,16,1.61,390.19,0,0.321,0,1,0
TXN114599,134.85,14,1.65,35.74,0,0.314,0,1,0
TXN114600,110.27,15,5.73,106.98,0,0.401,0,0,0
TXN114601,265.49,10,20.24,216.62,1,0.077,0,1,0
TXN114602,53.23,16,6.3,218.01,0,0.647,0,1,0
TXN114603,81.69,14,2.56,107.9,0,0.136,0,1,0
TXN114604,104.94,7,8.27,56.66,0,0.256,0,0,0
TXN114605,48.23,13,4.4,246.16,2,0.135,0,0,0
TXN114606,148.18,18,1.44,8.48,0,0.22,0,0,0
TXN114607,71.51,12,4.54,3.27,0,0.027,0,1,0
TXN114608,180.53,10,9.14,22.52,0,0.14,1,0,0
TXN114609,29.35,16,13.64,95.21,0,0.114,0,1,0
TXN114610,247.27,15,12.47,188.41,0,0.358,1,1,0
TXN114611,76.77,17,3.61,86.38,1,0.118,0,1,0
TXN114612,21.84,3,12.67,331.56,1,0.313,1,1,0
TXN114613,64.89,2,9.44,34.18,0,0.153,0,1,0
TXN114614,22.3,20,1.41,299.34,0,0.273,0,1,0
TXN114615,49.13,2,0.95,155.47,0,0.493,0,1,0
TXN114616,106.8,9,12.71,81.29,0,0.247,1,1,0
TXN114617,63.48,12,11.58,190.9,0,0.103,0,1,0
TXN114618,261.39,9,2.41,224.26,0,0.377,0,1,0
TXN114619,600.71,9,145.48,1.97,4,0.417,0,0,1
TXN114620,71.8,10,6.25,19.74,0,0.069,0,1,0
TXN114621,41.12,19,1.97,70.4,1,0.344,0,1,0
TXN114622,168.24,15,3.03,42.46,0,0.112,0,1,0
TXN114623,11.35,0,5.0,201.21,0,0.432,0,1,0
TXN114624,28.07,8,18.86,32.46,0,0.265,0,1,0
TXN114625,26.63,12,17.94,64.63,0,0.403,0,1,0
TXN114626,27.36,17,4.92,97.64,0,0.325,0,1,0
TXN114627,29.13,9,11.13,328.94,0,0.548,0,1,0
TXN114628,61.26,18,4.06,7.47,1,0.562,0,1,0
TXN114629,76.65,9,12.45,90.8,0,0.185,0,1,0
TXN114630,120.75,6,15.68,157.24,0,0.432,0,0,0
TXN114631,37.61,9,4.46,25.91,0,0.146,0,1,0
TXN114632,67.54,14,1.38,164.06,2,0.463,0,1,0
TXN114633,78.47,16,7.38,93.2,1,0.58,0,0,0
TXN114634,210.64,14,3.22,243.57,0,0.034,0,0,0
TXN114635,58.05,8,7.99,91.19,0,0.184,0,0,0
TXN114636,101.45,20,9.83,145.05,0,0.11,0,1,0
TXN114637,18.2,11,3.5,1.56,0,0.566,0,1,0
TXN114638,40.92,5,0.83,30.0,0,0.132,0,0,0
TXN114639,69.72,8,2.55,42.3,0,0.114,0,1,0
TXN114640,50.1,12,2.69,13.55,0,0.433,0,1,0
TXN114641,40.78,18,3.35,122.61,0,0.115,0,0,0
TXN114642,11.47,9,0.33,104.46,0,0.302,0,1,0
TXN114643,141.34,20,0.86,265.24,0,0.38,0,1,0
TXN114644,149.75,23,0.7,35.3,0,0.143,0,1,0
TXN114645,46.67,20,6.37,134.19,0,0.272,0,1,0
TXN114646,48.37,8,0.72,10.43,0,0.315,0,1,0
TXN114647,7.78,17,5.05,27.12,0,0.318,0,1,0
TXN114648,858.62,2,174.79,3.15,6,0.594,0,0,1
TXN114649,162.52,14,0.31,44.55,0,0.125,0,1,0
TXN114650,626.3416220979908,20,16.21219492314061,99.37,0,0.7092597241403061,0,1,0
TXN114651,172.58,15,8.53,16.72,1,0.367,0,1,0
TXN114652,32.93,6,1.22,54.19,0,0.401,0,1,0
TXN114653,183.38,20,6.81,20.34,0,0.363,0,1,0
TXN114654,77.89,9,10.3,24.79,0,0.465,0,0,0
TXN114655,76.34,11,18.42,85.2,0,0.581,0,0,0
TXN114656,61.28,18,10.1,55.87,0,0.171,0,1,0
TXN114657,61.91,18,5.04,55.45,0,0.224,0,1,0
TXN114658,36.45,18,17.48,5.53,0,0.216,0,1,0
TXN114659,104.1,11,1.31,499.16,0,0.258,1,1,0
TXN114660,114.97,13,1.34,13.91,0,0.486,0,1,0
TXN114661,87.71,8,7.18,12.87,0,0.227,0,1,0
TXN114662,211.88,22,17.8,210.92,2,0.466,0,1,0
TXN114663,39.45,20,1.74,5.05,0,0.355,0,1,0
TXN114664,31.32,14,3.85,31.09,0,0.12,0,1,0
TXN114665,45.54,3,7.04,9.2,0,0.143,0,1,0
TXN114666,14.96,18,4.09,37.93,0,0.45,0,0,0
TXN114667,208.7,14,11.48,168.26,0,0.255,0,0,0
TXN114668,81.82,9,2.46,14.1,1,0.055,0,0,0
TXN114669,75.71,14,18.76,2.14,1,0.435,0,1,0
TXN114670,50.11,20,3.38,503.24,0,0.299,0,1,0
TXN114671,56.4,15,3.19,69.82,0,0.384,0,1,0
TXN114672,110.28,15,10.51,37.96,1,0.139,0,1,0
TXN114673,38.47,14,4.99,185.18,0,0.265,0,1,0
TXN114674,78.39,15,6.9,20.12,0,0.11,0,1,0
TXN114675,45.92,2,22.86,36.41,0,0.314,0,0,0
TXN114676,26.38,20,17.36,24.13,0,0.169,0,1,0
TXN114677,55.01,17,1.99,7.72,1,0.626,0,1,0
TXN114678,220.2542402514663,11,23.069124252371985,14.15,0,0.5953057091054667,0,1,0
TXN114679,197.65,9,6.58,354.93,1,0.219,0,0,0
TXN114680,10.14,18,5.64,41.2,1,0.238,0,1,0
TXN114681,1023.82,22,254.03,2.75,4,0.803,0,0,1
TXN114682,42.28,14,3.45,243.16,0,0.455,0,1,0
TXN114683,37.76,15,14.31,201.72,0,0.105,0,1,0
TXN114684,80.31,18,4.29,85.39,1,0.22,0,1,0
TXN114685,137.95,8,17.23,247.35,0,0.114,0,1,0
TXN114686,62.81,2,4.74,61.43,0,0.41,1,1,0
TXN114687,16.97,8,2.98,13.04,0,0.196,0,0,0
TXN114688,253.8,17,6.71,47.58,1,0.386,0,0,0
TXN114689,30.04,0,3.83,64.14,0,0.222,0,0,0
TXN114690,78.86,2,5.2,5.65,0,0.43,0,0,0
TXN114691,238.08,16,10.15,433.66,1,0.251,0,0,0
TXN114692,31.14,20,8.98,33.79,0,0.45,0,1,0
TXN114693,70.79,13,6.62,84.65,0,0.352,0,1,0
TXN114694,101.85,16,1.93,42.6,0,0.256,0,1,0
TXN114695,121.91,18,16.56,10.2,1,0.25,0,1,0
TXN114696,70.25,21,6.73,64.17,0,0.379,0,1,0
TXN114697,22.57,4,3.05,255.1,0,0.024,0,1,0
TXN114698,12.07,16,4.93,46.61,0,0.098,0,1,0
TXN114699,81.3,14,9.15,311.12,0,0.653,0,1,0
TXN114700,226.69,18,0.09,429.22,0,0.177,0,1,0
TXN114701,254.76,15,3.48,137.96,0,0.52,0,1,0
TXN114702,0.73,15,6.77,140.79,1,0.377,0,0,0
TXN114703,12.79,12,12.0,28.67,0,0.148,0,1,0
TXN114704,115.49,12,8.25,240.01,0,0.461,1,1,0
TXN114705,164.41,4,4.16,73.68,0,0.364,1,1,0
TXN114706,47.94,16,4.62,19.54,0,0.469,0,1,0
TXN114707,88.55,16,16.99,5.32,0,0.14,0,1,0
TXN114708,100.9,3,0.23,54.23,0,0.276,0,1,0
TXN114709,29.94,11,0.09,43.74,0,0.177,1,1,0
TXN114710,80.68,9,9.69,215.25,0,0.183,1,1,0
TXN114711,119.8,17,2.2,213.06,0,0.111,0,1,0
TXN114712,69.35,19,0.48,12.94,0,0.362,0,1,0
TXN114713,39.07,8,13.01,84.68,0,0.339,0,1,0
TXN114714,69.97,15,0.38,0.31,1,0.131,0,1,0
TXN114715,55.04,10,22.75,243.34,0,0.111,0,1,0
TXN114716,38.86,1,3.33,28.78,0,0.189,0,0,0
TXN114717,31.6,9,3.53,324.02,2,0.027,1,1,0
TXN114718,103.08,18,10.21,44.19,0,0.266,0,1,0
TXN114719,389.88,0,170.11,6.13,2,0.932,1,0,1
TXN114720,133.29,19,240.8,0.67,4,0.777,1,1,1
TXN114721,66.48,10,1.3,211.69,1,0.575,0,1,0
TXN114722,40.65,16,4.11,56.54,0,0.104,0,1,0
TXN114723,29.53,14,1.18,119.97,0,0.385,0,0,0
TXN114724,81.34,16,2.45,23.37,0,0.239,0,1,0
TXN114725,156.33,18,13.97,210.8,0,0.327,0,0,0
TXN114726,144.34,11,9.74,86.91,0,0.192,0,1,0
TXN114727,14.64,18,14.26,51.33,0,0.545,0,1,0
TXN114728,131.26,18,3.59,157.27,1,0.182,0,1,0
TXN114729,29.66,7,0.68,145.75,0,0.105,0,1,0
TXN114730,62.59,9,9.35,38.83,0,0.217,0,1,0
TXN114731,36.85,19,2.49,153.61,1,0.147,0,1,0
TXN114732,54.35,17,1.29,14.59,1,0.074,0,1,0
TXN114733,40.84,16,7.26,201.6,0,0.033,0,1,0
TXN114734,97.45,12,11.33,258.67,0,0.514,0,0,0
TXN114735,121.12,20,16.44,105.2,0,0.232,0,0,0
TXN114736,104.14,21,14.0,20.28,0,0.187,0,1,0
TXN114737,143.25,17,0.59,109.88,0,0.591,0,1,0
TXN114738,63.67,8,4.48,53.57,1,0.11,0,0,0
TXN114739,64.33,16,7.35,18.05,0,0.196,0,0,0
TXN114740,446.6131196345325,18,97.77558568757061,380.88,0,0.7526330872932601,1,1,0
TXN114741,171.11,22,8.24,410.27,1,0.136,0,1,0
TXN114742,56.84875051954701,13,27.362659787795067,58.18,0,0.7805871135272859,0,0,0
TXN114743,62.02,0,7.02,197.93,0,0.421,0,1,0
TXN114744,16.47,19,4.94,427.11,0,0.15,0,0,0
TXN114745,181.25,17,17.3,77.68,1,0.214,0,0,0
TXN114746,50.72,19,0.6,134.9,0,0.37,0,1,0
TXN114747,64.68,4,0.49,43.0,0,0.274,0,0,0
TXN114748,29.36,11,14.31,37.59,1,0.217,0,0,0
TXN114749,341.09,20,5.15,247.48,1,0.244,0,1,0
TXN114750,6.1,11,2.83,65.28,2,0.489,0,0,0
TXN114751,129.33,11,3.61,23.84,1,0.202,0,1,0
TXN114752,60.68,11,0.53,31.39,1,0.227,1,1,0
TXN114753,88.39,14,3.97,82.59,0,0.614,0,0,0
TXN114754,41.18,15,6.77,8.74,1,0.239,0,1,0
TXN114755,116.87,19,5.23,28.84,0,0.155,0,0,0
TXN114756,145.63,16,9.72,39.26,0,0.038,0,1,0
TXN114757,75.61,17,4.89,95.37,0,0.378,0,1,0
TXN114758,25.59,11,11.89,20.36,0,0.185,0,1,0
TXN114759,70.75,13,5.72,111.51,0,0.14,0,0,0
TXN114760,43.27,19,10.17,637.46,1,0.241,0,1,0
TXN114761,129.65,18,10.94,122.76,2,0.106,0,1,0
TXN114762,69.07,20,4.54,211.32,1,0.162,0,1,0
TXN114763,57.35,16,7.39,261.81,0,0.213,0,1,0
TXN114764,30.8,14,0.73,9.13,1,0.509,0,1,0
TXN114765,105.23,10,1.22,146.15,0,0.269,0,0,0
TXN114766,15.36,12,1.21,52.42,1,0.205,0,0,0
TXN114767,45.32,15,18.15,37.32,0,0.167,0,1,0
TXN114768,64.91,17,3.25,69.33,0,0.374,0,1,0
TXN114769,86.15,11,1.79,239.09,0,0.399,0,1,0
TXN114770,13.52,8,13.58,119.44,1,0.441,0,1,0
TXN114771,82.09,15,21.86,129.67,0,0.399,0,0,0
TXN114772,99.75940748115237,10,77.51141608517703,22.05,1,0.637323489913242,0,1,0
TXN114773,33.94,18,0.14,124.52,1,0.4,0,1,0
TXN114774,87.12,17,1.16,245.67,1,0.369,0,1,0
TXN114775,4.91,20,5.54,179.94,0,0.09,0,1,0
TXN114776,162.23,10,2.89,25.35,0,0.04,0,1,0
TXN114777,25.52,23,11.92,63.21,0,0.121,0,1,0
TXN114778,56.29,14,3.98,229.3,0,0.086,0,1,0
TXN114779,32.12,8,1.5,194.78,0,0.327,0,1,0
TXN114780,58.66,11,3.67,97.48,0,0.229,0,1,0
TXN114781,304.22,4,265.11,7.3,5,0.982,0,0,1
TXN114782,13.61,10,3.95,255.03,0,0.16,0,1,0
TXN114783,100.85,14,1.18,55.05,1,0.165,0,1,0
TXN114784,89.43,8,4.56,148.76,0,0.23,0,0,0
TXN114785,25.8,4,9.87,167.87,0,0.573,0,1,0
TXN114786,79.97,17,8.91,102.68,1,0.035,1,1,0
TXN114787,69.46,12,16.88,295.69,0,0.269,0,1,0
TXN114788,97.23,20,8.24,264.15,1,0.119,0,0,0
TXN114789,151.06830374206845,15,42.62636434427224,417.24,1,0.6308767664047606,1,1,0
TXN114790,42.92,16,6.91,168.18,1,0.21,0,1,0
TXN114791,89.85,16,4.1,0.81,0,0.236,0,0,0
TXN114792,38.53,1,7.38,80.47,1,0.346,0,0,0
TXN114793,119.53,8,4.28,230.43,0,0.291,0,0,0
TXN114794,14.47,20,21.94,55.3,0,0.417,0,1,0
TXN114795,103.49,3,5.65,184.37,1,0.216,0,1,0
TXN114796,42.07,17,16.8,265.88,0,0.126,0,1,0
TXN114797,152.54,17,4.09,67.87,1,0.413,0,0,0
TXN114798,6.7,18,10.61,66.59,0,0.365,0,0,0
TXN114799,17.14,17,14.09,27.26,0,0.118,0,1,0
TXN114800,325.25,15,4.45,148.49,0,0.212,1,1,0
TXN114801,72.92,15,6.26,50.89,0,0.216,0,1,0
TXN114802,60.77,18,6.88,143.67,1,0.088,0,1,0
TXN114803,73.42,10,22.16,7.88,0,0.176,0,1,0
TXN114804,103.37,3,32.25,97.15,0,0.274,0,1,0
TXN114805,14.15,4,1.21,123.86,0,0.088,0,1,0
TXN114806,92.88,20,24.64,68.16,0,0.451,0,1,0
TXN114807,254.76,18,3.44,99.97,0,0.276,0,0,0
TXN114808,9.28,21,7.16,128.19,1,0.203,0,1,0
TXN114809,32.69,20,1.99,80.9,0,0.368,0,1,0
TXN114810,43.41,6,2.88,368.7,0,0.334,0,1,0
TXN114811,30.03,15,1.58,557.6,0,0.504,0,1,0
TXN114812,104.04,10,1.58,73.67,1,0.24,0,1,0
TXN114813,122.02,13,12.33,9.87,0,0.098,0,1,0
TXN114814,90.11,20,8.69,11.51,0,0.077,0,1,0
TXN114815,40.389570830797254,17,97.65608449908207,70.94,0,0.5950459875307678,0,1,0
TXN114816,64.2,12,5.66,7.29,0,0.557,0,1,0
TXN114817,54.39,11,12.85,118.7,0,0.373,0,1,0
TXN114818,382.58,23,109.54,2.21,3,0.593,1,0,1
TXN114819,125.17,17,3.64,322.95,1,0.174,0,0,0
TXN114820,85.68,12,9.48,794.93,0,0.488,0,1,0
TXN114821,85.28,11,4.46,86.51,0,0.106,0,1,0
TXN114822,62.79,2,4.04,37.63,0,0.533,0,1,0
TXN114823,51.3,17,1.05,240.79,0,0.176,0,0,0
TXN114824,16.93,13,3.11,8.26,0,0.39,0,1,0
TXN114825,89.35,14,2.12,338.33,0,0.519,0,0,0
TXN114826,7.59,9,11.27,99.1,0,0.083,0,1,0
TXN114827,179.18,15,8.24,136.17,0,0.481,0,1,0
TXN114828,137.5,12,16.62,61.08,0,0.196,0,1,0
TXN114829,110.86,9,8.3,101.39,0,0.204,0,1,0
TXN114830,11.83,17,2.99,71.6,0,0.319,0,1,0
TXN114831,112.01,12,9.98,31.51,0,0.365,0,1,0
TXN114832,227.32,8,2.61,178.24,0,0.163,0,0,0
TXN114833,103.16,6,6.66,21.58,0,0.334,0,1,0
TXN114834,50.02,18,5.0,14.32,0,0.062,0,1,0
TXN114835,124.07292998234102,12,196.7190215174465,15.93,0,0.6127709834255168,0,1,0
TXN114836,45.99,20,12.29,41.46,1,0.158,0,1,0
TXN114837,47.16,14,1.82,17.79,1,0.493,0,0,0
TXN114838,62.27,0,4.47,49.79,0,0.452,0,1,0
TXN114839,61.61,14,2.98,136.38,0,0.349,0,1,0
TXN114840,122.88,23,12.96,61.62,1,0.017,0,1,0
TXN114841,61.71,19,5.22,28.05,1,0.445,0,0,0
TXN114842,42.01,18,17.9,163.41,0,0.267,0,1,0
TXN114843,21.5,20,4.95,370.22,0,0.03,0,1,0
TXN114844,83.04,10,4.84,26.54,0,0.573,0,1,0
TXN114845,79.18,4,9.16,184.56,0,0.12,0,1,0
TXN114846,65.26,9,3.64,16.16,0,0.319,0,1,0
TXN114847,79.34,15,8.81,7.79,1,0.222,0,1,0
TXN114848,59.0,14,0.51,118.61,0,0.21,0,1,0
TXN114849,100.06,2,1.7,4.14,1,0.211,0,1,0
TXN114850,125.37,18,17.56,178.74,0,0.232,0,1,0
TXN114851,52.68,14,5.78,136.83,0,0.049,0,1,0
TXN114852,221.72,4,5.7,243.99,0,0.354,0,1,0
TXN114853,57.93,4,14.38,468.36,0,0.304,0,1,0
TXN114854,52.41,19,1.25,19.5,0,0.377,0,1,0
TXN114855,126.94,6,0.44,160.16,0,0.086,0,0,0
TXN114856,99.9,9,7.11,9.85,0,0.09,0,1,0
TXN114857,127.67,16,3.83,185.23,0,0.287,0,1,0
TXN114858,47.53,9,10.61,83.97,0,0.267,0,0,0
TXN114859,46.55,16,11.98,131.05,0,0.7,0,1,0
TXN114860,17.56,11,3.76,301.51,0,0.207,0,1,0
TXN114861,79.9,18,2.06,76.87,1,0.225,0,1,0
TXN114862,91.54,13,8.8,71.28,0,0.255,0,1,0
TXN114863,213.71,1,10.18,0.37,0,0.759,0,1,0
TXN114864,19.59,2,18.37,52.08,0,0.347,0,1,0
TXN114865,84.77,11,13.79,57.16,1,0.153,0,1,0
TXN114866,29.69,8,1.75,26.43,0,0.171,0,1,0
TXN114867,82.74,0,6.64,315.93,0,0.224,0,1,0
TXN114868,26.06,10,11.25,64.2,1,0.601,0,1,0
TXN114869,151.92,21,16.46,90.15,0,0.01,0,1,0
TXN114870,51.06,19,2.09,50.22,0,0.055,0,1,0
TXN114871,94.56,18,1.59,290.47,1,0.381,0,1,0
TXN114872,23.3,10,2.96,17.46,0,0.028,0,1,0
TXN114873,162.46045150648962,0,35.67841973815021,260.58,1,0.7461174894671283,0,1,0
TXN114874,87.49,14,4.52,340.75,1,0.554,0,1,0
TXN114875,104.83,10,6.99,65.2,0,0.421,0,1,0
TXN114876,185.07,15,5.63,49.86,0,0.228,0,1,0
TXN114877,40.24,8,12.7,197.94,0,0.405,0,0,0
TXN114878,74.87,16,14.51,276.31,0,0.27,0,0,0
TXN114879,119.52,12,1.28,145.51,0,0.409,0,1,0
TXN114880,196.75,12,17.63,37.55,0,0.206,0,1,0
TXN114881,127.0,17,6.52,207.81,0,0.287,0,1,0
TXN114882,1.64,17,11.0,55.39,1,0.137,0,1,0
TXN114883,56.85,13,2.22,318.97,1,0.485,0,1,0
TXN114884,83.3,1,10.66,10.61,0,0.245,0,1,0
TXN114885,43.4,20,1.51,47.77,0,0.528,0,1,0
TXN114886,49.14,11,6.2,110.83,1,0.195,0,1,0
TXN114887,107.67,8,9.98,187.11,0,0.084,0,1,0
TXN114888,12.67,2,4.66,146.38,0,0.202,0,1,0
TXN114889,145.78,19,7.25,151.67,0,0.022,0,1,0
TXN114890,21.37,8,14.0,402.38,0,0.391,0,1,0
TXN114891,120.77,14,8.65,21.35,0,0.208,0,1,0
TXN114892,170.87992872818978,18,69.5979969830207,13.98,0,0.6892539414156542,0,0,0
TXN114893,291.16,21,320.79,5.32,3,0.53,0,0,1
TXN114894,86.22,20,1.74,18.66,0,0.046,0,1,0
TXN114895,206.81,9,2.96,51.67,0,0.217,0,0,0
TXN114896,54.19,15,8.01,382.92,0,0.089,0,1,0
TXN114897,49.43,17,10.85,88.15,0,0.155,0,1,0
TXN114898,96.56,17,15.31,54.56,0,0.533,0,1,0
TXN114899,140.21095054154006,12,51.54524493435724,29.37,0,0.5265162436204784,0,0,0
TXN114900,122.93,8,2.59,34.3,0,0.211,0,0,0
TXN114901,961.91,20,566.65,0.07,7,0.665,0,1,1
TXN114902,25.8,21,3.96,55.19,2,0.115,0,1,0
TXN114903,102.62,11,7.08,148.93,0,0.068,0,0,0
TXN114904,139.07,11,6.52,115.8,0,0.304,0,1,0
TXN114905,33.49,15,2.51,113.3,1,0.468,0,1,0
TXN114906,53.19,3,8.02,13.1,1,0.304,0,1,0
TXN114907,42.67,18,8.58,262.44,1,0.462,0,1,0
TXN114908,20.5,11,5.5,7.9,1,0.066,0,1,0
TXN114909,103.19,17,6.39,57.17,0,0.456,0,1,0
TXN114910,53.27,16,11.91,196.11,0,0.091,0,0,0
TXN114911,204.31,22,13.14,5.75,0,0.304,0,1,0
TXN114912,247.88702093806376,10,135.18449784900434,35.36,0,0.5558060470894158,0,1,0
TXN114913,108.03,15,15.94,207.37,0,0.296,0,1,0
TXN114914,51.85,17,1.49,277.68,2,0.409,0,1,0
TXN114915,115.12,9,11.15,11.11,0,0.676,0,0,0
TXN114916,161.69,9,6.54,38.75,0,0.151,0,0,0
TXN114917,66.06,16,2.92,411.84,2,0.313,0,0,0
TXN114918,35.7,20,12.56,133.94,0,0.069,1,1,0
TXN114919,88.98,16,22.82,130.92,1,0.377,0,1,0
TXN114920,113.45503901679234,18,93.28534162061084,44.61,0,0.7980323882303306,0,0,0
TXN114921,54.58,5,0.63,216.83,0,0.281,0,1,0
TXN114922,527.5,2,344.85,2.36,8,0.896,1,0,1
TXN114923,76.45,22,6.98,35.73,0,0.222,0,1,0
TXN114924,51.88,23,3.61,480.03,0,0.616,0,0,0
TXN114925,41.82,2,1.24,97.29,0,0.519,0,1,0
TXN114926,204.31,17,18.59,41.59,1,0.354,1,0,0
TXN114927,53.03,17,9.54,277.2,0,0.155,0,1,0
TXN114928,163.63,7,127.52,4.06,5,0.52,0,0,1
TXN114929,9.95,12,19.52,116.07,0,0.17,0,1,0
TXN114930,97.72,13,8.63,25.41,0,0.482,0,0,0
TXN114931,80.6,20,1.95,72.07,0,0.259,0,1,0
TXN114932,47.01,19,10.26,198.53,0,0.236,0,1,0
TXN114933,100.36,8,7.79,264.51,1,0.467,0,1,0
TXN114934,63.2,15,2.58,123.03,1,0.361,0,1,0
TXN114935,7.79,15,8.64,62.53,0,0.256,0,1,0
TXN114936,160.68,8,1.94,157.2,0,0.233,0,1,0
TXN114937,40.59,10,23.53,21.29,1,0.526,0,1,0
TXN114938,4.6,22,10.6,94.99,1,0.134,0,1,0
TXN114939,10.96,8,0.94,19.76,0,0.596,0,1,0
TXN114940,25.37,12,0.89,91.5,0,0.097,0,1,0
TXN114941,49.46,5,15.76,98.92,0,0.305,0,1,0
TXN114942,75.12,19,4.83,26.22,0,0.05,0,1,0
TXN114943,63.78,17,3.87,0.24,0,0.204,0,1,0
TXN114944,29.54,9,1.52,45.91,1,0.364,0,0,0
TXN114945,77.8,4,3.88,163.09,0,0.252,0,1,0
TXN114946,42.89,18,4.84,39.08,0,0.298,0,0,0
TXN114947,126.94,17,14.44,3.2,0,0.174,0,1,0
TXN114948,153.92,19,4.96,197.97,0,0.607,0,1,0
TXN114949,196.39,11,8.78,526.86,1,0.285,0,0,0
TXN114950,113.62,16,2.75,206.36,0,0.035,0,1,0
TXN114951,234.88,9,2.0,47.05,0,0.112,0,1,0
TXN114952,91.73,13,10.63,10.41,0,0.123,0,1,0
TXN114953,178.2,9,2.68,4.65,1,0.351,0,1,0
TXN114954,107.02,12,5.3,32.19,0,0.235,0,1,0
TXN114955,69.66,14,4.59,44.51,0,0.687,0,1,0
TXN114956,10.42,16,4.78,29.93,0,0.038,0,0,0
TXN114957,99.19,3,3.37,61.88,0,0.067,0,1,0
TXN114958,17.78,11,20.7,100.85,0,0.278,0,1,0
TXN114959,39.29,14,2.47,198.07,0,0.31,0,0,0
TXN114960,316.93586299316536,22,72.93308532096007,108.61,0,0.5811515380799853,0,0,0
TXN114961,129.79,17,7.57,5.08,1,0.404,0,1,0
TXN114962,21.71,16,5.39,2.09,0,0.139,0,1,0
TXN114963,88.94,19,5.32,118.75,1,0.548,0,1,0
TXN114964,108.7,17,16.44,299.82,1,0.149,0,1,0
TXN114965,157.06,19,23.19,22.26,0,0.011,0,1,0
TXN114966,145.38,8,5.9,35.64,0,0.316,0,1,0
TXN114967,85.92,9,10.28,74.2,1,0.126,0,1,0
TXN114968,36.26,10,4.56,64.34,1,0.467,0,1,0
TXN114969,116.58,7,6.77,428.84,0,0.163,0,1,0
TXN114970,142.79,15,3.44,102.39,0,0.046,0,0,0
TXN114971,15.72,11,6.36,100.83,1,0.217,0,0,0
TXN114972,101.75,17,1.0,83.84,0,0.315,0,1,0
TXN114973,158.78,11,3.56,53.77,0,0.241,0,1,0
TXN114974,88.89,4,13.03,6.68,0,0.294,0,1,0
TXN114975,134.36,16,9.89,82.94,0,0.223,0,1,0
TXN114976,108.73,12,17.6,90.45,0,0.141,0,0,0
TXN114977,68.69,19,3.47,18.86,1,0.367,0,1,0
TXN114978,78.68,20,4.25,92.26,0,0.296,0,1,0
TXN114979,20.79,9,10.74,52.03,0,0.333,0,1,0
TXN114980,111.18,8,13.99,134.97,1,0.269,0,1,0
TXN114981,124.78,16,18.6,20.23,0,0.042,0,1,0
TXN114982,14.13,16,2.2,56.85,1,0.088,0,0,0
TXN114983,88.59,11,0.83,188.98,0,0.22,0,0,0
TXN114984,93.29,14,1.86,14.39,0,0.35,0,0,0
TXN114985,37.31,14,1.79,32.32,0,0.63,1,1,0
TXN114986,281.7419862373172,3,15.306896122476703,116.48,0,0.5200579572648222,0,1,0
TXN114987,209.19,15,6.32,124.82,0,0.398,0,1,0
TXN114988,144.54,15,33.96,267.84,0,0.114,0,1,0
TXN114989,140.32,9,12.56,79.99,0,0.199,0,1,0
TXN114990,69.36,4,12.2,75.63,0,0.073,0,0,0
TXN114991,149.38,19,7.36,295.97,0,0.361,0,1,0
TXN114992,43.5,4,6.66,158.76,0,0.315,0,1,0
TXN114993,89.99,22,4.45,190.96,0,0.597,0,1,0
TXN114994,6.76,10,4.7,260.56,0,0.139,0,1,0
TXN114995,164.8,18,8.43,107.49,1,0.244,0,1,0
TXN114996,112.85,17,4.4,104.77,0,0.305,0,1,0
TXN114997,41.45,17,7.53,191.56,0,0.224,0,1,0
TXN114998,168.49,3,5.52,61.68,1,0.142,0,1,0
TXN114999,190.28,10,3.14,30.21,1,0.256,0,1,0
TXN115000,50.15,19,1.77,28.56,0,0.211,0,1,0
TXN115001,60.81,8,4.85,145.2,0,0.353,0,1,0
TXN115002,64.82,17,6.25,48.08,1,0.339,0,1,0
TXN115003,9.81,10,1.72,30.97,0,0.262,0,1,0
TXN115004,96.08,15,24.84,37.86,0,0.174,0,0,0
TXN115005,52.4,2,1.05,58.42,0,0.129,0,1,0
TXN115006,58.52,18,7.0,260.2,1,0.409,0,1,0
TXN115007,58.25,19,4.6,62.38,0,0.233,0,0,0
TXN115008,110.43,18,4.39,87.54,0,0.161,0,1,0
TXN115009,37.55,3,8.22,39.82,1,0.302,0,1,0
TXN115010,122.16,15,4.85,10.02,1,0.214,1,1,0
TXN115011,60.87,13,6.63,153.75,1,0.405,0,1,0
TXN115012,191.77,20,4.9,438.78,0,0.373,0,0,0
TXN115013,14.46,12,8.33,39.95,0,0.247,0,1,0
TXN115014,13.99,9,7.59,5.67,0,0.25,0,1,0
TXN115015,62.09,1,18.37,7.29,0,0.431,0,1,0
TXN115016,366.78,13,129.63,5.69,4,0.362,0,0,1
TXN115017,107.27,12,0.57,24.89,0,0.09,0,1,0
TXN115018,202.5,18,8.89,147.8,0,0.282,0,0,0
TXN115019,111.09,0,3.84,15.98,0,0.134,0,1,0
TXN115020,67.2,19,4.48,144.8,0,0.086,0,0,0
TXN115021,2.07,17,3.23,0.83,0,0.306,0,1,0
TXN115022,28.74,18,1.86,51.83,0,0.277,0,0,0
TXN115023,136.83,9,7.01,80.45,0,0.301,0,1,0
TXN115024,49.42,14,10.48,222.66,0,0.098,0,1,0
TXN115025,165.84,8,12.75,56.97,0,0.726,0,0,0
TXN115026,122.51,19,8.76,91.89,0,0.365,1,1,0
TXN115027,13.78,11,10.39,25.08,0,0.532,0,1,0
TXN115028,33.33,13,6.73,120.37,0,0.767,0,1,0
TXN115029,114.27,19,15.99,295.4,0,0.156,0,1,0
TXN115030,192.38,21,6.1,1.1,0,0.277,1,1,0
TXN115031,77.16,20,1.53,25.28,1,0.196,0,1,0
TXN115032,23.64,5,11.91,39.38,0,0.064,0,1,0
TXN115033,112.35,16,20.32,116.17,0,0.261,0,1,0
TXN115034,27.87,13,9.87,214.17,0,0.26,0,1,0
TXN115035,169.28,18,2.71,31.73,1,0.387,0,1,0
TXN115036,23.91,15,13.11,20.17,0,0.314,0,1,0
TXN115037,72.38,17,2.38,292.81,1,0.171,0,1,0
TXN115038,41.05,8,4.34,226.86,0,0.256,1,0,0
TXN115039,99.4,12,0.33,82.25,1,0.295,0,1,0
TXN115040,9.56,13,7.68,72.93,0,0.134,0,1,0
TXN115041,45.22,15,13.45,21.7,1,0.328,0,1,0
TXN115042,21.27,8,0.79,117.52,0,0.371,0,1,0
TXN115043,134.82,16,7.33,181.91,0,0.095,0,1,0
TXN115044,96.69,5,7.0,11.99,0,0.176,0,1,0
TXN115045,234.62,12,4.91,479.76,0,0.108,1,1,0
TXN115046,27.34,1,9.25,58.77,0,0.399,0,1,0
TXN115047,13.52,8,11.38,6.0,1,0.168,0,0,0
TXN115048,40.46,9,10.13,75.33,0,0.069,0,1,0
TXN115049,170.75,21,0.42,114.35,1,0.454,0,0,0
TXN115050,131.05,19,9.22,7.52,0,0.196,0,0,0
TXN115051,26.52,15,0.65,21.33,0,0.438,0,0,0
TXN115052,85.97,12,1.82,68.35,0,0.108,0,1,0
TXN115053,71.14,9,3.76,226.79,0,0.369,0,1,0
TXN115054,114.57,12,11.68,215.76,1,0.136,0,1,0
TXN115055,140.29,13,22.29,97.37,0,0.09,0,1,0
TXN115056,120.62,18,5.86,55.42,0,0.34,0,1,0
TXN115057,24.45,11,4.78,110.34,1,0.252,0,1,0
TXN115058,35.32,20,15.16,49.95,0,0.426,0,0,0
TXN115059,27.36,20,9.89,39.55,0,0.373,0,1,0
TXN115060,74.84,17,1.42,95.49,1,0.266,0,1,0
TXN115061,200.65,11,14.18,127.95,0,0.104,0,0,0
TXN115062,16.88,19,10.22,14.5,0,0.57,0,1,0
TXN115063,48.09,12,9.93,86.32,1,0.115,0,1,0
TXN115064,40.77,14,7.14,46.86,0,0.15,0,0,0
TXN115065,38.29546222361114,22,21.289575907710265,121.73,0,0.5057607135717579,1,1,0
TXN115066,46.09,3,11.45,144.29,2,0.207,0,1,0
TXN115067,12.75,13,3.99,102.72,0,0.091,0,1,0
TXN115068,41.84,17,2.0,87.46,0,0.525,0,1,0
TXN115069,49.03,16,3.67,10.66,0,0.257,0,0,0
TXN115070,79.65,16,18.38,26.85,0,0.433,0,1,0
TXN115071,43.31,6,2.97,250.2,0,0.267,0,1,0
TXN115072,149.86,16,5.19,67.11,0,0.26,0,1,0
TXN115073,64.68,9,10.92,43.03,1,0.388,0,1,0
TXN115074,81.08,13,7.66,59.94,0,0.308,1,1,0
TXN115075,173.52,7,4.3,88.8,0,0.199,0,1,0
TXN115076,40.08,6,11.95,7.9,0,0.472,0,1,0
TXN115077,82.46,8,7.66,4.84,1,0.113,0,1,0
TXN115078,84.27,14,7.05,152.77,1,0.403,0,1,0
TXN115079,50.57,0,16.3,68.74,0,0.409,0,1,0
TXN115080,264.92,9,6.96,50.54,0,0.272,0,1,0
TXN115081,171.24,8,4.08,311.27,0,0.104,0,0,0
TXN115082,123.12,19,8.42,92.58,0,0.152,0,0,0
TXN115083,174.36,20,0.63,10.59,0,0.279,0,1,0
TXN115084,33.86,18,10.98,46.8,1,0.571,0,1,0
TXN115085,48.81,6,2.54,16.54,0,0.168,0,0,0
TXN115086,91.17,8,9.73,4.04,1,0.132,0,1,0
TXN115087,12.67,18,1.07,514.29,0,0.457,0,0,0
TXN115088,15.08,13,5.64,20.15,0,0.52,0,1,0
TXN115089,162.86,19,11.56,185.23,1,0.362,0,1,0
TXN115090,24.44,3,3.25,51.05,0,0.185,0,0,0
TXN115091,128.48,19,13.46,50.42,0,0.089,0,1,0
TXN115092,12.19,20,1.39,182.92,0,0.043,0,1,0
TXN115093,91.2,1,2.0,87.84,1,0.441,0,0,0
TXN115094,90.45,13,6.28,37.6,0,0.429,1,0,0
TXN115095,99.39,14,15.71,35.89,0,0.075,0,1,0
TXN115096,46.85,14,3.93,124.25,0,0.119,1,1,0
TXN115097,47.24,2,11.06,68.76,1,0.284,0,1,0
TXN115098,79.49,1,7.07,72.93,1,0.231,0,0,0
TXN115099,38.2,13,0.34,133.82,0,0.511,0,1,0
TXN115100,86.09,20,4.85,21.35,0,0.328,0,1,0
TXN115101,522.97,15,301.84,3.22,1,0.714,0,0,1
TXN115102,83.32,16,11.53,132.51,1,0.337,0,0,0
TXN115103,154.26,9,31.29,72.28,0,0.599,0,1,0
TXN115104,106.89,12,7.76,20.23,0,0.293,0,1,0
TXN115105,13.19,18,9.94,320.67,0,0.352,0,1,0
TXN115106,39.37,3,8.3,33.1,1,0.147,0,1,0
TXN115107,180.82,17,25.89,350.4,0,0.651,0,1,0
TXN115108,222.3,18,11.68,74.02,1,0.331,0,1,0
TXN115109,168.0,13,3.55,65.67,0,0.135,0,1,0
TXN115110,47.2,12,18.95,3.04,1,0.342,0,1,0
TXN115111,139.35,1,5.89,261.8,2,0.256,0,1,0
TXN115112,61.98,12,5.46,62.5,0,0.242,0,1,0
TXN115113,65.35,8,2.5,21.0,0,0.1,0,1,0
TXN115114,94.64,13,4.83,20.15,1,0.034,0,1,0
TXN115115,29.89,20,0.62,485.18,0,0.569,0,0,0
TXN115116,31.62,20,11.32,488.76,0,0.137,1,1,0
TXN115117,21.34,15,1.03,214.91,0,0.172,0,1,0
TXN115118,69.36,3,4.19,173.03,1,0.432,0,1,0
TXN115119,37.09,17,1.93,633.61,1,0.651,0,1,0
TXN115120,69.17,19,12.06,164.79,0,0.104,0,1,0
TXN115121,76.27,23,12.63,11.7,0,0.416,0,1,0
TXN115122,60.0,11,10.22,79.11,0,0.114,0,0,0
TXN115123,133.87,2,11.05,119.32,0,0.099,0,1,0
TXN115124,110.05,17,7.25,93.71,2,0.546,0,1,0
TXN115125,176.01,8,1.61,51.52,0,0.336,0,0,0
TXN115126,89.22,1,1.48,85.76,0,0.074,0,1,0
TXN115127,22.78,0,18.14,114.46,0,0.066,0,1,0
TXN115128,31.99,21,3.19,12.22,0,0.769,0,1,0
TXN115129,174.9,14,16.02,39.41,0,0.392,1,1,0
TXN115130,56.7,23,10.88,20.27,1,0.31,0,1,0
TXN115131,60.6,1,2.97,18.05,0,0.431,0,0,0
TXN115132,73.19,11,12.56,23.29,0,0.455,0,1,0
TXN115133,53.08,23,9.08,164.36,0,0.355,0,1,0
TXN115134,19.17,16,1.57,10.95,0,0.266,0,1,0
TXN115135,102.41,9,17.14,34.82,0,0.25,0,0,0
TXN115136,95.27,16,7.87,89.98,0,0.291,0,1,0
TXN115137,298.63,13,2.36,90.66,0,0.144,0,1,0
TXN115138,58.08,18,6.04,48.2,0,0.148,0,1,0
TXN115139,184.07,11,24.15,28.19,0,0.079,0,1,0
TXN115140,198.82,17,8.12,135.02,1,0.341,0,0,0
TXN115141,138.3755961686078,14,10.576728510297778,119.75,1,0.783717037996529,0,1,0
TXN115142,57.11,20,10.64,18.14,0,0.383,0,1,0
TXN115143,112.83,20,1.35,67.77,0,0.162,0,1,0
TXN115144,64.77496489362603,5,16.89441923126751,8.03,6,0.27313764202885266,1,0,1
TXN115145,79.56,12,11.29,113.34,2,0.28,0,1,0
TXN115146,80.91,4,11.44,44.83,3,0.215,0,0,0
TXN115147,114.2,15,3.01,86.15,2,0.251,0,1,0
TXN115148,18.26,20,1.61,384.6,0,0.328,0,0,0
TXN115149,51.41,11,2.37,63.39,0,0.102,0,1,0
TXN115150,94.76,23,0.78,97.55,0,0.532,0,1,0
TXN115151,61.93,8,11.66,244.63,0,0.329,0,1,0
TXN115152,187.6,20,2.45,293.09,1,0.183,0,1,0
TXN115153,23.89,12,4.16,474.33,0,0.093,0,1,0
TXN115154,26.33,10,8.0,102.5,0,0.158,0,1,0
TXN115155,13.38,9,4.63,183.44,0,0.08,0,1,0
TXN115156,30.56,9,3.39,179.11,0,0.421,0,1,0
TXN115157,157.13,19,8.87,40.67,0,0.186,0,0,0
TXN115158,95.05,14,11.27,34.17,1,0.149,0,1,0
TXN115159,90.44,9,4.68,138.46,1,0.128,0,1,0
TXN115160,24.55,21,11.96,31.54,1,0.297,0,1,0
TXN115161,29.45,14,4.07,180.3,0,0.351,0,1,0
TXN115162,89.47,1,8.52,244.94,0,0.243,0,1,0
TXN115163,222.56,12,5.4,85.54,0,0.649,0,1,0
TXN115164,37.40092570192092,19,175.627793314996,56.43,0,0.7066916220637521,0,1,0
TXN115165,4.1,21,6.86,6.62,0,0.13,0,1,0
TXN115166,362.05775436474147,14,105.6200229587219,156.99,1,0.6561184350043109,0,1,0
TXN115167,90.94,20,8.44,162.13,0,0.591,0,0,0
TXN115168,50.49,15,11.51,3.78,1,0.456,0,0,0
TXN115169,28.02,15,7.32,380.53,0,0.232,0,0,0
TXN115170,61.93,18,5.17,239.14,0,0.46,0,0,0
TXN115171,114.58,3,12.81,14.11,0,0.093,0,1,0
TXN115172,459.6,5,120.27,1.31,3,0.576,1,0,1
TXN115173,59.44,10,2.72,108.07,0,0.47,0,1,0
TXN115174,10.73,1,9.73,89.84,0,0.514,0,0,0
TXN115175,133.83,10,5.21,249.03,1,0.367,0,0,0
TXN115176,38.76,13,7.79,62.02,0,0.112,0,1,0
TXN115177,43.16,13,6.22,10.03,0,0.138,0,0,0
TXN115178,107.88,9,1.69,84.31,0,0.075,0,0,0
TXN115179,335.81,10,479.73,1.25,2,0.821,0,0,1
TXN115180,27.1,15,4.87,178.57,0,0.171,0,1,0
TXN115181,26.69,11,5.5,10.06,0,0.133,0,1,0
TXN115182,20.49,18,3.63,43.74,1,0.69,0,0,0
TXN115183,109.29,3,8.02,135.76,1,0.21,0,1,0
TXN115184,58.88,10,1.5,194.87,1,0.616,0,1,0
TXN115185,76.65,11,1.98,240.13,0,0.569,0,1,0
TXN115186,48.27,23,8.35,162.44,0,0.128,0,0,0
TXN115187,64.46,15,4.88,75.3,0,0.119,0,0,0
TXN115188,162.38,19,2.94,377.58,0,0.559,0,1,0
TXN115189,187.14,11,2.96,38.27,1,0.183,0,0,0
TXN115190,49.12,14,3.98,101.38,1,0.226,0,1,0
TXN115191,47.74,16,0.6,23.47,1,0.086,0,1,0
TXN115192,85.69,14,16.22,211.89,0,0.445,0,1,0
TXN115193,187.99,11,4.91,243.1,0,0.047,0,1,0
TXN115194,101.22,9,19.77,54.62,0,0.069,0,1,0
TXN115195,43.45,18,24.35,232.38,0,0.386,0,1,0
TXN115196,14.15,11,5.29,91.1,1,0.118,0,1,0
TXN115197,72.94,10,13.03,234.2,0,0.123,0,0,0
TXN115198,63.74,19,7.62,8.69,0,0.099,0,0,0
TXN115199,86.04,17,2.7,4.71,1,0.492,0,1,0
TXN115200,546.9099086719104,9,57.04518023001195,308.24,0,0.5912612164093372,0,1,0
TXN115201,60.11,9,0.8,14.96,0,0.487,0,1,0
TXN115202,106.88,13,0.24,127.68,0,0.221,0,1,0
TXN115203,51.3,10,2.24,19.04,0,0.428,0,1,0
TXN115204,22.8,13,3.83,37.62,0,0.392,0,1,0
TXN115205,62.31,13,1.08,60.71,0,0.32,0,1,0
TXN115206,67.59,19,6.03,14.71,0,0.505,0,1,0
TXN115207,56.33,0,9.58,39.55,0,0.267,0,1,0
TXN115208,157.15,16,6.44,81.74,0,0.128,0,1,0
TXN115209,36.19,17,5.17,24.53,0,0.144,0,1,0
TXN115210,33.41,11,3.43,22.32,0,0.274,0,0,0
TXN115211,278.1,20,5.82,295.21,0,0.368,0,1,0
TXN115212,61.47,16,1.36,93.34,1,0.15,0,0,0
TXN115213,157.83,13,1.96,49.76,1,0.156,0,1,0
TXN115214,160.64,12,4.73,9.49,0,0.311,0,1,0
TXN115215,127.92,8,10.47,50.12,0,0.216,0,1,0
TXN115216,59.4,20,5.66,3.62,0,0.042,0,1,0
TXN115217,152.91,11,1.76,122.64,0,0.189,0,1,0
TXN115218,240.92,16,4.04,345.76,0,0.48,0,1,0
TXN115219,51.76,8,2.04,83.88,0,0.254,0,0,0
TXN115220,62.03,12,4.34,305.65,0,0.246,0,1,0
TXN115221,68.57,14,7.25,170.24,0,0.296,1,0,0
TXN115222,114.42,13,1.8,209.81,0,0.323,0,1,0
TXN115223,67.76,9,8.04,71.25,0,0.323,0,1,0
TXN115224,141.88,15,7.02,38.61,0,0.096,0,1,0
TXN115225,84.88,10,0.3,92.71,0,0.39,0,1,0
TXN115226,62.31,11,14.04,42.39,0,0.138,0,0,0
TXN115227,84.79,13,1.75,80.98,0,0.067,0,1,0
TXN115228,62.28,8,1.07,123.5,1,0.362,0,1,0
TXN115229,67.43,11,1.34,2.35,0,0.281,0,1,0
TXN115230,98.45997797352898,1,35.356976000916355,164.25,0,0.7099414149209483,0,0,0
TXN115231,67.52,13,0.09,54.98,0,0.051,0,1,0
TXN115232,21.01,20,18.82,84.47,0,0.404,0,1,0
TXN115233,51.2,17,2.35,7.67,1,0.441,0,0,0
TXN115234,56.91,8,16.7,81.4,2,0.261,0,0,0
TXN115235,143.65,21,2.02,87.68,0,0.849,0,1,0
TXN115236,50.92,21,12.33,8.81,2,0.202,1,1,0
TXN115237,118.34,14,2.21,502.17,1,0.388,0,1,0
TXN115238,945.94,14,505.12,1.53,3,0.767,0,0,1
TXN115239,112.41,1,15.46,135.9,2,0.143,0,0,0
TXN115240,75.65,20,5.75,101.83,0,0.341,0,1,0
TXN115241,128.06309909587247,16,82.4534353004654,18.22,0,0.6641334993810006,1,1,0
TXN115242,8.47,17,11.6,143.54,0,0.154,0,1,0
TXN115243,29.51,8,14.11,105.51,1,0.243,0,0,0
TXN115244,36.1,8,2.26,88.98,0,0.216,0,1,0
TXN115245,94.43,4,0.94,39.04,1,0.128,0,0,0
TXN115246,167.84,8,8.91,418.03,1,0.365,0,1,0
TXN115247,16.0,1,6.59,40.42,1,0.132,0,1,0
TXN115248,226.27,11,12.17,287.5,0,0.201,0,1,0
TXN115249,80.56,17,5.37,3.65,0,0.295,0,1,0
TXN115250,85.13,12,2.24,463.18,0,0.106,0,1,0
TXN115251,46.57,20,10.38,121.86,1,0.142,0,1,0
TXN115252,33.25,14,3.41,52.36,0,0.205,0,0,0
TXN115253,236.74,13,9.74,61.7,0,0.398,0,1,0
TXN115254,67.22,8,3.19,58.11,1,0.114,0,0,0
TXN115255,46.97,8,7.56,90.4,0,0.359,0,1,0
TXN115256,64.53,9,4.37,7.0,2,0.374,0,1,0
TXN115257,82.26,6,0.98,169.98,1,0.093,0,0,0
TXN115258,76.75,11,4.81,31.98,0,0.237,0,1,0
TXN115259,57.43,9,5.62,14.23,0,0.327,1,1,0
TXN115260,88.34,16,2.56,462.88,0,0.057,0,1,0
TXN115261,57.4,18,2.85,1.12,0,0.223,0,1,0
TXN115262,61.49,11,5.02,443.93,1,0.279,0,1,0
TXN115263,44.49,18,1.3,44.54,0,0.041,1,0,0
TXN115264,113.4,5,5.18,7.77,0,0.113,0,1,0
TXN115265,182.6,19,3.38,138.66,0,0.063,0,1,0
TXN115266,49.18,13,6.59,93.49,1,0.154,0,1,0
TXN115267,37.51,16,7.62,337.7,0,0.421,0,1,0
TXN115268,62.29,17,11.86,11.42,0,0.274,0,1,0
TXN115269,43.98,18,5.98,42.82,0,0.215,0,1,0
TXN115270,124.46,0,12.85,41.79,1,0.281,0,1,0
TXN115271,24.47,12,11.9,63.54,0,0.375,0,1,0
TXN115272,117.88,11,3.34,260.3,0,0.112,0,1,0
TXN115273,361.2189162170617,14,120.53329966695026,23.12,1,0.7641403606295281,0,0,0
TXN115274,112.62,11,7.21,194.46,0,0.064,0,0,0
TXN115275,143.88,13,1.65,32.07,0,0.278,0,1,0
TXN115276,26.06,14,12.21,298.83,1,0.385,0,1,0
TXN115277,114.42,12,2.87,327.08,0,0.134,0,1,0
TXN115278,148.41,22,1.76,104.79,1,0.286,0,1,0
TXN115279,18.9,20,10.19,161.63,1,0.031,0,1,0
TXN115280,98.87,6,4.41,23.74,0,0.357,0,1,0
TXN115281,159.58,19,5.53,440.83,0,0.128,0,1,0
TXN115282,130.53694047907092,13,142.90748095944085,214.24,0,0.6997656936891418,1,1,0
TXN115283,36.49,3,1.79,829.63,0,0.503,0,1,0
TXN115284,26.47,13,4.74,0.95,1,0.004,0,1,0
TXN115285,82.95,13,11.01,160.57,0,0.451,0,0,0
TXN115286,62.25,9,6.56,15.52,0,0.29,0,1,0
TXN115287,20.48,17,19.99,437.03,0,0.145,0,0,0
TXN115288,106.25,15,8.61,3.86,1,0.599,1,1,0
TXN115289,113.98,11,3.55,76.51,0,0.491,1,1,0
TXN115290,33.58,12,8.06,162.02,0,0.195,0,1,0
TXN115291,103.04,12,3.75,79.47,0,0.232,0,1,0
TXN115292,40.94,5,0.88,72.06,0,0.396,0,1,0
TXN115293,90.42,14,8.89,55.51,0,0.255,0,1,0
TXN115294,30.33,17,8.38,22.4,0,0.167,0,1,0
TXN115295,276.32420722279375,12,86.44088028749343,21.29,0,0.5524654257916926,0,0,0
TXN115296,96.94,15,8.5,87.17,0,0.474,0,1,0
TXN115297,51.98,3,9.8,13.64,0,0.506,0,1,0
TXN115298,493.09,15,562.63,2.05,5,0.901,1,0,1
TXN115299,77.12,13,5.74,10.71,0,0.471,0,0,0
TXN115300,23.87,5,2.99,4.9,1,0.402,0,1,0
TXN115301,1064.32,11,480.13,11.35,5,0.487,1,0,1
TXN115302,2.3,15,17.31,28.39,0,0.149,0,1,0
TXN115303,137.14,19,1.62,350.25,0,0.25,0,1,0
TXN115304,104.11,11,1.59,186.94,0,0.124,0,1,0
TXN115305,42.47,13,1.43,61.76,0,0.54,0,1,0
TXN115306,167.84,13,16.77,189.17,2,0.549,0,0,0
TXN115307,343.6554059806634,8,219.98126953709757,356.92,0,0.5622552550619034,0,1,0
TXN115308,46.25,11,13.28,69.51,1,0.273,0,0,0
TXN115309,89.25,8,0.87,424.1,2,0.376,0,1,0
TXN115310,63.13,8,7.25,167.46,0,0.229,0,1,0
TXN115311,140.96,6,3.22,35.49,1,0.059,0,1,0
TXN115312,27.46,12,1.61,233.23,1,0.1,0,1,0
TXN115313,65.43,19,8.41,356.37,1,0.046,0,1,0
TXN115314,54.26,18,9.93,141.33,0,0.338,0,1,0
TXN115315,31.25,22,3.82,294.93,0,0.176,0,1,0
TXN115316,48.38,16,8.97,230.24,1,0.135,0,1,0
TXN115317,36.21,10,15.01,131.38,0,0.165,0,1,0
TXN115318,21.27,15,7.24,229.38,0,0.237,0,1,0
TXN115319,187.6,11,4.36,150.86,0,0.289,0,1,0
TXN115320,21.54,19,0.85,230.92,0,0.238,0,0,0
TXN115321,106.61,13,6.14,95.52,0,0.081,0,1,0
TXN115322,115.69,11,19.76,376.98,0,0.597,0,1,0
TXN115323,75.0,13,11.26,40.21,0,0.35,0,1,0
TXN115324,86.63,2,5.82,150.61,0,0.205,0,1,0
TXN115325,133.38,13,23.68,48.24,0,0.073,0,0,0
TXN115326,23.44,0,7.53,27.66,0,0.169,0,1,0
TXN115327,107.81,15,6.99,22.68,0,0.471,0,1,0
TXN115328,35.37,13,5.63,173.57,0,0.35,0,0,0
TXN115329,129.72,9,8.42,248.01,0,0.292,0,1,0
TXN115330,70.06,14,2.63,6.63,0,0.23,0,0,0
TXN115331,304.1654123990096,19,131.72741348126618,40.06,1,0.5069677010337215,0,1,0
TXN115332,85.95,18,5.19,101.18,0,0.542,0,1,0
TXN115333,34.38,20,21.97,128.16,0,0.291,0,0,0
TXN115334,70.6,20,3.83,13.57,0,0.276,0,1,0
TXN115335,70.85,16,8.63,56.69,1,0.322,0,1,0
TXN115336,36.52,12,10.33,36.58,0,0.662,0,1,0
TXN115337,12.39,16,8.22,13.28,0,0.398,1,1,0
TXN115338,69.4,10,9.87,383.44,0,0.08,0,1,0
TXN115339,52.12,8,3.15,209.01,0,0.165,0,1,0
TXN115340,178.34,17,15.61,205.72,0,0.049,0,1,0
TXN115341,55.81,11,11.66,69.18,0,0.144,0,1,0
TXN115342,70.68,13,32.79,158.18,0,0.325,0,1,0
TXN115343,60.96,19,0.4,27.65,2,0.109,0,1,0
TXN115344,74.31,16,4.96,158.23,0,0.225,0,0,0
TXN115345,124.36,5,1.54,33.43,0,0.218,0,1,0
TXN115346,275.40028660565775,13,45.47649343700833,8.64,7,0.4238047525935129,0,0,1
TXN115347,31.74,18,2.05,213.7,1,0.379,0,1,0
TXN115348,166.82,14,2.53,191.88,0,0.032,0,0,0
TXN115349,140.79,18,11.5,39.14,0,0.474,0,1,0
TXN115350,46.08,11,1.13,201.22,0,0.473,0,0,0
TXN115351,70.46,0,11.16,51.64,1,0.038,0,1,0
TXN115352,28.1,7,2.76,6.9,0,0.092,0,1,0
TXN115353,126.87,11,20.08,151.46,0,0.263,0,1,0
TXN115354,224.59,9,8.98,28.82,0,0.377,0,1,0
TXN115355,32.88,9,2.42,148.29,0,0.187,0,0,0
TXN115356,14.76,2,6.81,125.72,1,0.565,0,1,0
TXN115357,109.21,21,1.61,4.89,0,0.185,0,0,0
TXN115358,13.3,9,1.46,99.53,0,0.464,0,0,0
TXN115359,20.56098200402241,10,24.091989208776234,163.01,0,0.7896772044633976,0,1,0
TXN115360,88.21,3,5.68,136.07,0,0.416,0,1,0
TXN115361,32.41,14,6.72,156.63,0,0.273,0,0,0
TXN115362,74.64,11,3.23,56.33,0,0.358,0,1,0
TXN115363,103.64,7,6.52,237.97,0,0.11,0,1,0
TXN115364,75.55,8,7.31,132.4,0,0.178,0,0,0
TXN115365,111.8,12,4.34,20.64,0,0.4,0,1,0
TXN115366,93.54,6,0.06,21.57,0,0.211,0,0,0
TXN115367,771.02,2,161.69,6.52,7,0.787,1,0,1
TXN115368,75.54,14,29.63,33.18,0,0.291,0,1,0
TXN115369,395.8503734761041,18,7.297222013534363,74.98,0,0.5688507575028702,0,1,0
TXN115370,33.21,15,6.1,63.56,0,0.028,0,1,0
TXN115371,51.4,22,0.98,169.34,0,0.314,0,1,0
TXN115372,75.43,9,15.72,20.52,0,0.212,0,1,0
TXN115373,134.57,18,8.67,95.64,1,0.078,0,1,0
TXN115374,127.08,11,6.5,169.89,0,0.389,0,1,0
TXN115375,82.25,9,11.49,198.73,0,0.131,0,1,0
TXN115376,266.87,18,12.42,18.78,0,0.368,0,1,0
TXN115377,64.12,14,2.08,66.91,0,0.517,0,0,0
TXN115378,11.21,11,12.35,11.46,0,0.142,0,1,0
TXN115379,60.13,21,3.84,53.31,0,0.262,0,1,0
TXN115380,89.54,9,9.81,3.9,0,0.179,0,0,0
TXN115381,59.92,10,7.83,101.5,0,0.433,0,1,0
TXN115382,165.2,5,1.14,11.06,0,0.323,0,0,0
TXN115383,38.62,12,8.57,42.16,1,0.438,0,1,0
TXN115384,67.94,19,10.88,221.57,1,0.125,0,0,0
TXN115385,43.99,18,6.35,23.97,0,0.167,0,1,0
TXN115386,72.37,1,0.44,10.34,0,0.247,0,1,0
TXN115387,35.21,6,22.07,190.77,0,0.117,0,1,0
TXN115388,92.15,7,5.57,19.04,1,0.064,0,1,0
TXN115389,93.27,14,9.11,5.84,0,0.45,0,1,0
TXN115390,86.63,5,14.95,140.19,0,0.149,0,1,0
TXN115391,43.82,13,1.65,8.23,0,0.25,0,1,0
TXN115392,42.32,4,8.98,251.95,0,0.523,0,1,0
TXN115393,33.51,20,8.96,129.7,0,0.173,0,1,0
TXN115394,46.31,12,4.81,152.48,0,0.408,0,1,0
TXN115395,588.0325809607119,14,59.743316031063316,68.54,1,0.5412512105955095,0,1,0
TXN115396,27.59,19,13.45,186.11,1,0.149,0,0,0
TXN115397,146.61,14,1.0,3.63,0,0.246,0,1,0
TXN115398,252.63,19,4.76,29.56,1,0.734,0,1,0
TXN115399,128.06,23,8.42,11.0,0,0.065,0,1,0
TXN115400,49.19,15,25.18,656.84,0,0.118,0,0,0
TXN115401,164.68,4,9.14,11.3,1,0.282,0,1,0
TXN115402,156.36,19,2.72,118.88,0,0.169,1,0,0
TXN115403,60.84,14,1.73,626.4,1,0.204,0,0,0
TXN115404,14.77,11,3.96,471.27,0,0.241,0,1,0
TXN115405,76.94,14,13.77,200.1,0,0.268,0,1,0
TXN115406,118.65,10,2.37,5.39,1,0.051,0,0,0
TXN115407,42.35,8,0.3,44.65,0,0.16,0,1,0
TXN115408,106.8,20,7.49,104.57,0,0.224,0,0,0
TXN115409,11.84,9,9.27,8.28,0,0.252,0,1,0
TXN115410,111.75,15,3.01,75.95,1,0.421,0,1,0
TXN115411,61.27,11,3.26,47.82,1,0.458,0,1,0
TXN115412,106.75,10,7.92,28.68,0,0.341,0,1,0
TXN115413,65.83,19,9.04,1.58,1,0.245,0,1,0
TXN115414,34.88,12,14.78,314.3,0,0.303,1,1,0
TXN115415,42.1,9,7.45,315.6,1,0.087,0,1,0
TXN115416,13.62,9,3.67,208.11,0,0.069,0,0,0
TXN115417,95.43,18,3.95,145.64,0,0.416,0,1,0
TXN115418,48.58,18,4.61,78.37,1,0.229,0,1,0
TXN115419,28.55,13,5.92,64.96,0,0.266,0,1,0
TXN115420,58.48,15,7.13,34.17,0,0.079,0,1,0
TXN115421,148.18,16,3.39,89.68,0,0.615,0,1,0
TXN115422,49.55,8,21.65,35.11,0,0.109,0,1,0
TXN115423,103.1,18,8.34,54.53,0,0.08,0,1,0
TXN115424,57.89,10,13.45,230.28,0,0.149,0,0,0
TXN115425,66.53,11,0.07,32.05,2,0.35,0,1,0
TXN115426,35.74,8,5.6,58.87,0,0.3,0,0,0
TXN115427,61.48,21,3.24,34.21,0,0.291,0,1,0
TXN115428,145.6,5,4.87,70.43,0,0.409,0,1,0
TXN115429,94.04,20,10.01,48.96,1,0.195,0,1,0
TXN115430,118.99,11,16.88,84.58,0,0.217,0,1,0
TXN115431,150.6,4,3.72,37.38,0,0.087,0,1,0
TXN115432,209.7,16,2.29,195.02,0,0.343,0,1,0
TXN115433,12.28,9,0.75,15.68,0,0.361,0,1,0
TXN115434,44.91,17,11.65,8.75,0,0.079,0,1,0
TXN115435,70.21,13,25.85,141.38,0,0.405,0,0,0
TXN115436,44.54,11,2.77,308.91,1,0.723,0,1,0
TXN115437,8.41,13,10.09,228.51,0,0.176,0,0,0
TXN115438,72.14,15,10.77,18.04,0,0.256,0,1,0
TXN115439,61.86,19,8.13,203.64,0,0.54,0,1,0
TXN115440,33.09,20,23.38,351.98,0,0.329,0,1,0
TXN115441,72.06,11,7.13,102.37,0,0.276,1,1,0
TXN115442,205.46,19,6.55,15.46,1,0.478,1,1,0
TXN115443,70.49,12,4.5,229.94,1,0.271,0,1,0
TXN115444,26.95,13,0.23,12.09,0,0.415,0,1,0
TXN115445,15.36,11,8.31,162.71,0,0.264,0,1,0
TXN115446,123.53,11,9.24,352.42,0,0.556,0,1,0
TXN115447,61.63,12,9.63,121.89,0,0.643,0,0,0
TXN115448,26.35,14,0.43,31.23,0,0.089,0,1,0
TXN115449,113.14,16,6.52,134.84,0,0.183,0,1,0
TXN115450,48.2,16,0.76,62.94,0,0.502,0,1,0
TXN115451,130.4,21,6.88,140.71,0,0.415,0,1,0
TXN115452,62.6,9,6.74,48.15,0,0.048,0,1,0
TXN115453,119.62,20,7.68,51.84,1,0.33,0,1,0
TXN115454,78.48,8,5.66,119.31,0,0.312,0,1,0
TXN115455,134.96837571581466,6,41.47129307847537,104.79,0,0.6607260098609012,0,1,0
TXN115456,60.23,19,5.27,33.27,0,0.093,0,1,0
TXN115457,68.96,3,3.89,74.64,0,0.155,0,1,0
TXN115458,41.43,13,1.95,44.7,1,0.401,0,1,0
TXN115459,61.59,3,1.99,77.95,0,0.128,0,0,0
TXN115460,34.18,12,2.07,361.21,0,0.657,1,0,0
TXN115461,68.26,4,9.16,204.1,0,0.488,0,0,0
TXN115462,37.11,14,7.43,109.0,0,0.285,0,1,0
TXN115463,53.52,15,7.0,388.46,1,0.097,0,0,0
TXN115464,136.99,13,4.78,128.77,0,0.088,0,0,0
TXN115465,47.62,16,9.96,2.95,0,0.458,0,1,0
TXN115466,32.08,22,5.44,70.22,0,0.196,0,1,0
TXN115467,90.49,11,6.74,135.97,1,0.169,0,1,0
TXN115468,206.0,16,2.92,68.21,1,0.581,0,1,0
TXN115469,27.64,15,9.55,69.75,1,0.192,0,1,0
TXN115470,32.79,7,10.88,6.69,0,0.27,0,0,0
TXN115471,143.07,5,10.55,53.5,0,0.305,0,0,0
TXN115472,231.84,18,6.94,479.23,0,0.078,0,1,0
TXN115473,4.1,8,24.14,164.99,0,0.243,0,1,0
TXN115474,46.65,17,20.11,75.43,0,0.274,0,1,0
TXN115475,99.28,15,5.32,170.55,0,0.579,0,1,0
TXN115476,31.61,16,2.01,4.85,0,0.104,0,1,0
TXN115477,27.6,16,4.19,53.1,1,0.334,0,1,0
TXN115478,40.5,1,17.37,292.52,1,0.31,0,1,0
TXN115479,96.41,3,2.35,153.86,0,0.141,0,1,0
TXN115480,48.16,21,14.02,458.04,0,0.393,0,1,0
TXN115481,82.38,9,6.32,80.76,0,0.563,0,1,0
TXN115482,52.9,21,2.66,16.04,0,0.481,0,1,0
TXN115483,72.83,14,2.48,46.03,0,0.608,0,1,0
TXN115484,93.83,16,3.36,43.85,0,0.377,0,1,0
TXN115485,87.01,22,1.66,60.59,0,0.363,0,0,0
TXN115486,77.09,13,5.91,20.29,0,0.444,0,1,0
TXN115487,10.04,15,1.78,84.94,1,0.229,0,0,0
TXN115488,142.28,10,23.16,69.81,1,0.2,0,1,0
TXN115489,284.8888025248828,20,59.16468091508473,663.61,0,0.6541652501170452,0,1,0
TXN115490,85.69458150123894,18,74.79997658521688,52.36,0,0.7646797598613659,0,1,0
TXN115491,37.33,12,0.45,81.35,0,0.239,0,0,0
TXN115492,92.85,14,9.25,80.5,1,0.449,0,1,0
TXN115493,95.24,17,8.31,74.8,0,0.123,0,1,0
TXN115494,83.51,16,1.29,479.58,0,0.525,0,1,0
TXN115495,102.14,2,3.8,133.03,0,0.053,0,0,0
TXN115496,52.14,19,0.27,96.01,0,0.719,0,1,0
TXN115497,37.57,23,8.66,108.56,0,0.333,0,0,0
TXN115498,138.15,11,0.22,9.52,0,0.241,0,1,0
TXN115499,168.84,19,6.58,23.98,0,0.324,0,1,0
TXN115500,122.11,8,0.82,510.69,0,0.478,0,1,0
TXN115501,46.31,16,13.63,36.36,0,0.496,0,1,0
TXN115502,56.75,15,11.31,24.69,0,0.061,0,1,0
TXN115503,54.28,20,6.13,120.36,0,0.5,0,1,0
TXN115504,45.46,21,5.46,104.57,1,0.352,0,1,0
TXN115505,54.79,4,1.57,0.42,0,0.32,0,1,0
TXN115506,59.37,20,11.27,114.64,0,0.244,0,1,0
TXN115507,34.77,18,10.9,102.35,0,0.267,0,1,0
TXN115508,119.76,16,4.0,55.43,0,0.012,0,1,0
TXN115509,106.56,15,5.65,324.57,0,0.106,0,1,0
TXN115510,56.48,23,2.23,212.43,0,0.168,0,1,0
TXN115511,17.63,12,9.58,122.19,1,0.198,0,1,0
TXN115512,103.54,17,4.72,7.99,1,0.324,0,1,0
TXN115513,86.39,11,14.04,33.89,0,0.211,0,1,0
TXN115514,147.45,0,1.77,48.25,0,0.181,0,1,0
TXN115515,218.6,19,14.63,80.6,0,0.184,0,0,0
TXN115516,163.6,10,10.01,211.37,1,0.374,0,1,0
TXN115517,64.98,15,0.11,160.96,0,0.173,0,1,0
TXN115518,183.24,16,10.31,11.52,0,0.251,0,1,0
TXN115519,50.19,10,1.19,103.09,1,0.141,0,1,0
TXN115520,133.36,12,4.07,281.71,0,0.365,0,1,0
TXN115521,38.63,19,4.31,123.78,0,0.285,0,1,0
TXN115522,42.54,6,2.94,149.44,0,0.139,0,0,0
TXN115523,304.38624051364326,0,3.9583512067123996,46.63,1,0.7079738536786543,0,1,0
TXN115524,242.55603896608037,4,35.958684455900126,0.03,0,0.6377756738079463,0,1,0
TXN115525,40.46,6,1.34,100.78,0,0.324,0,1,0
TXN115526,49.78,14,18.83,33.68,1,0.159,0,1,0
TXN115527,38.88,8,11.0,293.7,0,0.296,0,1,0
TXN115528,56.34,17,13.53,7.61,0,0.374,0,1,0
TXN115529,176.73,12,4.56,22.04,0,0.254,0,0,0
TXN115530,309.08,1,102.39,7.91,4,0.562,0,0,1
TXN115531,365.81269206861947,18,76.88218862326468,115.21,0,0.66675542663936,0,1,0
TXN115532,28.05,18,3.99,49.15,0,0.074,0,0,0
TXN115533,229.13,11,5.21,150.34,1,0.479,0,1,0
TXN115534,31.19,5,6.77,103.05,1,0.128,1,0,0
TXN115535,66.73,10,6.39,6.26,0,0.436,0,1,0
TXN115536,118.88,20,1.64,78.63,0,0.207,0,0,0
TXN115537,38.11,19,2.16,221.08,1,0.093,0,1,0
TXN115538,236.5,8,13.73,14.34,0,0.195,0,1,0
TXN115539,105.47,20,11.83,48.96,1,0.087,0,0,0
TXN115540,84.66,15,1.5,373.92,0,0.109,0,1,0
TXN115541,28.14,21,2.97,266.33,0,0.131,0,1,0
TXN115542,263.41,21,240.79,3.42,3,0.811,0,0,1
TXN115543,76.22,7,5.07,71.24,0,0.068,0,1,0
TXN115544,93.9,8,7.95,149.05,0,0.475,0,1,0
TXN115545,248.6,7,6.12,12.56,1,0.024,1,1,0
TXN115546,141.41,13,7.29,141.23,1,0.478,0,0,0
TXN115547,245.19,14,1.95,215.63,0,0.185,0,1,0
TXN115548,169.21110410819304,20,36.38596265459574,503.25,0,0.5171766722685637,0,0,0
TXN115549,15.98,11,7.92,75.18,0,0.368,0,0,0
TXN115550,63.584400693901685,9,169.82596024758618,114.37,0,0.6417874800992175,0,1,0
TXN115551,96.6,11,7.52,45.16,0,0.211,0,1,0
TXN115552,18.57,21,6.63,20.92,1,0.221,0,1,0
TXN115553,102.6,3,1.63,99.85,1,0.163,0,1,0
TXN115554,64.17,2,1.84,9.59,0,0.212,0,1,0
TXN115555,63.1,15,1.69,22.46,0,0.231,0,1,0
TXN115556,166.33,14,5.17,118.28,0,0.229,0,1,0
TXN115557,163.18,22,1.8,226.02,0,0.308,0,1,0
TXN115558,45.62,14,9.49,168.7,0,0.239,0,1,0
TXN115559,7.97,1,12.18,30.09,0,0.22,0,1,0
TXN115560,121.7,19,15.43,126.44,0,0.17,0,0,0
TXN115561,138.48,12,3.98,345.58,1,0.114,0,1,0
TXN115562,281.93,4,6.96,424.31,0,0.511,0,1,0
TXN115563,112.4,14,15.56,26.17,0,0.426,0,0,0
TXN115564,86.3,3,19.38,32.11,1,0.586,0,1,0
TXN115565,83.65,13,2.21,282.52,1,0.352,0,0,0
TXN115566,34.62,10,24.35,84.65,0,0.217,0,0,0
TXN115567,133.09,3,6.91,244.82,1,0.336,0,1,0
TXN115568,141.78903154965337,8,134.36841523115814,192.37,0,0.513815972998041,0,1,0
TXN115569,99.51,16,2.37,52.21,0,0.21,0,1,0
TXN115570,86.43,15,13.31,280.69,0,0.327,0,1,0
TXN115571,11.38,14,3.22,32.09,1,0.286,1,0,0
TXN115572,14.86,15,3.52,100.42,0,0.3,0,1,0
TXN115573,31.04,10,7.09,91.45,0,0.463,0,0,0
TXN115574,94.28,23,7.27,228.34,0,0.085,0,1,0
TXN115575,67.01,0,14.2,4.16,2,0.178,0,0,0
TXN115576,53.58,10,3.77,237.35,0,0.401,1,1,0
TXN115577,27.52,21,2.03,51.25,0,0.216,0,0,0
TXN115578,79.2,12,14.62,140.16,0,0.05,0,1,0
TXN115579,119.65,20,2.61,301.03,0,0.336,0,0,0
TXN115580,139.63,17,18.82,169.26,0,0.151,0,0,0
TXN115581,108.66,19,8.55,164.23,0,0.476,0,1,0
TXN115582,111.37,9,4.63,14.43,1,0.079,0,1,0
TXN115583,65.87,19,4.03,99.47,0,0.115,0,1,0
TXN115584,326.23,18,0.71,76.35,1,0.253,0,1,0
TXN115585,61.78,9,12.56,22.82,1,0.193,0,1,0
TXN115586,10.15,14,7.62,12.55,0,0.16,0,1,0
TXN115587,503.03,0,91.39,1.42,3,0.866,0,1,1
TXN115588,87.05,19,17.43,104.06,0,0.243,0,0,0
TXN115589,20.68,9,7.74,161.18,0,0.193,0,1,0
TXN115590,57.51,13,4.08,0.8,1,0.143,0,1,0
TXN115591,179.23,15,0.88,216.86,2,0.235,0,1,0
TXN115592,85.29,11,12.81,281.13,0,0.521,0,0,0
TXN115593,108.12,11,10.09,101.61,0,0.449,0,1,0
TXN115594,79.27,20,2.32,127.77,0,0.06,0,1,0
TXN115595,36.7,3,6.3,72.79,0,0.25,0,0,0
TXN115596,32.42,18,10.12,187.68,0,0.193,0,0,0
TXN115597,18.96,0,10.95,46.21,0,0.222,0,1,0
TXN115598,99.64,11,2.14,46.83,2,0.619,0,1,0
TXN115599,37.09,14,5.44,117.52,0,0.459,0,1,0
TXN115600,2.27,1,5.87,251.1,0,0.517,0,1,0
TXN115601,66.81,15,3.42,122.89,0,0.172,0,1,0
TXN115602,51.88,10,6.91,214.86,1,0.48,0,1,0
TXN115603,27.85,16,11.53,74.44,0,0.333,0,1,0
TXN115604,137.58,16,2.36,12.52,2,0.336,0,1,0
TXN115605,65.17,12,5.46,276.35,0,0.276,0,1,0
TXN115606,76.64,11,3.35,203.14,0,0.301,0,1,0
TXN115607,29.96,4,6.13,486.97,0,0.149,0,1,0
TXN115608,33.58,21,3.85,149.98,0,0.696,0,1,0
TXN115609,32.77,17,7.77,112.19,0,0.564,0,1,0
TXN115610,56.4,9,8.9,30.19,0,0.492,0,1,0
TXN115611,54.15,18,3.96,86.36,0,0.171,0,1,0
TXN115612,254.22,16,8.36,52.78,0,0.422,0,1,0
TXN115613,58.56,16,17.4,26.2,0,0.27,0,1,0
TXN115614,54.09,20,3.67,132.01,0,0.381,0,1,0
TXN115615,41.95,14,0.76,197.67,0,0.452,0,1,0
TXN115616,103.25,8,5.18,28.65,0,0.133,0,1,0
TXN115617,146.87,13,1.47,80.77,1,0.409,0,1,0
TXN115618,65.88,18,4.66,186.62,1,0.15,0,1,0
TXN115619,57.89,16,4.21,34.39,0,0.104,0,1,0
TXN115620,179.32,16,7.87,28.63,0,0.381,0,1,0
TXN115621,53.75,12,2.87,104.08,1,0.224,0,1,0
TXN115622,89.78,5,7.87,67.21,0,0.109,0,0,0
TXN115623,159.9646783027491,1,18.893867049766573,168.82,0,0.7764445099197729,0,1,0
TXN115624,89.03,11,0.37,68.81,1,0.307,0,1,0
TXN115625,8.3,22,3.2,163.94,0,0.06,1,1,0
TXN115626,122.71,20,4.03,72.63,0,0.56,1,1,0
TXN115627,344.46,20,0.38,103.29,0,0.389,0,1,0
TXN115628,96.12,3,10.27,131.01,2,0.148,0,1,0
TXN115629,97.63,15,8.17,8.33,1,0.258,0,1,0
TXN115630,101.1,14,12.73,244.44,1,0.53,0,1,0
TXN115631,64.07,10,0.77,11.78,0,0.325,0,1,0
TXN115632,178.83,20,2.92,19.93,0,0.142,0,1,0
TXN115633,116.8,8,3.41,71.41,0,0.339,0,1,0
TXN115634,98.02,1,1.74,525.81,0,0.185,0,1,0
TXN115635,343.72,6,211.19,1.01,4,0.721,1,0,1
TXN115636,45.92,15,15.25,162.97,0,0.384,0,1,0
TXN115637,47.8,3,6.91,48.45,2,0.105,0,1,0
TXN115638,49.14,15,8.97,296.61,0,0.062,0,1,0
TXN115639,39.48,18,1.55,239.3,0,0.337,0,1,0
TXN115640,77.83,12,5.87,48.49,0,0.193,0,1,0
TXN115641,29.49,14,2.31,12.03,0,0.265,0,1,0
TXN115642,18.48,19,4.78,348.43,0,0.567,0,1,0
TXN115643,59.6,15,7.53,42.79,0,0.4,0,0,0
TXN115644,90.6151548402103,16,87.50644218262796,24.65,0,0.6878844898102924,0,1,0
TXN115645,211.04,2,16.77,362.42,1,0.294,0,1,0
TXN115646,51.4,13,5.13,99.75,0,0.022,0,1,0
TXN115647,148.56,4,4.24,36.16,0,0.03,0,1,0
TXN115648,63.74,23,0.99,155.12,0,0.231,0,1,0
TXN115649,50.15,20,3.52,60.41,1,0.283,0,1,0
TXN115650,89.26,2,2.8,133.39,0,0.149,0,1,0
TXN115651,49.47,14,2.26,2.24,0,0.673,0,1,0
TXN115652,81.88227933593866,3,148.22417494296062,197.68,1,0.7804648425329048,0,1,0
TXN115653,38.95,14,5.38,18.52,0,0.37,0,1,0
TXN115654,56.25,21,9.04,48.96,0,0.265,0,0,0
TXN115655,22.2,4,12.36,36.15,0,0.19,0,1,0
TXN115656,36.61,11,4.19,31.14,0,0.348,1,1,0
TXN115657,33.75,12,5.13,32.68,0,0.126,0,1,0
TXN115658,95.1,8,16.1,135.02,1,0.465,0,1,0
TXN115659,97.47,23,16.32,128.45,0,0.172,0,1,0
TXN115660,194.88,15,19.89,2.33,0,0.064,0,0,0
TXN115661,102.49,5,3.4,177.45,0,0.376,0,1,0
TXN115662,44.91,17,6.22,14.19,1,0.276,0,0,0
TXN115663,53.83,6,3.2,258.9,0,0.219,0,1,0
TXN115664,17.59,9,2.91,19.97,0,0.445,0,0,0
TXN115665,43.07,16,3.47,92.69,0,0.333,0,1,0
TXN115666,70.12,14,2.33,13.96,1,0.255,0,0,0
TXN115667,16.69,15,5.88,79.59,0,0.133,0,1,0
TXN115668,68.88,23,1.8,56.97,1,0.228,0,1,0
TXN115669,40.19,1,2.42,263.91,0,0.329,0,1,0
TXN115670,19.21,15,1.87,19.0,0,0.072,1,1,0
TXN115671,115.39,22,7.29,117.19,0,0.258,0,1,0
TXN115672,50.92,13,7.06,100.94,0,0.46,0,1,0
TXN115673,167.0,9,2.01,274.3,0,0.36,0,1,0
TXN115674,35.37,1,28.5,33.94,2,0.305,0,1,0
TXN115675,194.66,20,4.61,232.71,0,0.664,0,1,0
TXN115676,113.92,0,13.77,271.98,0,0.127,1,1,0
TXN115677,67.77,20,3.19,102.7,0,0.26,0,1,0
TXN115678,124.31,16,10.31,32.27,0,0.185,0,1,0
TXN115679,62.41,18,3.26,180.11,0,0.342,0,1,0
TXN115680,75.79,10,15.65,1134.73,1,0.103,0,1,0
TXN115681,26.27,8,2.09,28.12,1,0.007,0,1,0
TXN115682,103.55,11,5.5,122.0,0,0.232,0,1,0
TXN115683,129.37,13,2.5,121.55,0,0.301,0,1,0
TXN115684,46.8,18,22.86,44.64,1,0.052,0,0,0
TXN115685,94.66,12,1.52,4.72,0,0.317,0,1,0
TXN115686,39.93,14,5.77,6.51,1,0.424,0,0,0
TXN115687,21.18,4,1.89,1.92,0,0.354,0,1,0
TXN115688,443.7069562081919,18,95.76488008116114,394.68,0,0.7714999692101316,0,1,0
TXN115689,49.37,19,13.38,149.01,0,0.521,0,0,0
TXN115690,69.51,14,8.82,5.5,0,0.119,0,1,0
TXN115691,51.77,18,12.86,265.11,0,0.325,0,1,0
TXN115692,149.55,17,1.88,51.41,0,0.336,0,1,0
TXN115693,40.04,14,0.59,76.72,1,0.244,0,1,0
TXN115694,82.8,14,9.93,112.42,0,0.548,0,0,0
TXN115695,17.55,2,5.68,174.41,0,0.085,0,1,0
TXN115696,41.3,13,5.19,173.94,0,0.455,0,1,0
TXN115697,94.77,9,21.03,40.89,0,0.388,0,0,0
TXN115698,85.32,20,0.98,201.0,0,0.318,0,1,0
TXN115699,72.3,7,5.2,31.02,0,0.4,0,0,0
TXN115700,76.23,11,20.55,39.69,0,0.099,0,0,0
TXN115701,122.48,18,7.0,608.74,0,0.18,1,1,0
TXN115702,103.57,10,2.85,340.08,1,0.387,0,1,0
TXN115703,92.89,11,7.93,95.21,0,0.268,0,1,0
TXN115704,124.22,12,1.41,121.97,0,0.562,1,1,0
TXN115705,97.62,14,7.34,185.16,0,0.392,0,1,0
TXN115706,61.16,17,12.78,44.7,0,0.246,0,1,0
TXN115707,64.69,17,5.45,205.4,0,0.039,0,1,0
TXN115708,82.79,14,11.0,155.43,1,0.179,0,1,0
TXN115709,79.02,13,3.79,59.27,1,0.361,0,1,0
TXN115710,164.55,14,2.71,282.4,0,0.119,0,1,0
TXN115711,174.28,8,8.08,45.41,0,0.186,0,1,0
TXN115712,1179.63,2,253.25,6.0,5,0.801,0,0,1
TXN115713,14.45,9,16.48,35.58,2,0.375,0,1,0
TXN115714,25.71,13,4.14,93.12,0,0.103,0,1,0
TXN115715,123.77,17,3.09,123.03,0,0.409,0,0,0
TXN115716,20.85,15,11.75,121.95,0,0.655,0,1,0
TXN115717,61.32,18,2.44,118.71,0,0.192,0,1,0
TXN115718,90.14,8,1.03,92.47,0,0.037,0,1,0
TXN115719,71.37,3,3.02,5.76,1,0.138,0,1,0
TXN115720,64.24,8,0.94,26.01,0,0.133,0,1,0
TXN115721,23.88,12,13.61,367.48,0,0.199,0,1,0
TXN115722,98.92,10,9.82,40.14,0,0.464,0,1,0
TXN115723,81.54,18,9.31,16.31,2,0.145,0,0,0
TXN115724,89.82,16,7.44,212.35,0,0.067,0,1,0
TXN115725,56.81088588264668,18,19.719649323837103,104.82,0,0.6352184754819916,1,0,0
TXN115726,30.4,11,11.31,58.86,1,0.176,0,1,0
TXN115727,99.07,18,24.32,28.79,0,0.391,0,1,0
TXN115728,24.04,11,3.51,121.85,0,0.32,0,1,0
TXN115729,62.1,14,6.16,32.31,0,0.472,0,1,0
TXN115730,83.81,14,0.92,14.4,0,0.365,0,1,0
TXN115731,26.99,15,17.49,16.13,0,0.416,0,1,0
TXN115732,100.2,13,17.28,87.11,0,0.53,0,1,0
TXN115733,54.18,11,24.12,90.94,0,0.091,0,1,0
TXN115734,38.64,7,4.03,37.79,2,0.294,0,0,0
TXN115735,90.45,18,2.42,38.96,0,0.279,0,1,0
TXN115736,63.19,14,3.68,55.65,0,0.254,0,1,0
TXN115737,306.75,8,0.62,52.12,0,0.138,0,1,0
TXN115738,41.96,13,12.13,142.78,0,0.08,0,1,0
TXN115739,22.06,17,14.6,28.58,0,0.214,1,1,0
TXN115740,62.54,16,1.81,119.87,0,0.094,0,1,0
TXN115741,33.64,18,10.46,125.3,1,0.182,0,0,0
TXN115742,117.35,2,1.5,132.12,1,0.373,0,1,0
TXN115743,18.16,9,2.82,51.78,0,0.158,0,1,0
TXN115744,109.37,17,23.34,103.51,0,0.324,0,0,0
TXN115745,80.02,17,11.01,80.16,0,0.046,0,1,0
TXN115746,19.87,18,4.18,318.53,0,0.123,0,1,0
TXN115747,63.32,5,4.87,30.29,0,0.245,0,1,0
TXN115748,16.44,19,1.68,1.25,1,0.055,1,0,0
TXN115749,124.8,3,11.74,310.28,0,0.123,0,1,0
TXN115750,52.34,9,6.36,171.65,1,0.402,0,0,0
TXN115751,91.74,14,7.4,3.18,0,0.381,0,1,0
TXN115752,91.79,13,5.77,18.79,0,0.443,0,1,0
TXN115753,138.81,9,3.95,58.29,1,0.022,1,1,0
TXN115754,50.82,23,20.82,36.06,1,0.111,0,1,0
TXN115755,54.72,9,5.68,200.54,0,0.237,0,1,0
TXN115756,30.31,20,15.66,235.45,0,0.072,0,1,0
TXN115757,102.55,17,9.15,184.35,0,0.324,0,1,0
TXN115758,14.81,13,7.51,10.72,0,0.053,0,1,0
TXN115759,182.65,18,4.62,136.43,1,0.241,0,1,0
TXN115760,12.01,19,4.38,145.54,1,0.297,0,1,0
TXN115761,110.29,1,0.74,16.56,0,0.113,1,1,0
TXN115762,57.95,16,5.86,271.63,0,0.264,0,1,0
TXN115763,37.27,6,1.31,190.3,0,0.395,0,1,0
TXN115764,45.67,18,3.81,24.63,1,0.377,1,1,0
TXN115765,55.0,11,7.55,31.48,0,0.105,0,0,0
TXN115766,134.39,4,5.55,47.21,0,0.083,0,1,0
TXN115767,36.08,20,5.56,32.34,0,0.181,0,1,0
TXN115768,82.16,8,1.12,125.78,0,0.143,0,1,0
TXN115769,234.62,1,195.65,14.55,3,0.751,0,0,1
TXN115770,49.12,14,8.83,268.93,0,0.49,0,0,0
TXN115771,90.28,7,7.94,27.85,0,0.23,0,1,0
TXN115772,47.29,9,2.93,48.52,0,0.017,0,0,0
TXN115773,33.21,11,7.63,152.95,1,0.41,0,1,0
TXN115774,21.07,19,0.09,815.37,0,0.8,0,0,0
TXN115775,25.88,15,27.56,211.53,0,0.188,0,0,0
TXN115776,47.74,7,9.45,495.89,0,0.384,0,0,0
TXN115777,43.81,19,5.57,237.6,0,0.066,0,0,0
TXN115778,52.92,14,13.33,254.54,0,0.075,0,1,0
TXN115779,51.08,8,2.21,15.34,0,0.149,0,0,0
TXN115780,85.75,21,1.48,194.42,0,0.117,0,1,0
TXN115781,12.47,22,11.3,122.19,0,0.14,0,1,0
TXN115782,90.97,9,4.92,90.01,0,0.051,0,1,0
TXN115783,27.92,17,19.02,14.71,0,0.046,0,1,0
TXN115784,48.43,9,8.93,73.82,0,0.419,0,0,0
TXN115785,18.17,20,3.03,82.18,1,0.076,0,1,0
TXN115786,80.7,9,5.45,22.41,0,0.072,0,1,0
TXN115787,57.45,12,6.21,54.48,0,0.06,0,1,0
TXN115788,86.69,16,0.03,251.79,0,0.201,1,1,0
TXN115789,108.49,19,4.32,77.66,1,0.307,0,1,0
TXN115790,26.66,19,5.4,178.7,0,0.448,0,1,0
TXN115791,79.04,10,5.66,39.5,0,0.345,0,1,0
TXN115792,25.93,9,0.05,100.64,1,0.138,0,0,0
TXN115793,116.79,14,5.1,176.27,0,0.123,0,1,0
TXN115794,28.66,2,9.88,241.01,0,0.415,0,1,0
TXN115795,128.7,18,1.37,23.51,0,0.355,0,0,0
TXN115796,360.29,9,13.07,35.79,0,0.094,0,0,0
TXN115797,225.94,18,9.44,94.66,0,0.492,0,1,0
TXN115798,103.5336593112458,12,58.04137860090753,105.0,0,0.7644682213721079,0,1,0
TXN115799,2.01,3,2.55,15.04,1,0.418,0,1,0
TXN115800,108.27,1,0.81,159.82,1,0.25,0,1,0
TXN115801,24.31,12,4.54,83.09,0,0.507,0,1,0
TXN115802,169.6586628853766,12,31.93692176231444,24.42,1,0.5009549685559174,0,1,0
TXN115803,139.91,0,1.14,373.26,1,0.322,0,1,0
TXN115804,10.81,19,1.45,34.42,0,0.307,0,1,0
TXN115805,52.55,11,2.33,23.41,0,0.126,0,1,0
TXN115806,98.98,14,9.53,55.35,0,0.11,0,1,0
TXN115807,23.28,19,3.61,18.96,0,0.37,0,1,0
TXN115808,133.53,22,1.26,114.05,0,0.324,0,0,0
TXN115809,14.09,2,8.8,91.98,0,0.376,0,1,0
TXN115810,49.13,15,1.93,241.0,0,0.246,0,1,0
TXN115811,57.48,11,13.57,69.12,2,0.124,0,1,0
TXN115812,1.74,8,0.53,152.03,0,0.312,0,1,0
TXN115813,68.42,8,5.49,38.21,0,0.185,0,1,0
TXN115814,75.35,22,11.14,352.26,1,0.27,0,1,0
TXN115815,79.28,0,0.21,318.37,0,0.253,0,0,0
TXN115816,50.21,10,13.57,108.27,0,0.29,0,1,0
TXN115817,74.0,14,8.38,43.12,0,0.205,0,1,0
TXN115818,36.72,3,6.32,95.2,1,0.363,0,1,0
TXN115819,62.11,20,21.6,145.08,0,0.253,0,1,0
TXN115820,72.26,11,3.34,135.53,0,0.275,0,1,0
TXN115821,18.64,16,15.95,167.93,2,0.526,0,1,0
TXN115822,38.58,4,0.75,394.59,2,0.079,0,1,0
TXN115823,87.8,12,1.17,27.54,0,0.156,0,1,0
TXN115824,56.74,18,4.69,222.62,0,0.28,0,1,0
TXN115825,120.47,14,2.11,259.59,0,0.063,1,1,0
TXN115826,12.99,9,7.9,11.22,0,0.362,0,1,0
TXN115827,37.57,0,8.82,11.55,0,0.38,0,1,0
TXN115828,23.14,12,15.32,148.05,2,0.255,0,0,0
TXN115829,682.65,0,101.47,6.72,2,0.865,1,1,1
TXN115830,200.6,9,1.86,272.73,0,0.038,0,1,0
TXN115831,61.82,14,1.82,49.66,0,0.497,0,1,0
TXN115832,112.82,15,3.31,18.32,1,0.249,0,1,0
TXN115833,77.05,10,9.28,78.02,0,0.154,0,1,0
TXN115834,99.74,23,2.19,57.78,0,0.145,0,1,0
TXN115835,60.0,19,2.67,18.69,1,0.17,0,1,0
TXN115836,140.34,8,9.25,89.95,0,0.166,0,0,0
TXN115837,144.2,3,6.8,63.07,1,0.138,0,1,0
TXN115838,423.88,19,264.24,10.24,1,0.84,0,0,1
TXN115839,97.18,18,4.57,114.94,0,0.174,0,0,0
TXN115840,153.83,9,7.07,164.86,0,0.194,0,0,0
TXN115841,173.10703427842577,10,38.962014655069915,68.13,0,0.6327766957729746,0,1,0
TXN115842,92.99,4,5.22,237.96,0,0.055,0,0,0
TXN115843,279.84,14,4.65,47.23,1,0.245,0,1,0
TXN115844,81.99,18,4.94,90.61,0,0.25,0,1,0
TXN115845,173.88,8,9.09,5.97,0,0.147,0,1,0
TXN115846,39.65,12,7.62,126.38,0,0.222,0,1,0
TXN115847,43.53,0,5.16,59.98,1,0.051,0,1,0
TXN115848,151.87,21,18.26,232.0,1,0.116,0,1,0
TXN115849,16.34,8,18.06,26.34,2,0.303,1,1,0
TXN115850,68.01,3,2.99,128.82,1,0.25,0,0,0
TXN115851,37.96,19,11.98,161.31,0,0.137,0,1,0
TXN115852,61.55,19,5.18,130.26,0,0.251,0,0,0
TXN115853,174.94,8,7.92,21.43,0,0.328,0,1,0
TXN115854,226.05,10,2.21,67.83,0,0.311,0,1,0
TXN115855,34.66,13,11.46,287.1,0,0.215,0,1,0
TXN115856,50.2,14,3.98,207.8,1,0.247,0,1,0
TXN115857,67.94,2,4.26,51.25,0,0.445,0,1,0
TXN115858,26.98,19,10.01,121.46,1,0.11,0,1,0
TXN115859,74.81,6,11.03,12.94,0,0.285,0,0,0
TXN115860,31.46,17,8.98,241.37,0,0.138,0,1,0
TXN115861,3.3,8,14.88,23.42,0,0.448,0,1,0
TXN115862,89.79,17,2.39,163.11,0,0.248,0,0,0
TXN115863,33.23,12,21.19,49.28,0,0.182,0,1,0
TXN115864,83.23,21,1.01,271.62,0,0.27,0,1,0
TXN115865,172.4,20,12.27,111.14,0,0.039,0,1,0
TXN115866,13.38,13,18.22,19.67,0,0.283,0,1,0
TXN115867,101.84,9,3.01,211.32,0,0.125,0,0,0
TXN115868,176.24,5,18.69,51.47,0,0.173,0,1,0
TXN115869,23.25,23,2.93,7.48,0,0.179,0,1,0
TXN115870,35.76,6,4.63,213.07,0,0.227,0,1,0
TXN115871,70.1,14,1.18,20.26,0,0.274,0,0,0
TXN115872,132.57,20,2.93,57.88,0,0.496,0,1,0
TXN115873,81.55,10,6.88,232.45,0,0.291,0,0,0
TXN115874,146.12,19,0.97,85.13,0,0.16,0,0,0
TXN115875,80.31,12,6.35,435.25,0,0.27,0,1,0
TXN115876,40.59,3,8.95,166.08,0,0.068,0,1,0
TXN115877,11.18,0,13.87,55.35,0,0.088,0,1,0
TXN115878,178.21,18,4.55,124.94,1,0.297,0,1,0
TXN115879,47.31,12,0.64,182.6,0,0.105,0,1,0
TXN115880,23.29,10,6.05,34.87,0,0.214,0,1,0
TXN115881,53.33,21,8.4,283.19,0,0.166,0,0,0
TXN115882,236.76,3,3.03,32.4,1,0.22,0,1,0
TXN115883,16.02,8,1.9,208.22,1,0.339,0,0,0
TXN115884,45.72,10,0.9,176.9,0,0.239,0,1,0
TXN115885,17.37,20,16.91,109.23,0,0.214,0,1,0
TXN115886,62.55,16,9.01,71.47,0,0.217,0,1,0
TXN115887,183.29,0,9.3,62.84,1,0.434,0,1,0
TXN115888,76.62,11,3.8,9.03,1,0.109,0,1,0
TXN115889,42.58,17,2.51,54.23,1,0.498,0,0,0
TXN115890,64.17,18,17.35,155.55,0,0.607,0,1,0
TXN115891,20.05,2,13.38,99.67,1,0.248,0,1,0
TXN115892,289.9309471765575,9,58.03309067846042,188.51,0,0.7784151514016989,0,1,0
TXN115893,15.78,3,10.18,2.21,0,0.221,0,1,0
TXN115894,60.23,22,9.51,275.32,0,0.295,0,0,0
TXN115895,100.34,6,11.11,280.29,1,0.242,0,1,0
TXN115896,127.74,5,121.45,2.42,3,0.751,0,0,1
TXN115897,106.14,23,1.29,145.21,0,0.291,0,1,0
TXN115898,443.08,15,210.19,11.47,2,0.86,0,0,1
TXN115899,169.02,23,11.39,273.52,1,0.502,0,1,0
TXN115900,62.36,13,1.3,171.84,0,0.453,1,1,0
TXN115901,110.97621294625515,6,129.21335880249686,93.41,0,0.7537756912165251,0,1,0
TXN115902,81.16,18,12.81,264.35,0,0.024,0,1,0
TXN115903,50.75,12,7.13,417.8,1,0.175,0,1,0
TXN115904,277.84,4,409.48,3.59,4,0.692,1,0,1
TXN115905,52.44,11,4.94,26.31,0,0.204,0,1,0
TXN115906,42.71,13,4.37,37.21,0,0.615,0,1,0
TXN115907,5.5,12,1.77,44.21,0,0.049,0,1,0
TXN115908,207.44,15,2.16,68.63,0,0.472,0,1,0
TXN115909,132.93,13,6.76,23.39,0,0.278,0,1,0
TXN115910,60.55,9,4.6,112.93,0,0.429,0,1,0
TXN115911,132.17,17,8.2,4.53,0,0.233,0,1,0
TXN115912,66.53,15,1.2,383.23,0,0.021,0,1,0
TXN115913,92.5,6,4.94,71.81,0,0.259,0,0,0
TXN115914,98.43,14,1.88,3.07,1,0.191,0,1,0
TXN115915,96.57,15,6.95,7.19,2,0.235,0,1,0
TXN115916,17.26,15,2.75,102.7,1,0.098,0,1,0
TXN115917,136.51,15,11.94,189.0,0,0.208,0,1,0
TXN115918,126.9,3,3.57,82.86,0,0.267,0,1,0
TXN115919,39.16,21,12.1,77.91,0,0.254,0,1,0
TXN115920,106.56,10,5.53,172.91,1,0.204,0,1,0
TXN115921,174.37,1,543.63,1.85,1,0.83,0,0,1
TXN115922,65.09,13,7.58,289.17,1,0.183,0,0,0
TXN115923,156.17,16,3.37,31.71,0,0.455,0,1,0
TXN115924,109.52,19,3.61,26.0,0,0.602,0,1,0
TXN115925,38.01,11,6.8,87.58,0,0.393,0,1,0
TXN115926,1.44,9,5.06,3.81,1,0.148,0,0,0
TXN115927,50.28,18,1.5,37.23,0,0.205,0,1,0
TXN115928,65.09,0,6.95,86.98,0,0.021,0,0,0
TXN115929,107.92,4,2.61,196.39,0,0.4,0,0,0
TXN115930,22.06,8,10.21,57.73,0,0.237,0,0,0
TXN115931,45.71,13,3.82,180.11,1,0.115,0,0,0
TXN115932,95.67,22,8.27,175.17,0,0.294,0,1,0
TXN115933,71.04,8,13.75,156.59,0,0.251,0,0,0
TXN115934,58.77,8,1.87,160.25,0,0.215,0,1,0
TXN115935,89.23,15,7.23,461.0,1,0.483,0,1,0
TXN115936,193.6,9,4.13,394.13,1,0.111,0,1,0
TXN115937,35.29,16,2.75,13.81,0,0.287,0,0,0
TXN115938,49.15,20,4.3,118.73,1,0.352,0,0,0
TXN115939,47.59,19,1.06,76.55,1,0.523,0,1,0
TXN115940,49.64,17,2.97,142.6,0,0.139,0,1,0
TXN115941,43.29,20,7.4,253.75,1,0.076,0,1,0
TXN115942,42.67,12,3.83,239.89,0,0.441,0,1,0
TXN115943,38.64,10,7.63,38.36,0,0.24,0,1,0
TXN115944,70.81,15,0.42,1.48,0,0.274,0,1,0
TXN115945,50.79,11,8.72,57.94,1,0.035,1,1,0
TXN115946,90.85,7,2.81,122.2,2,0.454,0,0,0
TXN115947,76.58,15,0.84,103.47,0,0.317,0,1,0
TXN115948,25.57,7,7.22,51.5,2,0.495,0,1,0
TXN115949,43.82,15,3.99,74.5,2,0.422,0,1,0
TXN115950,60.45,16,8.02,46.45,0,0.277,0,0,0
TXN115951,106.74,12,3.08,44.49,0,0.167,0,0,0
TXN115952,65.06,7,8.76,76.04,0,0.609,0,1,0
TXN115953,189.52,17,3.11,15.72,0,0.297,0,1,0
TXN115954,35.21,5,10.55,186.14,1,0.432,0,1,0
TXN115955,112.08,5,6.28,233.2,0,0.375,0,0,0
TXN115956,115.99,20,5.37,344.65,2,0.485,0,1,0
TXN115957,14.65,5,14.87,121.35,0,0.255,0,1,0
TXN115958,116.38,19,13.38,118.08,0,0.081,0,1,0
TXN115959,10.3,22,4.45,192.34,0,0.171,1,1,0
TXN115960,91.33,12,4.61,23.46,0,0.703,0,1,0
TXN115961,20.74,21,7.69,43.4,0,0.311,0,1,0
TXN115962,110.93,20,8.91,60.64,0,0.176,0,1,0
TXN115963,73.07,10,10.91,35.37,0,0.267,0,1,0
TXN115964,30.58,18,7.04,38.35,0,0.176,0,0,0
TXN115965,32.56,14,3.04,199.19,0,0.417,0,1,0
TXN115966,45.94,14,0.19,24.27,0,0.201,0,1,0
TXN115967,72.15,9,16.55,104.7,0,0.176,0,0,0
TXN115968,53.09,23,10.75,34.67,0,0.129,0,1,0
TXN115969,78.12,18,4.65,89.6,0,0.46,0,1,0
TXN115970,94.44,12,16.49,124.98,0,0.138,0,1,0
TXN115971,118.59,15,14.2,78.81,0,0.351,0,0,0
TXN115972,145.28,12,7.83,416.23,0,0.49,0,1,0
TXN115973,61.63,9,20.76,52.52,1,0.235,0,1,0
TXN115974,109.68,17,4.33,110.48,0,0.261,0,1,0
TXN115975,250.69949688651593,21,64.94050266281965,1.57,0,0.5643121839319056,0,1,0
TXN115976,9.03,14,3.09,95.59,2,0.29,0,1,0
TXN115977,48.81,12,5.0,52.38,1,0.178,0,1,0
TXN115978,32.16,9,1.5,409.3,1,0.441,0,1,0
TXN115979,96.32,3,3.57,119.3,0,0.077,0,1,0
TXN115980,59.01,15,23.26,81.27,0,0.164,0,1,0
TXN115981,16.14,7,5.46,409.93,0,0.457,0,1,0
TXN115982,11.83,17,9.12,315.01,0,0.273,0,1,0
TXN115983,28.31,9,11.8,59.59,0,0.317,0,1,0
TXN115984,77.1,17,7.61,80.18,0,0.167,1,1,0
TXN115985,58.45,0,1.54,64.01,0,0.128,0,0,0
TXN115986,104.87,18,8.69,192.14,0,0.194,0,1,0
TXN115987,50.71,21,1.86,69.83,1,0.607,0,1,0
TXN115988,67.77,20,9.49,194.16,0,0.214,0,1,0
TXN115989,4.62,18,29.4,113.44,0,0.239,0,1,0
TXN115990,92.54,22,1.33,204.84,0,0.44,0,0,0
TXN115991,53.24,9,2.14,9.08,0,0.254,0,1,0
TXN115992,13.36,19,11.71,224.07,2,0.227,0,1,0
TXN115993,53.75,11,9.37,57.43,1,0.651,0,1,0
TXN115994,71.58,19,4.37,383.08,0,0.422,0,1,0
TXN115995,79.34,15,11.0,374.88,0,0.386,0,1,0
TXN115996,512.4203395713306,9,40.86422663221876,167.82,0,0.7936867419235347,0,1,0
TXN115997,137.85,19,10.9,453.71,0,0.234,0,1,0
TXN115998,85.15566006493442,8,192.63228518153545,192.36,0,0.7706767966809928,0,1,0
TXN115999,28.28,8,1.63,423.66,1,0.306,0,0,0
TXN116000,95.95,6,1.45,1.82,0,0.258,0,1,0
TXN116001,138.05,18,6.69,36.34,0,0.377,0,1,0
TXN116002,26.43,3,6.6,126.89,1,0.455,0,0,0
TXN116003,62.19,11,1.64,69.76,0,0.221,0,1,0
TXN116004,106.99,13,5.29,213.56,0,0.121,0,1,0
TXN116005,24.94,19,11.31,38.82,0,0.456,0,1,0
TXN116006,93.72,10,0.06,132.51,0,0.257,1,0,0
TXN116007,110.84,10,1.93,80.77,0,0.161,1,1,0
TXN116008,462.69956092255893,9,181.9563872373377,66.65,0,0.6254662308552001,0,1,0
TXN116009,184.25,19,6.42,113.3,1,0.156,0,1,0
TXN116010,69.14,12,15.76,26.66,0,0.14,0,0,0
TXN116011,30.74,19,4.54,416.05,0,0.097,0,1,0
TXN116012,354.38,1,80.91,1.71,4,0.705,1,0,1
TXN116013,35.84,14,11.28,66.11,0,0.308,0,1,0
TXN116014,51.75,18,6.23,525.03,0,0.222,0,0,0
TXN116015,117.43,9,2.98,28.93,0,0.204,0,1,0
TXN116016,71.17,10,3.02,83.0,0,0.51,0,1,0
TXN116017,220.32,10,1.21,162.87,1,0.441,1,1,0
TXN116018,85.02,12,6.15,35.74,0,0.453,0,1,0
TXN116019,96.04,16,8.39,188.92,0,0.653,0,1,0
TXN116020,88.1,13,5.46,238.53,1,0.285,0,1,0
TXN116021,53.01,12,4.35,218.22,0,0.318,0,1,0
TXN116022,70.55,12,9.73,193.81,1,0.063,0,1,0
TXN116023,131.38,10,27.94,8.33,3,0.065,0,1,0
TXN116024,54.59,17,15.84,33.05,0,0.413,0,1,0
TXN116025,165.3222039521642,8,62.92181518520309,251.06,0,0.6774206334373434,0,1,0
TXN116026,66.27,6,2.6,258.05,0,0.261,0,1,0
TXN116027,22.0,4,19.66,134.64,0,0.309,0,1,0
TXN116028,36.08,19,2.51,39.02,0,0.215,0,1,0
TXN116029,57.41,22,15.74,254.12,0,0.167,0,1,0
TXN116030,81.44103301706083,2,133.98079354331674,154.17,0,0.657827673867529,0,0,0
TXN116031,190.2,8,1.98,56.94,0,0.37,0,1,0
TXN116032,104.9,12,15.1,22.43,0,0.317,0,1,0
TXN116033,108.2,5,8.13,294.43,0,0.482,0,1,0
TXN116034,162.32,15,7.49,36.0,0,0.64,0,1,0
TXN116035,107.41,11,6.08,1.01,0,0.103,0,1,0
TXN116036,92.59,6,11.18,5.11,0,0.264,0,0,0
TXN116037,22.63,12,5.95,7.53,0,0.173,0,1,0
TXN116038,62.51,15,7.98,24.51,0,0.606,0,1,0
TXN116039,10.78,20,8.01,13.92,0,0.37,0,1,0
TXN116040,60.88,19,0.84,10.44,0,0.126,0,1,0
TXN116041,40.1,17,5.33,21.54,0,0.368,0,1,0
TXN116042,41.3,1,13.33,116.38,1,0.266,0,1,0
TXN116043,39.63,12,12.31,207.72,0,0.337,0,1,0
TXN116044,16.76,10,10.29,121.06,0,0.405,0,1,0
TXN116045,78.08,14,5.81,61.74,0,0.271,0,1,0
TXN116046,111.8,17,59.3,2.07,2,0.314,0,0,1
TXN116047,70.28,8,23.19,175.56,0,0.404,0,1,0
TXN116048,74.84,16,1.1,9.5,1,0.11,0,1,0
TXN116049,24.08,18,1.42,15.46,0,0.232,0,1,0
TXN116050,19.32,8,2.68,59.44,0,0.212,0,1,0
TXN116051,146.73,18,1.61,109.58,1,0.08,0,1,0
TXN116052,127.41,4,3.87,156.93,0,0.155,0,1,0
TXN116053,169.46,11,15.04,65.41,0,0.473,0,0,0
TXN116054,145.45,14,7.5,78.92,0,0.504,0,0,0
TXN116055,145.58538652581635,9,134.47469209062066,39.65,2,0.6461090809211013,0,1,0
TXN116056,35.04,13,2.23,152.58,0,0.523,0,1,0
TXN116057,48.41,20,8.31,20.21,2,0.121,0,1,0
TXN116058,293.57,8,14.17,72.85,0,0.359,0,1,0
TXN116059,155.85,16,15.57,22.07,0,0.525,0,0,0
TXN116060,111.03,12,1.12,140.54,0,0.085,0,1,0
TXN116061,63.71,17,5.46,50.16,0,0.164,0,1,0
TXN116062,107.69,6,18.23,371.99,0,0.449,0,1,0
TXN116063,61.94,19,12.17,68.94,0,0.491,0,1,0
TXN116064,466.43,4,195.09,0.47,5,0.806,1,1,1
TXN116065,50.96,20,11.66,160.51,0,0.476,0,1,0
TXN116066,24.06,19,4.2,86.57,0,0.132,0,1,0
TXN116067,36.5,13,1.96,157.45,0,0.47,0,0,0
TXN116068,44.14,20,4.53,186.29,0,0.162,0,1,0
TXN116069,198.93,13,8.31,96.03,1,0.082,0,1,0
TXN116070,57.7,8,2.38,169.68,0,0.455,0,1,0
TXN116071,23.99,15,3.7,51.0,0,0.144,0,1,0
TXN116072,63.98,17,2.64,28.54,0,0.448,0,1,0
TXN116073,37.05,17,0.97,226.12,1,0.605,0,1,0
TXN116074,5.29,4,7.51,6.66,0,0.231,0,1,0
TXN116075,129.97,14,6.43,115.17,0,0.257,0,1,0
TXN116076,135.18,0,8.14,134.41,0,0.317,0,1,0
TXN116077,66.86,12,11.24,34.13,1,0.092,0,1,0
TXN116078,78.93,11,5.47,5.49,0,0.408,0,1,0
TXN116079,262.07,9,10.57,3.43,1,0.147,0,1,0
TXN116080,130.12,16,9.1,350.16,0,0.139,0,1,0
TXN116081,118.78,13,7.21,73.27,0,0.304,1,1,0
TXN116082,22.14,14,6.48,61.6,0,0.346,0,1,0
TXN116083,40.64,19,3.88,284.16,1,0.252,0,0,0
TXN116084,163.96,8,5.26,0.34,0,0.124,0,1,0
TXN116085,58.85,17,0.8,121.03,0,0.245,0,0,0
TXN116086,33.41,8,0.5,164.28,0,0.758,0,1,0
TXN116087,149.99,3,8.24,264.98,0,0.558,0,1,0
TXN116088,44.73,0,2.69,103.14,1,0.387,0,0,0
TXN116089,42.32,20,7.51,55.46,1,0.201,0,1,0
TXN116090,234.70978859538803,22,25.329673269149517,3.35,0,0.3414463471658943,0,0,1
TXN116091,22.3,18,2.52,544.58,0,0.344,0,1,0
TXN116092,96.34,14,4.79,618.7,0,0.731,0,1,0
TXN116093,15.55,15,13.86,22.97,0,0.288,0,1,0
TXN116094,61.35,20,3.99,60.43,0,0.071,0,1,0
TXN116095,18.4,18,7.78,96.34,0,0.07,0,1,0
TXN116096,113.2,18,0.9,587.19,1,0.222,0,1,0
TXN116097,132.39,9,6.97,357.96,0,0.102,0,1,0
TXN116098,461.3008920246952,4,2.073691968970397,132.84,0,0.7132937875619249,0,1,0
TXN116099,39.61,20,3.8,198.33,0,0.374,0,1,0
TXN116100,88.13,12,6.07,132.39,0,0.216,0,1,0
TXN116101,243.42,10,185.94,0.83,2,0.647,1,0,1
TXN116102,146.64,16,15.95,82.5,1,0.446,0,0,0
TXN116103,92.05,12,0.51,105.05,1,0.628,0,1,0
TXN116104,68.14,13,4.9,49.15,1,0.346,0,1,0
TXN116105,25.98,18,5.95,23.4,0,0.472,0,1,0
TXN116106,65.47,14,13.87,39.36,0,0.405,0,1,0
TXN116107,5.27,3,0.91,5.28,0,0.171,0,0,0
TXN116108,24.15,2,0.98,35.96,1,0.545,0,1,0
TXN116109,54.2,13,10.43,280.68,0,0.423,0,1,0
TXN116110,477.64288261768047,17,99.24277325560581,160.24,0,0.782009044194279,0,1,0
TXN116111,127.7,14,6.73,164.84,0,0.148,0,1,0
TXN116112,98.63,10,6.76,159.68,1,0.171,0,1,0
TXN116113,55.57,8,3.24,192.59,0,0.306,0,0,0
TXN116114,469.91736386259623,15,12.218122530981281,117.03,1,0.667428360392212,0,1,0
TXN116115,28.21,6,4.39,35.01,0,0.294,0,1,0
TXN116116,35.37,17,10.2,141.27,0,0.074,0,1,0
TXN116117,73.29,3,1.02,284.93,1,0.121,0,1,0
TXN116118,28.17,8,7.85,485.39,0,0.356,0,1,0
TXN116119,78.41,11,7.42,36.06,0,0.111,0,1,0
TXN116120,148.87,4,5.4,151.35,2,0.166,0,1,0
TXN116121,50.41,20,2.37,25.06,1,0.399,0,1,0
TXN116122,23.88,13,2.22,63.92,0,0.333,0,1,0
TXN116123,77.08,18,6.43,12.69,0,0.213,0,1,0
TXN116124,98.27,11,5.8,43.0,0,0.242,0,1,0
TXN116125,4.65,8,17.1,18.04,0,0.365,0,1,0
TXN116126,63.23,15,6.77,165.36,0,0.014,0,1,0
TXN116127,178.77,17,8.64,21.76,0,0.761,0,1,0
TXN116128,49.29,9,1.39,330.23,0,0.468,0,1,0
TXN116129,17.65,12,6.68,49.59,0,0.182,0,0,0
TXN116130,45.12,18,3.39,165.94,0,0.203,0,1,0
TXN116131,84.2,14,5.09,64.31,1,0.635,0,1,0
TXN116132,61.26,9,7.43,57.35,1,0.479,1,1,0
TXN116133,112.65,11,17.92,126.72,0,0.385,0,0,0
TXN116134,60.23,14,18.16,113.95,0,0.477,0,0,0
TXN116135,57.42,18,7.84,449.52,0,0.137,1,1,0
TXN116136,141.77,11,166.51,4.48,4,0.802,0,0,1
TXN116137,66.18,20,3.36,54.93,0,0.151,0,1,0
TXN116138,145.03,17,16.89,43.19,1,0.304,0,0,0
TXN116139,8.85,14,2.26,43.39,0,0.358,0,0,0
TXN116140,36.09,10,0.68,76.11,0,0.111,0,1,0
TXN116141,90.02,6,1.57,18.34,0,0.046,0,0,0
TXN116142,142.93,11,24.56,27.97,0,0.172,0,1,0
TXN116143,81.49,9,4.93,53.47,0,0.21,0,1,0
TXN116144,63.01,11,5.81,109.65,0,0.551,0,0,0
TXN116145,79.57,8,2.02,216.69,0,0.129,0,1,0
TXN116146,12.62,23,3.76,114.09,0,0.612,0,1,0
TXN116147,258.83,20,8.23,329.79,0,0.354,0,1,0
TXN116148,19.71,13,2.02,55.22,0,0.373,0,0,0
TXN116149,12.1,17,8.14,20.38,1,0.184,0,0,0
TXN116150,79.34,4,3.3,676.91,0,0.18,0,1,0
TXN116151,236.33,11,5.18,0.81,1,0.144,0,1,0
TXN116152,147.09,9,20.44,63.63,0,0.428,0,1,0
TXN116153,111.97,13,4.59,19.76,1,0.285,0,1,0
TXN116154,52.52,2,13.51,23.1,0,0.633,0,1,0
TXN116155,52.43,16,7.92,166.88,0,0.504,0,1,0
TXN116156,259.83,14,3.37,215.65,0,0.404,0,1,0
TXN116157,63.11,17,18.62,149.28,0,0.032,0,1,0
TXN116158,143.62,14,4.18,158.73,0,0.373,0,1,0
TXN116159,24.47,16,5.25,78.08,0,0.267,0,1,0
TXN116160,160.29,11,21.0,410.52,1,0.313,0,1,0
TXN116161,100.95,13,3.3,221.75,0,0.329,0,1,0
TXN116162,58.78,11,4.41,51.76,0,0.323,1,1,0
TXN116163,74.01,9,11.65,215.25,0,0.396,0,1,0
TXN116164,39.28,15,10.99,7.19,0,0.547,0,1,0
TXN116165,173.27,9,1.9,12.73,0,0.102,0,1,0
TXN116166,36.29,21,22.66,76.11,1,0.206,0,1,0
TXN116167,135.78,18,2.56,15.75,0,0.286,1,1,0
TXN116168,59.44,8,2.25,451.86,0,0.234,0,0,0
TXN116169,48.18,18,19.93,65.03,0,0.438,0,1,0
TXN116170,451.69,5,264.18,4.34,2,0.637,1,0,1
TXN116171,120.08,17,3.24,34.71,0,0.211,0,1,0
TXN116172,46.88,23,2.39,81.3,2,0.247,0,1,0
TXN116173,50.72,17,12.39,0.56,0,0.573,0,1,0
TXN116174,1120.45,2,236.72,1.14,1,0.784,0,0,1
TXN116175,52.41,11,11.96,225.84,0,0.493,0,1,0
TXN116176,23.99,9,19.74,34.5,0,0.062,0,1,0
TXN116177,73.01,11,2.47,326.6,0,0.517,0,1,0
TXN116178,17.5,17,2.76,16.25,0,0.004,0,1,0
TXN116179,183.02,10,22.75,142.65,1,0.614,0,1,0
TXN116180,19.62,10,7.04,219.53,0,0.236,0,1,0
TXN116181,76.86,11,1.96,29.74,1,0.182,0,1,0
TXN116182,65.04,21,4.17,839.71,0,0.259,0,1,0
TXN116183,593.14,20,75.5,2.32,5,0.591,0,0,1
TXN116184,38.71,11,3.11,45.94,0,0.117,0,1,0
TXN116185,66.2,8,2.83,71.37,0,0.421,0,1,0
TXN116186,107.07,10,18.15,14.09,0,0.123,0,0,0
TXN116187,147.01,14,9.39,11.17,2,0.034,0,1,0
TXN116188,27.62,5,0.94,81.95,1,0.339,0,1,0
TXN116189,137.56,8,7.83,256.62,0,0.191,0,1,0
TXN116190,71.17,18,5.7,85.61,0,0.118,0,1,0
TXN116191,137.18,17,6.92,80.05,0,0.241,0,1,0
TXN116192,132.42,9,8.91,31.97,1,0.204,0,1,0
TXN116193,110.83,14,9.38,607.08,0,0.18,0,0,0
TXN116194,186.25,19,1.86,20.55,0,0.057,0,0,0
TXN116195,52.67,17,15.23,182.74,1,0.248,0,0,0
TXN116196,133.08,10,7.48,33.25,1,0.252,0,1,0
TXN116197,45.27,12,13.45,117.28,0,0.124,0,1,0
TXN116198,48.66,12,5.76,18.21,1,0.349,0,0,0
TXN116199,92.74,9,2.29,297.48,0,0.496,0,1,0
TXN116200,104.15,16,2.06,813.98,0,0.475,0,1,0
TXN116201,63.16,11,1.42,16.12,0,0.33,0,1,0
TXN116202,153.19,9,4.52,64.85,0,0.101,0,1,0
TXN116203,82.11,16,22.18,341.56,0,0.067,0,1,0
TXN116204,80.88,21,1.43,28.71,1,0.17,0,1,0
TXN116205,24.1,9,13.91,82.37,0,0.387,1,1,0
TXN116206,4.63,2,10.26,229.45,1,0.351,0,1,0
TXN116207,62.68,9,1.8,63.0,0,0.181,0,1,0
TXN116208,98.1,9,8.68,239.16,1,0.625,0,0,0
TXN116209,104.33,2,2.37,44.61,0,0.529,0,1,0
TXN116210,181.04,9,4.91,10.2,1,0.581,0,1,0
TXN116211,76.25,15,11.29,132.4,0,0.261,0,1,0
TXN116212,33.92,20,1.61,125.43,0,0.467,0,0,0
TXN116213,77.04,12,3.57,82.0,0,0.367,0,0,0
TXN116214,43.98,17,1.71,276.41,0,0.328,0,1,0
TXN116215,53.01,15,12.5,77.35,0,0.131,0,1,0
TXN116216,132.6,8,2.99,149.04,0,0.129,0,1,0
TXN116217,39.88,13,19.8,46.6,0,0.109,0,0,0
TXN116218,27.15,14,2.86,14.84,0,0.248,0,1,0
TXN116219,230.68,16,1.2,255.44,0,0.321,0,1,0
TXN116220,116.59,11,10.96,162.04,0,0.177,0,1,0
TXN116221,103.45,6,2.48,64.19,1,0.219,1,0,0
TXN116222,41.91,20,8.38,175.17,0,0.198,1,1,0
TXN116223,20.69,19,7.15,180.0,0,0.599,0,1,0
TXN116224,552.4,2,133.43,9.9,2,0.705,1,0,1
TXN116225,372.5785467084536,16,30.383995025162392,212.68,0,0.5603211405334527,0,0,0
TXN116226,106.05,12,8.12,123.59,0,0.315,0,1,0
TXN116227,115.52,7,1.12,36.42,1,0.061,0,1,0
TXN116228,70.16,15,19.35,52.97,1,0.083,0,1,0
TXN116229,53.86,13,2.26,109.9,0,0.423,0,0,0
TXN116230,209.29,16,11.85,8.33,0,0.21,0,1,0
TXN116231,12.82,21,4.86,32.73,0,0.381,0,1,0
TXN116232,168.79,1,0.53,41.14,0,0.106,0,1,0
TXN116233,139.6,12,11.11,12.44,0,0.062,0,0,0
TXN116234,56.91,18,14.78,74.97,0,0.034,0,0,0
TXN116235,109.181271755731,9,43.84105770246501,258.1,0,0.7076584588603798,0,1,0
TXN116236,154.26,10,2.98,20.96,0,0.337,0,1,0
TXN116237,134.35,22,5.92,317.32,0,0.236,0,1,0
TXN116238,1037.95,11,85.73,7.89,0,0.573,1,0,1
TXN116239,166.12,16,5.42,51.42,0,0.43,0,1,0
TXN116240,52.8,15,0.81,69.25,0,0.109,0,0,0
TXN116241,126.55,8,10.41,92.03,0,0.345,0,1,0
TXN116242,91.99,15,3.84,259.3,0,0.295,0,1,0
TXN116243,58.76,17,22.11,61.65,0,0.597,0,1,0
TXN116244,124.63,15,15.07,13.56,0,0.143,0,0,0
TXN116245,39.0,15,15.42,19.17,1,0.113,0,1,0
TXN116246,100.63,8,11.82,74.78,0,0.379,0,1,0
TXN116247,96.18,16,5.41,56.0,0,0.083,0,1,0
TXN116248,21.39,5,4.53,120.09,0,0.276,0,1,0
TXN116249,26.96,10,10.61,48.77,2,0.14,0,0,0
TXN116250,71.6,20,15.61,15.46,0,0.129,0,1,0
TXN116251,627.5481273064476,11,147.10084053087937,0.33,0,0.5061807603882419,0,1,0
TXN116252,52.1,10,12.75,105.11,0,0.489,0,1,0
TXN116253,11.51,10,0.54,92.81,0,0.174,0,1,0
TXN116254,189.42,22,6.65,43.0,0,0.256,0,1,0
TXN116255,135.78,8,0.8,105.24,1,0.08,0,1,0
TXN116256,147.93,10,11.04,36.56,0,0.238,0,1,0
TXN116257,95.20022995205095,18,40.22330704978657,202.61,0,0.7796863823660733,0,0,0
TXN116258,34.0,20,3.2,224.58,1,0.406,0,1,0
TXN116259,102.97,16,6.54,22.42,0,0.662,0,1,0
TXN116260,87.77,19,1.43,6.28,0,0.258,0,1,0
TXN116261,38.34,17,4.08,216.71,0,0.024,0,0,0
TXN116262,15.36,11,5.44,393.3,0,0.257,0,1,0
TXN116263,79.81,8,1.57,174.89,0,0.344,0,0,0
TXN116264,148.42,11,9.1,154.94,0,0.061,0,0,0
TXN116265,579.32,5,245.97,4.8,1,0.718,1,0,1
TXN116266,105.45,5,6.47,313.75,0,0.721,0,1,0
TXN116267,89.43,11,7.21,1.78,0,0.039,0,1,0
TXN116268,403.8973410508643,17,72.65131503226647,8.47,1,0.6596564399614828,0,1,0
TXN116269,71.78,15,2.78,49.41,1,0.074,0,1,0
TXN116270,39.99,18,11.41,10.06,0,0.466,0,1,0
TXN116271,113.17,11,0.81,202.08,0,0.298,0,1,0
TXN116272,223.43,10,4.21,269.59,1,0.51,0,1,0
TXN116273,99.21,17,2.21,10.25,0,0.024,0,1,0
TXN116274,57.59,8,17.57,41.88,0,0.273,0,1,0
TXN116275,20.31,20,4.67,105.54,1,0.389,0,1,0
TXN116276,12.07,8,6.88,17.68,0,0.442,0,0,0
TXN116277,121.62,12,7.29,47.68,0,0.206,0,1,0
TXN116278,47.96,20,3.1,177.13,1,0.1,0,1,0
TXN116279,28.25,8,13.03,0.01,0,0.176,0,1,0
TXN116280,25.46,12,5.35,69.71,0,0.338,0,1,0
TXN116281,27.75,20,6.99,195.07,0,0.065,0,0,0
TXN116282,53.48,10,4.03,342.9,0,0.167,0,1,0
TXN116283,5.77,21,6.45,229.09,0,0.308,0,1,0
TXN116284,389.18,13,2.2,22.06,0,0.223,0,1,0
TXN116285,120.64,17,9.5,25.24,0,0.208,0,1,0
TXN116286,136.97,6,11.94,24.67,0,0.431,0,1,0
TXN116287,103.26,18,4.09,32.4,1,0.156,0,1,0
TXN116288,22.1,17,3.78,68.87,2,0.14,0,1,0
TXN116289,26.75,19,5.19,12.82,1,0.436,0,1,0
TXN116290,194.87,22,5.49,38.08,0,0.157,0,1,0
TXN116291,40.37,16,10.44,55.84,0,0.432,0,1,0
TXN116292,47.38,7,16.68,67.77,0,0.462,1,1,0
TXN116293,100.39,15,1.3,59.95,0,0.53,0,0,0
TXN116294,80.81,8,10.35,177.91,0,0.106,0,1,0
TXN116295,46.76,17,1.01,217.07,0,0.456,0,0,0
TXN116296,120.16,22,16.37,157.48,0,0.125,0,1,0
TXN116297,42.1,7,6.59,166.14,0,0.096,0,1,0
TXN116298,148.98,18,13.44,4.13,0,0.115,0,1,0
TXN116299,154.9405364373799,6,39.31633052128518,132.58,1,0.5121013800336024,1,1,0
TXN116300,97.01,4,1.43,105.26,0,0.12,0,1,0
TXN116301,47.25,15,11.62,192.6,0,0.535,0,1,0
TXN116302,66.34,10,13.8,66.2,2,0.11,0,1,0
TXN116303,125.49,15,14.99,76.43,0,0.525,0,0,0
TXN116304,105.44,15,5.17,179.29,0,0.685,0,1,0
TXN116305,57.36,9,5.65,111.06,1,0.085,0,1,0
TXN116306,39.2,14,8.91,16.33,0,0.589,0,0,0
TXN116307,27.22,10,4.63,21.77,1,0.442,0,1,0
TXN116308,111.24,10,11.61,210.49,1,0.35,0,1,0
TXN116309,124.28,3,3.83,72.55,1,0.331,1,1,0
TXN116310,43.41,13,0.82,62.59,0,0.125,0,1,0
TXN116311,111.12,15,24.84,40.09,1,0.276,0,0,0
TXN116312,154.28,22,11.78,112.49,0,0.43,0,1,0
TXN116313,62.05,20,9.09,2.04,2,0.555,1,1,0
TXN116314,245.66,19,24.61,2.83,3,0.677,1,0,1
TXN116315,96.25,15,1.66,142.54,1,0.5,0,0,0
TXN116316,111.54,13,2.97,107.51,0,0.419,0,0,0
TXN116317,108.46,16,11.7,217.14,0,0.036,0,1,0
TXN116318,221.66,10,4.59,64.9,0,0.351,0,1,0
TXN116319,32.22,10,14.95,14.97,1,0.082,0,0,0
TXN116320,67.09,23,5.21,35.1,1,0.265,0,1,0
TXN116321,58.64,2,12.17,26.04,0,0.533,0,0,0
TXN116322,122.89,12,1.23,11.2,0,0.104,0,1,0
TXN116323,88.47,9,1.42,368.75,1,0.346,0,1,0
TXN116324,93.51,14,8.23,277.97,0,0.124,0,1,0
TXN116325,95.12,8,1.93,9.54,0,0.165,0,1,0
TXN116326,26.06,19,20.34,2.56,0,0.198,0,1,0
TXN116327,112.17,10,9.11,685.9,0,0.5,0,1,0
TXN116328,96.49,12,13.43,194.96,0,0.571,0,1,0
TXN116329,47.52,9,3.92,175.47,0,0.338,0,1,0
TXN116330,721.84,5,497.23,0.3,3,0.547,0,0,1
TXN116331,166.64,12,2.76,87.3,0,0.007,0,1,0
TXN116332,85.16,13,7.53,30.17,0,0.249,0,1,0
TXN116333,64.6,19,11.29,4.04,1,0.454,0,1,0
TXN116334,84.94,13,19.68,70.87,0,0.59,0,1,0
TXN116335,33.44,7,9.12,146.65,0,0.139,0,1,0
TXN116336,11.61,20,9.93,292.77,1,0.224,0,1,0
TXN116337,35.98,13,7.48,522.47,0,0.347,1,1,0
TXN116338,47.03,17,0.44,91.62,0,0.056,0,1,0
TXN116339,26.48,8,2.34,500.44,0,0.316,0,0,0
TXN116340,47.09,19,9.56,56.53,0,0.149,0,1,0
TXN116341,85.01,11,3.98,215.89,1,0.163,0,1,0
TXN116342,52.95,14,3.64,5.4,0,0.218,0,1,0
TXN116343,174.45,4,32.86,370.51,1,0.152,0,1,0
TXN116344,31.92,14,9.6,0.58,0,0.191,0,1,0
TXN116345,233.3,7,13.42,282.22,1,0.422,0,0,0
TXN116346,41.46,19,3.01,37.81,0,0.281,0,1,0
TXN116347,135.21,12,22.52,12.03,0,0.232,0,0,0
TXN116348,30.01,19,12.31,19.43,0,0.1,0,1,0
TXN116349,105.99,4,1.85,26.14,1,0.317,0,1,0
TXN116350,39.88,19,3.71,369.14,0,0.18,0,1,0
TXN116351,61.84,20,1.37,18.06,0,0.143,0,1,0
TXN116352,65.13,22,7.99,88.61,0,0.171,0,0,0
TXN116353,56.22,17,3.11,30.2,0,0.271,0,1,0
TXN116354,1309.65,20,191.91,6.09,1,0.829,1,1,1
TXN116355,90.8,15,3.89,44.16,0,0.307,0,1,0
TXN116356,65.75,21,8.6,36.7,1,0.327,0,1,0
TXN116357,73.8,18,27.93,102.73,0,0.401,0,1,0
TXN116358,92.44,9,8.35,5.17,1,0.435,0,1,0
TXN116359,92.22,10,6.72,60.35,0,0.158,0,1,0
TXN116360,41.46,20,8.69,48.03,0,0.208,0,0,0
TXN116361,139.52,13,7.93,0.5,0,0.304,0,1,0
TXN116362,83.95,8,5.34,52.17,0,0.042,0,1,0
TXN116363,37.28,23,1.28,4.58,1,0.357,1,1,0
TXN116364,62.09,14,13.22,11.84,0,0.16,0,1,0
TXN116365,70.66,4,1.2,209.93,0,0.262,0,1,0
TXN116366,14.1,9,14.36,20.67,0,0.426,0,1,0
TXN116367,34.1,13,4.73,493.79,1,0.145,0,1,0
TXN116368,190.61,14,9.9,250.06,0,0.14,0,0,0
TXN116369,217.75,8,1.6,43.06,0,0.118,0,1,0
TXN116370,556.1178020975364,19,44.335036729047616,86.76,0,0.6102672448951024,0,1,0
TXN116371,20.99,14,12.89,116.38,1,0.234,0,1,0
TXN116372,121.6,11,2.36,182.54,0,0.244,0,1,0
TXN116373,136.00532839092796,6,173.11835201094559,143.36,2,0.5963291923285547,0,0,0
TXN116374,317.34,9,0.94,136.13,1,0.375,0,1,0
TXN116375,61.27,10,1.15,464.37,0,0.493,0,1,0
TXN116376,130.49,10,5.09,7.26,1,0.206,0,1,0
TXN116377,241.18,17,7.03,43.59,0,0.166,0,1,0
TXN116378,144.09,10,10.05,190.73,0,0.291,0,0,0
TXN116379,73.49,19,1.22,38.71,0,0.093,0,1,0
TXN116380,118.48,9,10.7,164.15,0,0.628,0,1,0
TXN116381,175.77,15,1.34,128.47,0,0.184,0,0,0
TXN116382,96.93,7,21.34,9.57,1,0.212,0,1,0
TXN116383,142.82,17,10.85,162.87,0,0.329,0,1,0
TXN116384,107.03,17,3.08,72.98,1,0.405,0,1,0
TXN116385,54.45,13,6.72,115.34,1,0.007,0,1,0
TXN116386,59.89,13,2.77,60.59,0,0.443,0,1,0
TXN116387,27.66,18,1.97,292.33,0,0.17,1,1,0
TXN116388,58.083116235647765,11,141.9120112974404,33.45,0,0.732083165377813,0,1,0
TXN116389,76.38,12,0.81,163.23,0,0.308,0,1,0
TXN116390,40.27,10,8.77,281.52,0,0.628,0,1,0
TXN116391,257.22,22,265.74,2.22,2,0.932,1,1,1
TXN116392,21.99,14,27.88,69.64,0,0.247,0,1,0
TXN116393,17.75,15,3.37,223.51,0,0.236,0,1,0
TXN116394,192.91,5,8.35,253.16,0,0.201,0,0,0
TXN116395,136.5,20,10.35,84.23,1,0.261,0,1,0
TXN116396,88.61,3,8.49,258.32,0,0.225,0,1,0
TXN116397,95.56,17,2.96,89.3,1,0.184,0,1,0
TXN116398,179.89,19,1.37,49.43,0,0.278,0,1,0
TXN116399,137.31,11,11.92,23.56,0,0.194,0,1,0
TXN116400,154.12,14,5.27,86.2,0,0.312,0,1,0
TXN116401,31.31,16,1.96,75.73,0,0.259,0,1,0
TXN116402,68.29,12,1.89,115.42,0,0.015,0,1,0
TXN116403,261.00780275148315,16,94.17106038970199,2.11,0,0.5028804525994827,0,1,0
TXN116404,58.3,9,13.73,650.48,2,0.339,0,1,0
TXN116405,81.38,13,6.3,483.82,0,0.198,0,0,0
TXN116406,71.75,12,0.34,76.23,2,0.15,1,1,0
TXN116407,32.99,20,2.36,157.21,0,0.068,0,1,0
TXN116408,44.53,12,18.23,10.45,0,0.376,0,1,0
TXN116409,84.12,18,18.2,53.84,0,0.209,0,1,0
TXN116410,58.57,16,5.0,3.78,0,0.301,0,1,0
TXN116411,235.9766591386624,12,424.4744703694497,25.24,2,0.6766167749891581,0,1,0
TXN116412,152.84,22,6.86,681.78,0,0.138,0,1,0
TXN116413,120.92,15,12.59,75.81,1,0.417,0,1,0
TXN116414,36.14,10,19.29,191.86,1,0.324,0,0,0
TXN116415,156.62,5,5.19,272.0,0,0.139,0,1,0
TXN116416,28.38,18,4.93,165.32,1,0.083,0,1,0
TXN116417,171.17,23,11.46,122.91,0,0.302,0,1,0
TXN116418,421.29,7,87.85,15.51,7,0.517,0,0,1
TXN116419,35.86,18,3.85,55.94,2,0.331,0,1,0
TXN116420,161.72,7,17.02,29.36,0,0.065,0,0,0
TXN116421,99.47,8,3.41,77.15,0,0.14,0,0,0
TXN116422,89.46,4,5.17,84.41,0,0.523,0,1,0
TXN116423,16.58,16,12.66,18.67,0,0.325,0,1,0
TXN116424,20.78,4,4.53,90.05,0,0.084,0,1,0
TXN116425,72.59,10,10.13,71.79,0,0.227,0,1,0
TXN116426,29.86,4,12.24,17.93,0,0.315,0,1,0
TXN116427,9.01,20,2.41,265.25,0,0.386,0,1,0
TXN116428,139.31,11,6.28,97.33,1,0.313,0,1,0
TXN116429,167.07,20,3.45,52.26,0,0.072,0,1,0
TXN116430,159.73,19,11.45,83.59,0,0.333,0,1,0
TXN116431,119.99,18,2.45,8.73,0,0.273,0,1,0
TXN116432,45.59,9,16.34,59.65,0,0.151,0,0,0
TXN116433,432.2811914369035,16,33.508888479924046,267.8,1,0.551033216661441,0,1,0
TXN116434,40.45,10,11.08,277.53,1,0.496,0,1,0
TXN116435,53.51,12,2.96,25.08,0,0.314,0,1,0
TXN116436,37.76,23,3.08,267.28,0,0.429,0,1,0
TXN116437,171.25,22,14.82,115.78,0,0.26,0,1,0
TXN116438,75.55,20,6.78,311.34,0,0.318,0,1,0
TXN116439,49.99,17,1.94,19.26,1,0.159,0,1,0
TXN116440,51.62,14,3.13,192.25,1,0.347,0,1,0
TXN116441,18.26,19,12.4,74.76,0,0.389,0,1,0
TXN116442,162.9,9,7.41,438.54,0,0.395,0,1,0
TXN116443,53.03,16,6.08,329.67,1,0.094,0,1,0
TXN116444,28.55,17,7.64,148.81,0,0.26,0,1,0
TXN116445,95.87,12,1.3,142.72,0,0.39,0,1,0
TXN116446,89.16,19,13.68,367.84,1,0.226,0,1,0
TXN116447,92.67,19,13.79,63.21,0,0.177,0,1,0
TXN116448,66.29,17,4.83,52.26,1,0.382,0,0,0
TXN116449,41.77,9,12.74,104.43,0,0.546,0,0,0
TXN116450,105.91,16,7.59,0.83,0,0.332,0,1,0
TXN116451,87.8,18,7.24,63.64,0,0.563,0,1,0
TXN116452,53.72,8,5.59,12.69,0,0.164,0,1,0
TXN116453,29.17,14,17.2,281.62,0,0.662,0,1,0
TXN116454,35.0,15,14.94,250.26,1,0.458,0,1,0
TXN116455,37.98,11,0.74,46.92,0,0.12,0,0,0
TXN116456,41.8,11,14.48,30.18,0,0.491,0,1,0
TXN116457,18.16,14,1.95,7.46,0,0.412,0,1,0
TXN116458,65.54,15,10.77,43.05,0,0.357,0,1,0
TXN116459,43.62,19,2.69,45.56,1,0.123,0,1,0
TXN116460,49.0,9,6.25,3.07,0,0.151,0,1,0
TXN116461,118.85,11,15.23,272.97,0,0.212,0,1,0
TXN116462,103.46,5,4.36,68.91,0,0.157,0,0,0
TXN116463,7.75,9,29.32,17.3,1,0.467,0,1,0
TXN116464,171.13,6,1.84,47.42,0,0.216,0,0,0
TXN116465,73.76,11,2.6,376.78,1,0.564,1,1,0
TXN116466,195.26439571876958,16,21.308000993409316,24.02,0,0.7006243990325345,0,0,0
TXN116467,46.75,16,3.23,59.36,0,0.713,0,0,0
TXN116468,30.42,19,8.57,11.8,1,0.238,0,1,0
TXN116469,125.42234686055262,0,7.807300416559179,2.71,8,0.4491766527432765,1,0,1
TXN116470,184.27,12,14.52,371.57,0,0.041,0,1,0
TXN116471,98.63,23,6.2,140.26,0,0.159,0,1,0
TXN116472,19.17,1,8.2,137.77,1,0.114,0,1,0
TXN116473,74.62,2,6.95,62.08,0,0.483,1,1,0
TXN116474,174.13,20,18.23,67.02,1,0.192,0,1,0
TXN116475,7.32,14,14.58,50.58,0,0.34,0,1,0
TXN116476,33.07,3,11.25,121.95,0,0.131,0,1,0
TXN116477,43.78,8,2.08,228.33,0,0.08,0,1,0
TXN116478,95.59,8,2.35,7.23,0,0.297,0,1,0
TXN116479,69.2,14,2.16,78.56,1,0.055,0,1,0
TXN116480,33.82,1,15.51,11.63,1,0.564,0,1,0
TXN116481,43.73,14,2.42,78.0,1,0.742,0,1,0
TXN116482,117.68,16,10.97,73.07,0,0.192,0,1,0
TXN116483,81.45,13,1.33,35.82,0,0.399,0,1,0
TXN116484,93.18,16,17.36,32.04,2,0.27,0,1,0
TXN116485,17.05,3,5.75,108.43,0,0.298,1,1,0
TXN116486,81.75,18,7.01,43.38,1,0.255,0,1,0
TXN116487,54.18,19,5.99,469.2,0,0.104,0,1,0
TXN116488,88.33,12,11.99,95.61,0,0.209,0,0,0
TXN116489,59.17,17,12.42,262.28,0,0.266,0,0,0
TXN116490,66.76,10,15.11,301.78,0,0.073,0,1,0
TXN116491,105.67,13,5.52,154.06,1,0.31,0,1,0
TXN116492,91.26,18,2.83,0.95,1,0.073,0,1,0
TXN116493,53.8,21,14.82,0.59,0,0.271,0,1,0
TXN116494,199.94,11,2.08,168.47,1,0.377,0,1,0
TXN116495,20.05,6,0.66,187.23,0,0.249,0,0,0
TXN116496,72.61,13,18.35,100.43,0,0.054,1,0,0
TXN116497,231.67,13,5.45,415.33,1,0.221,0,0,0
TXN116498,178.17,22,8.08,27.99,1,0.389,0,0,0
TXN116499,35.92,11,54.61,111.62,1,0.067,0,1,0
TXN116500,114.35,7,10.39,468.79,1,0.287,0,1,0
TXN116501,17.46,18,1.41,193.45,1,0.021,0,1,0
TXN116502,80.4,7,10.51,50.61,1,0.716,0,1,0
TXN116503,65.8,9,0.61,71.51,0,0.349,0,0,0
TXN116504,67.5,18,2.08,164.33,0,0.181,0,1,0
TXN116505,131.1472742753842,9,12.51134573711757,47.11,1,0.7453350968755719,0,1,0
TXN116506,37.68,16,0.51,18.88,1,0.292,0,1,0
TXN116507,50.19,8,1.45,56.27,0,0.258,0,1,0
TXN116508,4.99,15,17.09,236.97,0,0.026,0,1,0
TXN116509,27.13,20,6.49,8.37,2,0.11,0,1,0
TXN116510,163.35,14,4.97,38.9,0,0.278,0,1,0
TXN116511,43.21,16,3.55,1.11,0,0.459,0,0,0
TXN116512,69.3,14,4.21,117.81,1,0.445,1,1,0
TXN116513,38.12,12,2.4,18.81,1,0.491,0,1,0
TXN116514,91.23,8,7.67,26.64,0,0.361,1,1,0
TXN116515,189.58,20,14.0,34.73,1,0.245,0,1,0
TXN116516,131.77,19,2.86,51.66,0,0.368,0,0,0
TXN116517,62.51,17,4.07,54.46,1,0.203,0,1,0
TXN116518,97.56,17,11.31,118.7,1,0.272,0,1,0
TXN116519,67.52,15,6.61,116.61,0,0.178,0,0,0
TXN116520,23.56,15,8.68,425.56,0,0.093,0,1,0
TXN116521,334.23,15,6.02,34.0,0,0.242,0,0,0
TXN116522,63.74,8,2.95,1.36,0,0.151,0,1,0
TXN116523,129.05,11,8.74,59.98,1,0.092,0,1,0
TXN116524,73.75,16,2.61,481.26,0,0.437,0,1,0
TXN116525,91.83,16,2.16,135.74,0,0.164,0,1,0
TXN116526,35.33,13,11.02,59.49,1,0.45,0,1,0
TXN116527,7.97,19,2.21,96.01,0,0.243,0,1,0
TXN116528,74.8,18,4.53,137.23,1,0.213,0,1,0
TXN116529,146.24,16,14.3,320.11,1,0.428,0,1,0
TXN116530,35.07,16,4.16,8.53,0,0.408,0,0,0
TXN116531,129.32,18,3.66,102.67,0,0.142,0,1,0
TXN116532,161.27,15,19.67,131.02,0,0.428,0,1,0
TXN116533,85.06,11,3.54,287.03,0,0.328,0,1,0
TXN116534,59.61,12,3.82,209.58,0,0.691,0,1,0
TXN116535,84.43,11,20.78,38.8,0,0.787,0,0,0
TXN116536,57.77,23,12.76,75.67,0,0.221,0,1,0
TXN116537,45.64,17,3.45,314.23,0,0.413,0,1,0
TXN116538,121.65,20,25.76,93.69,0,0.22,0,1,0
TXN116539,39.24,22,1.9,27.96,0,0.342,0,1,0
TXN116540,124.7,21,4.44,296.47,0,0.608,0,1,0
TXN116541,22.71,23,3.79,140.93,0,0.279,0,0,0
TXN116542,42.33852886556709,12,73.65268935490755,133.13,1,0.6080657211237306,0,1,0
TXN116543,158.37,13,4.6,85.19,1,0.523,0,1,0
TXN116544,49.97,3,3.06,5.32,0,0.134,0,1,0
TXN116545,139.63,10,29.65,19.91,0,0.206,0,0,0
TXN116546,12.47,13,3.95,219.1,0,0.09,0,1,0
TXN116547,175.26,9,32.02,311.22,0,0.41,0,1,0
TXN116548,30.72,18,4.64,254.21,0,0.255,0,1,0
TXN116549,59.56,11,10.42,64.72,0,0.192,0,0,0
TXN116550,50.10367812253067,19,148.64678979351382,317.24,2,0.6697434707573614,1,0,0
TXN116551,57.02,15,2.28,245.43,0,0.31,0,0,0
TXN116552,19.22,0,5.16,270.75,0,0.033,0,1,0
TXN116553,83.34,12,9.33,78.05,0,0.286,0,1,0
TXN116554,150.35,9,7.34,38.02,0,0.1,1,1,0
TXN116555,41.64,18,28.97,23.09,0,0.169,0,1,0
TXN116556,124.18,13,12.22,0.77,1,0.298,1,0,0
TXN116557,178.05,14,2.65,282.64,1,0.358,0,1,0
TXN116558,175.39,12,6.49,265.42,0,0.223,0,1,0
TXN116559,65.2,13,7.25,588.77,0,0.251,0,1,0
TXN116560,39.14,22,18.21,51.01,0,0.038,0,1,0
TXN116561,27.37,19,1.57,47.86,0,0.263,0,1,0
TXN116562,84.22,12,2.11,326.8,2,0.537,0,1,0
TXN116563,77.27,6,1.5,135.19,0,0.169,0,1,0
TXN116564,48.53,13,2.71,78.69,0,0.148,0,1,0
TXN116565,51.65,9,8.18,9.21,0,0.457,0,0,0
TXN116566,52.05,9,15.73,82.72,2,0.018,0,1,0
TXN116567,122.07,13,23.4,49.46,1,0.227,0,1,0
TXN116568,43.6,18,2.41,161.05,1,0.104,0,1,0
TXN116569,73.77,18,2.16,367.83,0,0.185,0,1,0
TXN116570,80.32,17,2.06,519.93,0,0.174,0,0,0
TXN116571,86.46,12,2.8,41.56,0,0.423,0,1,0
TXN116572,45.23,14,6.57,272.72,0,0.283,0,1,0
TXN116573,159.27,2,2.32,51.58,0,0.19,0,0,0
TXN116574,64.82,9,24.63,54.09,2,0.365,0,1,0
TXN116575,87.64,13,17.72,0.82,0,0.074,0,1,0
TXN116576,85.59,5,3.76,141.39,0,0.269,0,0,0
TXN116577,13.29,3,7.78,2.83,0,0.614,0,0,0
TXN116578,52.26,6,7.91,110.22,1,0.34,0,0,0
TXN116579,92.72,13,1.18,136.63,0,0.209,0,1,0
TXN116580,60.05,11,7.64,90.27,1,0.187,0,1,0
TXN116581,101.29,15,17.37,130.13,0,0.266,0,1,0
TXN116582,17.1,18,1.86,256.78,0,0.114,0,1,0
TXN116583,150.06,5,27.71,71.25,0,0.244,0,1,0
TXN116584,42.71,22,10.32,133.85,0,0.219,0,1,0
TXN116585,159.73,20,13.05,65.55,0,0.337,0,1,0
TXN116586,94.06,14,22.3,440.48,0,0.392,0,1,0
TXN116587,63.33,12,8.29,80.79,0,0.274,0,0,0
TXN116588,85.39,2,7.54,94.96,0,0.283,0,1,0
TXN116589,251.16,18,10.33,93.93,0,0.37,0,1,0
TXN116590,79.73,4,5.32,41.51,2,0.024,0,1,0
TXN116591,60.47,13,6.32,25.06,0,0.16,0,0,0
TXN116592,42.9,9,6.34,20.77,2,0.563,0,1,0
TXN116593,107.11,2,3.42,28.95,0,0.296,0,1,0
TXN116594,18.39,8,23.2,285.73,2,0.137,0,1,0
TXN116595,77.62,10,2.59,98.02,0,0.7,0,1,0
TXN116596,36.94,14,14.85,42.02,1,0.391,0,1,0
TXN116597,47.63,19,6.52,209.11,0,0.124,0,1,0
TXN116598,6.05,17,6.82,52.84,0,0.158,0,1,0
TXN116599,104.79,14,1.55,521.68,0,0.426,0,0,0
TXN116600,82.62,16,3.83,9.26,0,0.42,0,0,0
TXN116601,32.7,11,1.88,127.62,1,0.08,0,1,0
TXN116602,196.16,6,4.21,17.77,0,0.201,0,1,0
TXN116603,200.68,6,7.46,151.76,0,0.291,0,1,0
TXN116604,21.01,18,1.22,34.58,0,0.48,0,1,0
TXN116605,167.98,16,10.82,338.99,0,0.439,0,1,0
TXN116606,29.06,0,9.69,194.27,0,0.288,0,1,0
TXN116607,99.68,4,3.64,328.48,1,0.184,0,1,0
TXN116608,44.42,15,6.05,119.67,0,0.149,0,1,0
TXN116609,127.27,18,9.35,283.06,0,0.272,0,1,0
TXN116610,89.77,17,8.41,52.8,0,0.086,0,0,0
TXN116611,59.89,17,2.64,137.37,1,0.056,0,1,0
TXN116612,141.37,21,7.97,132.47,0,0.22,0,0,0
TXN116613,280.66,15,4.47,249.32,0,0.086,0,0,0
TXN116614,86.3,23,9.55,68.33,0,0.258,0,1,0
TXN116615,92.04,10,10.21,36.01,0,0.083,0,1,0
TXN116616,40.26,1,5.3,23.19,0,0.203,0,1,0
TXN116617,114.36,13,0.81,14.51,0,0.019,0,1,0
TXN116618,61.62,6,6.35,50.23,0,0.766,0,1,0
TXN116619,268.59,11,3.85,107.67,0,0.308,0,1,0
TXN116620,149.51767045834157,8,16.062086470174275,98.05,0,0.5726222842760932,0,1,0
TXN116621,121.03,23,9.89,119.78,0,0.236,0,1,0
TXN116622,95.44,10,4.34,75.57,0,0.355,0,1,0
TXN116623,179.21,9,9.76,182.31,1,0.338,0,1,0
TXN116624,54.37,11,1.27,41.55,0,0.168,0,1,0
TXN116625,44.47,3,2.26,12.35,0,0.186,0,1,0
TXN116626,27.58,12,1.33,219.19,0,0.602,0,1,0
TXN116627,45.4,23,5.64,55.47,0,0.253,0,1,0
TXN116628,310.16299838908213,11,113.76252221789554,139.75,0,0.5166897261840477,0,0,0
TXN116629,92.69,13,10.75,27.84,1,0.125,0,1,0
TXN116630,100.5,22,3.98,95.23,0,0.145,0,1,0
TXN116631,51.81,1,270.15,4.66,3,0.788,1,0,1
TXN116632,125.38,18,8.69,2.12,1,0.217,0,1,0
TXN116633,14.71,17,6.17,27.96,0,0.331,0,1,0
TXN116634,72.29,18,8.94,42.34,0,0.428,0,1,0
TXN116635,135.88,7,16.58,77.42,0,0.183,0,1,0
TXN116636,120.34,17,2.59,132.26,0,0.188,1,1,0
TXN116637,11.42,15,6.46,212.81,0,0.309,0,0,0
TXN116638,7.82,8,20.31,157.85,0,0.316,0,1,0
TXN116639,113.15,10,10.11,60.65,1,0.136,0,1,0
TXN116640,75.87,11,12.81,88.17,0,0.391,0,1,0
TXN116641,111.51,20,5.52,239.21,0,0.283,0,0,0
TXN116642,105.23,21,12.68,54.39,0,0.222,0,1,0
TXN116643,47.62,17,5.06,168.82,0,0.296,0,1,0
TXN116644,149.7,16,5.41,157.2,0,0.424,0,1,0
TXN116645,55.39,22,9.59,114.96,0,0.036,0,1,0
TXN116646,201.93,16,0.45,62.73,0,0.747,0,1,0
TXN116647,126.33,15,3.19,108.38,0,0.377,0,0,0
TXN116648,108.52,13,0.93,22.69,0,0.247,0,1,0
TXN116649,66.86,8,9.44,135.65,0,0.512,0,1,0
TXN116650,17.15,3,9.11,53.23,0,0.399,0,1,0
TXN116651,64.56,3,2.06,2.51,0,0.113,0,1,0
TXN116652,87.14,16,14.45,340.79,0,0.274,0,1,0
TXN116653,58.36,17,1.0,55.56,0,0.462,0,1,0
TXN116654,127.94,16,10.08,159.0,0,0.108,0,1,0
TXN116655,77.35,5,0.44,8.33,1,0.088,0,1,0
TXN116656,244.0,18,4.37,20.0,0,0.335,1,1,0
TXN116657,29.61,16,12.51,298.58,1,0.127,0,1,0
TXN116658,9.79,15,2.07,339.9,0,0.256,0,1,0
TXN116659,264.34,1,9.35,39.88,0,0.106,0,1,0
TXN116660,10.73,16,36.61,451.54,0,0.042,0,1,0
TXN116661,47.32,19,2.9,154.03,0,0.446,0,1,0
TXN116662,30.34,10,10.68,74.06,1,0.177,0,0,0
TXN116663,99.59,10,10.83,54.12,0,0.334,0,0,0
TXN116664,99.36,19,10.07,43.17,0,0.44,0,1,0
TXN116665,3.37,12,6.52,9.75,0,0.107,0,1,0
TXN116666,122.85,13,3.21,128.52,0,0.315,0,1,0
TXN116667,33.61,19,2.95,157.41,0,0.599,0,1,0
TXN116668,101.12,3,3.07,0.64,0,0.386,0,1,0
TXN116669,190.74,18,1.12,156.7,0,0.085,0,1,0
TXN116670,30.36,7,3.7,83.66,0,0.172,0,0,0
TXN116671,71.72,20,7.1,146.6,1,0.284,0,1,0
TXN116672,131.71,14,16.08,167.45,0,0.319,0,1,0
TXN116673,69.03,9,1.69,68.02,0,0.496,0,0,0
TXN116674,114.91,9,4.42,294.53,0,0.261,0,1,0
TXN116675,143.57,19,2.71,104.2,0,0.589,0,1,0
TXN116676,22.79483008137576,20,27.92196768410388,141.56,1,0.5612888456448892,0,1,0
TXN116677,137.28,8,6.42,9.44,1,0.178,1,1,0
TXN116678,252.51,15,0.45,278.79,0,0.087,0,0,0
TXN116679,71.45,9,1.17,79.18,0,0.097,0,0,0
TXN116680,82.47,1,3.19,22.25,0,0.227,0,1,0
TXN116681,5.46,12,5.09,30.43,0,0.14,0,1,0
TXN116682,39.24,14,11.08,297.09,0,0.41,0,1,0
TXN116683,79.48,4,4.73,69.51,1,0.269,0,1,0
TXN116684,80.25,22,3.32,65.04,2,0.443,0,1,0
TXN116685,64.47,12,3.29,130.06,0,0.381,1,1,0
TXN116686,26.08,22,2.98,6.57,1,0.312,0,1,0
TXN116687,25.13,8,10.46,121.6,1,0.341,0,1,0
TXN116688,55.52,16,12.68,157.75,0,0.553,0,1,0
TXN116689,250.34001865163833,21,172.06156988619708,46.54,0,0.7118976278598756,0,1,0
TXN116690,23.55,12,20.44,118.69,1,0.088,0,1,0
TXN116691,41.93,13,19.42,31.07,0,0.391,0,1,0
TXN116692,101.4,17,14.49,275.53,0,0.133,0,1,0
TXN116693,96.25,11,11.82,51.52,1,0.344,0,1,0
TXN116694,63.36,10,0.36,19.25,0,0.292,0,1,0
TXN116695,66.71,15,3.22,42.62,0,0.228,0,1,0
TXN116696,66.09,18,3.11,73.72,0,0.42,0,1,0
TXN116697,45.06,17,16.61,62.42,0,0.15,0,1,0
TXN116698,14.65,5,2.56,364.92,0,0.253,0,1,0
TXN116699,69.81,17,12.08,203.28,0,0.173,0,1,0
TXN116700,75.24,11,8.2,403.89,0,0.204,0,0,0
TXN116701,201.74,19,8.7,153.62,0,0.143,0,1,0
TXN116702,70.44,14,2.28,123.93,0,0.255,0,1,0
TXN116703,4.2,17,14.47,56.41,0,0.437,0,0,0
TXN116704,209.03,8,3.9,22.44,0,0.239,0,1,0
TXN116705,158.99,18,3.3,38.58,1,0.033,0,1,0
TXN116706,67.81,9,16.99,88.78,0,0.304,0,1,0
TXN116707,17.75,19,5.35,160.81,3,0.281,0,1,0
TXN116708,11.05,17,10.67,12.02,0,0.134,0,1,0
TXN116709,123.84,16,2.02,225.54,0,0.628,0,0,0
TXN116710,120.78,22,5.41,28.41,0,0.374,0,1,0
TXN116711,112.01,10,5.79,389.52,1,0.117,0,1,0
TXN116712,49.29,3,5.74,160.23,0,0.286,0,1,0
TXN116713,95.88,6,10.99,4.12,0,0.245,0,1,0
TXN116714,85.49,11,10.76,12.11,0,0.625,0,1,0
TXN116715,71.21,11,2.4,4.13,2,0.299,0,1,0
TXN116716,62.26,20,7.67,196.32,0,0.087,0,0,0
TXN116717,133.02,19,4.05,10.15,0,0.113,0,1,0
TXN116718,7.44,11,10.72,27.26,0,0.229,0,0,0
TXN116719,99.59,11,5.43,26.06,0,0.2,0,1,0
TXN116720,75.81,1,3.19,108.26,1,0.503,0,0,0
TXN116721,80.78,19,10.26,178.24,2,0.305,0,1,0
TXN116722,92.11,15,6.62,3.23,0,0.11,0,1,0
TXN116723,10.33,14,13.12,52.08,1,0.395,0,0,0
TXN116724,22.29,15,1.62,103.78,0,0.153,0,0,0
TXN116725,57.53,16,1.43,14.96,1,0.142,0,1,0
TXN116726,51.46,18,7.73,203.73,0,0.339,0,1,0
TXN116727,90.41,11,8.2,39.0,1,0.256,0,1,0
TXN116728,48.98,17,3.77,29.04,2,0.402,0,1,0
TXN116729,52.38,1,6.46,138.25,0,0.337,0,1,0
TXN116730,137.14,15,0.88,20.83,0,0.533,0,1,0
TXN116731,76.95,20,3.54,50.51,0,0.327,0,1,0
TXN116732,117.88,11,9.1,286.96,2,0.3,0,1,0
TXN116733,48.34,10,3.08,132.36,0,0.376,0,0,0
TXN116734,81.82,13,3.49,16.22,1,0.458,0,1,0
TXN116735,54.39,14,4.59,27.02,0,0.433,0,0,0
TXN116736,21.54,5,0.48,99.8,0,0.066,0,1,0
TXN116737,152.98,11,1.18,73.24,1,0.601,0,1,0
TXN116738,44.01,4,6.38,154.55,0,0.124,0,1,0
TXN116739,63.27,14,3.38,42.69,0,0.155,0,1,0
TXN116740,46.44,18,3.8,189.88,0,0.216,0,1,0
TXN116741,101.63,14,5.3,45.29,1,0.082,0,1,0
TXN116742,47.73,22,0.82,66.02,1,0.39,0,1,0
TXN116743,52.45,14,7.11,202.26,0,0.169,0,1,0
TXN116744,131.28,23,13.69,20.41,0,0.462,0,1,0
TXN116745,94.98,9,13.59,44.48,2,0.453,0,1,0
TXN116746,285.87,20,10.06,154.34,0,0.441,0,1,0
TXN116747,36.7,20,0.53,5.15,1,0.315,0,1,0
TXN116748,23.45,2,0.7,6.63,1,0.659,0,1,0
TXN116749,111.06,23,7.25,30.3,0,0.29,1,1,0
TXN116750,20.57,8,8.99,16.62,2,0.155,0,1,0
TXN116751,28.59,14,2.92,35.2,0,0.308,0,1,0
TXN116752,60.75,0,12.13,355.08,0,0.634,0,1,0
TXN116753,201.56,8,14.77,100.45,0,0.496,0,1,0
TXN116754,47.76,19,4.7,135.54,0,0.479,0,1,0
TXN116755,48.92,20,18.48,166.41,1,0.631,0,1,0
TXN116756,952.61,17,208.52,0.48,4,0.973,1,1,1
TXN116757,192.476426172745,12,79.72313978496528,48.59,0,0.6091848326926476,0,1,0
TXN116758,298.11,15,40.54,74.24,0,0.425,0,1,0
TXN116759,96.56,12,5.22,324.29,0,0.336,0,1,0
TXN116760,54.09,12,1.06,158.03,0,0.238,0,1,0
TXN116761,83.66,13,14.3,50.91,2,0.506,0,1,0
TXN116762,32.85,18,2.55,68.32,1,0.288,0,1,0
TXN116763,48.58,10,10.29,169.1,0,0.371,0,1,0
TXN116764,20.6,9,15.9,12.97,0,0.156,0,1,0
TXN116765,85.2,6,5.71,286.84,0,0.112,1,1,0
TXN116766,108.0,9,6.27,21.42,0,0.182,0,1,0
TXN116767,165.69,23,2.53,71.12,0,0.306,0,1,0
TXN116768,83.45,17,9.67,40.46,0,0.763,0,0,0
TXN116769,49.58,19,8.82,62.39,0,0.095,0,1,0
TXN116770,11.43,16,7.79,65.46,0,0.075,0,1,0
TXN116771,80.79,20,8.83,84.79,0,0.514,0,1,0
TXN116772,73.85,21,13.32,47.84,3,0.541,0,1,0
TXN116773,34.72,9,6.7,6.23,0,0.104,0,1,0
TXN116774,42.1,0,3.6,139.62,1,0.29,0,0,0
TXN116775,28.0,22,10.86,15.96,1,0.333,1,1,0
TXN116776,70.61,19,7.76,8.51,1,0.087,0,1,0
TXN116777,129.14,14,2.11,50.6,0,0.385,0,0,0
TXN116778,38.98,16,8.33,54.02,0,0.368,0,1,0
TXN116779,39.42,11,2.6,233.96,1,0.312,0,1,0
TXN116780,62.61,16,4.44,30.19,0,0.44,0,1,0
TXN116781,40.92,10,10.95,23.27,0,0.611,0,1,0
TXN116782,82.1,15,1.57,227.57,1,0.464,0,1,0
TXN116783,27.37,19,16.24,35.19,1,0.338,0,1,0
TXN116784,118.18,17,2.18,94.33,0,0.108,0,1,0
TXN116785,7.56,11,13.61,28.79,0,0.131,0,1,0
TXN116786,71.67,3,0.29,12.7,0,0.187,0,1,0
TXN116787,100.79,7,8.1,15.67,0,0.212,0,1,0
TXN116788,121.0,5,4.72,248.83,0,0.292,0,0,0
TXN116789,52.26,20,6.12,176.17,0,0.406,0,1,0
TXN116790,83.88,16,5.86,277.98,0,0.235,0,1,0
TXN116791,41.88,8,8.49,14.23,0,0.232,0,1,0
TXN116792,111.48,14,25.64,19.52,1,0.239,0,1,0
TXN116793,69.23,20,1.06,9.37,0,0.487,0,1,0
TXN116794,2.54,18,6.88,31.18,0,0.339,0,1,0
TXN116795,86.8,14,9.55,31.34,0,0.329,0,1,0
TXN116796,52.76,9,0.79,274.89,1,0.461,0,1,0
TXN116797,52.0,21,5.69,6.13,0,0.24,0,1,0
TXN116798,50.27,12,2.29,34.03,0,0.49,1,1,0
TXN116799,608.71,2,56.1,0.24,5,0.547,0,0,1
TXN116800,61.11,3,12.77,0.82,0,0.668,0,1,0
TXN116801,76.45,11,1.11,589.61,1,0.604,0,1,0
TXN116802,25.39,8,1.29,263.86,0,0.086,0,1,0
TXN116803,31.23,7,2.46,12.26,0,0.276,0,1,0
TXN116804,54.57,17,15.78,19.14,0,0.166,0,1,0
TXN116805,98.22,20,7.33,104.68,0,0.332,0,1,0
TXN116806,132.75,1,9.86,415.44,0,0.06,0,1,0
TXN116807,154.6,18,27.96,479.03,0,0.153,0,1,0
TXN116808,155.27,17,4.14,145.61,0,0.324,1,1,0
TXN116809,103.31,12,9.57,196.04,1,0.193,1,1,0
TXN116810,145.44,4,0.6,67.59,0,0.454,0,1,0
TXN116811,27.12,2,10.77,79.28,0,0.025,0,1,0
TXN116812,38.11,13,4.28,155.08,1,0.201,0,1,0
TXN116813,259.9402476169183,8,10.178470894364164,231.38,0,0.7097342405124692,0,1,0
TXN116814,105.91,17,3.04,262.04,0,0.497,0,0,0
TXN116815,73.47,19,5.62,116.41,0,0.068,0,1,0
TXN116816,241.41,5,1.51,11.47,0,0.231,0,1,0
TXN116817,232.7772374730479,17,54.6356959274508,4.86,0,0.7038735789455349,0,1,0
TXN116818,80.46,8,8.19,59.24,0,0.381,0,1,0
TXN116819,30.12,5,8.89,16.16,0,0.222,0,1,0
TXN116820,72.97,18,2.13,112.45,0,0.22,0,1,0
TXN116821,52.31,14,4.55,117.92,0,0.24,0,0,0
TXN116822,59.73,16,5.43,1.92,0,0.138,0,1,0
TXN116823,93.34,22,3.34,8.34,0,0.107,0,0,0
TXN116824,118.57,13,7.84,127.47,0,0.42,1,1,0
TXN116825,43.6,2,2.59,135.58,1,0.217,0,1,0
TXN116826,1422.76,5,180.33,9.77,5,0.574,1,0,1
TXN116827,186.35,6,14.87,540.4,0,0.161,0,1,0
TXN116828,322.38,0,141.18,1.59,3,0.724,1,0,1
TXN116829,130.43,15,8.1,130.3,0,0.315,0,0,0
TXN116830,76.63,11,15.66,259.06,0,0.106,0,0,0
TXN116831,25.7,19,2.08,326.21,0,0.118,0,1,0
TXN116832,267.75,11,299.34,2.34,8,0.787,1,0,1
TXN116833,284.79,8,5.14,139.69,0,0.43,0,1,0
TXN116834,54.45,1,1.57,117.99,0,0.276,0,1,0
TXN116835,87.24,9,10.81,27.35,0,0.527,0,1,0
TXN116836,148.17,12,32.86,11.42,0,0.293,0,1,0
TXN116837,23.19,0,6.53,202.83,0,0.043,1,1,0
TXN116838,35.08,0,3.61,28.4,0,0.182,0,0,0
TXN116839,64.59,19,0.71,0.01,1,0.355,0,1,0
TXN116840,32.51,16,12.63,308.19,0,0.128,0,1,0
TXN116841,175.26,14,0.81,72.17,1,0.383,0,1,0
TXN116842,17.89,2,3.76,109.75,0,0.289,0,0,0
TXN116843,19.85,4,6.38,194.43,0,0.233,0,1,0
TXN116844,94.9,19,9.02,104.41,0,0.298,0,0,0
TXN116845,129.1,21,2.93,145.82,0,0.228,0,1,0
TXN116846,328.48623178973355,17,79.79475321543076,110.67,0,0.7626395374932047,0,1,0
TXN116847,462.67,3,354.14,2.9,2,0.711,1,0,1
TXN116848,136.77,14,6.94,18.52,2,0.226,0,1,0
TXN116849,125.6,8,5.56,163.44,1,0.526,0,0,0
TXN116850,189.99,12,6.42,28.61,0,0.382,0,1,0
TXN116851,39.19,0,15.55,24.42,0,0.241,1,0,0
TXN116852,17.04,18,7.55,43.94,1,0.367,0,1,0
TXN116853,24.61,15,6.63,50.6,0,0.098,0,0,0
TXN116854,452.78,6,105.89,5.73,4,0.889,0,0,1
TXN116855,220.91484647744915,2,16.4449937275627,299.04,0,0.5855646453059437,1,1,0
TXN116856,158.53,8,0.79,21.19,1,0.115,0,0,0
TXN116857,127.52,17,6.91,39.63,0,0.283,0,1,0
TXN116858,145.37,1,14.41,213.76,0,0.234,0,1,0
TXN116859,103.82,7,8.41,70.32,0,0.429,1,1,0
TXN116860,151.84,15,1.71,81.95,0,0.387,0,1,0
TXN116861,187.22,14,3.41,2.83,1,0.266,0,1,0
TXN116862,392.278893378067,13,178.79248401262763,176.45,1,0.5841160876837695,0,1,0
TXN116863,17.58,16,3.79,81.13,1,0.399,0,1,0
TXN116864,43.09,15,0.43,5.3,2,0.347,0,1,0
TXN116865,71.07,8,7.13,107.46,0,0.211,0,1,0
TXN116866,12.43,17,1.17,52.82,2,0.283,0,1,0
TXN116867,119.3,19,1.04,50.21,2,0.676,0,1,0
TXN116868,36.64,16,5.32,44.17,0,0.258,0,1,0
TXN116869,24.86,21,11.52,652.65,1,0.372,1,0,0
TXN116870,24.93,15,3.34,81.05,0,0.171,0,1,0
TXN116871,119.59,12,16.85,123.92,0,0.46,0,1,0
TXN116872,661.32,18,214.12,2.59,4,0.883,0,0,1
TXN116873,29.68,13,2.72,192.58,0,0.007,0,1,0
TXN116874,50.82,19,16.0,26.68,0,0.237,0,1,0
TXN116875,106.03,12,3.91,126.29,0,0.123,0,1,0
TXN116876,74.81,6,11.81,44.34,0,0.059,0,0,0
TXN116877,49.61,9,4.19,122.05,0,0.567,0,1,0
TXN116878,31.44,20,4.39,10.27,0,0.176,0,0,0
TXN116879,114.1,17,10.03,85.18,0,0.308,0,1,0
TXN116880,33.53,10,9.5,31.92,0,0.119,0,1,0
TXN116881,169.04,15,5.66,85.6,0,0.09,0,1,0
TXN116882,56.41,18,15.09,26.7,1,0.189,0,1,0
TXN116883,20.37,9,31.38,5.15,2,0.133,0,0,0
TXN116884,41.64,10,2.96,151.56,0,0.031,0,0,0
TXN116885,60.74,9,7.89,1.35,0,0.449,0,1,0
TXN116886,127.18,11,26.94,178.85,0,0.221,0,0,0
TXN116887,53.34,18,2.67,91.36,1,0.367,0,0,0
TXN116888,16.76,15,2.27,29.19,0,0.228,0,1,0
TXN116889,106.55,19,11.43,86.24,1,0.192,0,1,0
TXN116890,741.16,0,96.08,0.2,8,0.368,0,0,1
TXN116891,134.71,4,122.19,6.18,2,0.595,1,1,1
TXN116892,198.27,11,10.71,101.35,0,0.346,0,1,0
TXN116893,135.95,9,12.07,360.5,0,0.396,0,0,0
TXN116894,54.65,19,3.51,233.36,1,0.163,0,1,0
TXN116895,79.56,11,8.4,73.81,0,0.406,0,1,0
TXN116896,100.19,20,15.95,144.79,0,0.462,0,0,0
TXN116897,112.37,6,3.6,241.36,0,0.358,0,1,0
TXN116898,100.31,11,1.29,429.56,0,0.276,0,0,0
TXN116899,84.44,3,39.74,3.04,2,0.096,0,1,0
TXN116900,24.72,1,9.5,129.89,0,0.684,0,1,0
TXN116901,59.04,23,6.89,36.41,1,0.185,0,1,0
TXN116902,92.96,22,5.86,117.33,1,0.154,0,1,0
TXN116903,27.36,17,7.02,41.69,0,0.055,0,0,0
TXN116904,61.17,10,3.25,138.97,0,0.372,0,1,0
TXN116905,93.45,17,11.03,166.68,0,0.063,0,1,0
TXN116906,93.57,19,17.08,63.69,0,0.511,0,1,0
TXN116907,96.26,10,12.98,131.35,0,0.194,0,0,0
TXN116908,25.7,20,3.66,66.31,0,0.501,0,1,0
TXN116909,135.57,19,11.42,66.65,1,0.262,0,0,0
TXN116910,84.63,12,10.61,93.25,0,0.409,0,1,0
TXN116911,56.75,16,4.66,304.61,0,0.487,0,1,0
TXN116912,59.02,16,9.46,12.67,0,0.504,0,1,0
TXN116913,95.01,9,1.14,23.0,0,0.176,0,1,0
TXN116914,87.8,10,21.91,1.38,0,0.399,0,1,0
TXN116915,44.67,10,21.66,179.09,0,0.213,0,0,0
TXN116916,124.4,15,5.07,86.06,0,0.342,0,1,0
TXN116917,1198.22,20,258.7,8.88,1,0.567,1,0,1
TXN116918,77.99,15,183.56,8.34,5,0.746,1,0,1
TXN116919,119.4,18,5.85,13.49,0,0.301,0,0,0
TXN116920,178.43,15,7.55,93.55,0,0.104,0,1,0
TXN116921,69.11,8,5.83,8.89,0,0.56,0,1,0
TXN116922,83.55,13,15.6,139.81,0,0.25,0,0,0
TXN116923,72.79,3,2.46,109.18,0,0.1,0,1,0
TXN116924,231.39,15,1.21,115.33,1,0.155,0,1,0
TXN116925,37.36,8,14.97,172.08,0,0.336,0,1,0
TXN116926,480.6908210413366,17,117.71312728323326,374.71,0,0.6896587265510623,0,1,0
TXN116927,32.77,10,4.26,37.3,0,0.591,0,1,0
TXN116928,93.8,9,8.61,286.05,0,0.195,0,1,0
TXN116929,13.6,18,2.32,157.21,0,0.255,0,1,0
TXN116930,42.28,13,2.73,110.81,0,0.353,0,0,0
TXN116931,47.94,0,7.57,103.57,1,0.282,0,0,0
TXN116932,64.19,19,2.01,243.8,0,0.329,0,1,0
TXN116933,72.14,13,1.47,152.12,0,0.215,0,1,0
TXN116934,14.94,12,6.99,12.94,0,0.393,0,1,0
TXN116935,117.37,9,1.15,45.04,0,0.285,0,0,0
TXN116936,158.96,18,6.84,177.73,0,0.081,0,0,0
TXN116937,203.41,16,4.25,30.62,0,0.367,0,1,0
TXN116938,66.88,8,6.0,89.43,0,0.376,0,1,0
TXN116939,111.22,8,5.07,53.63,0,0.526,0,0,0
TXN116940,91.9,18,8.6,41.64,0,0.078,0,1,0
TXN116941,222.41,8,1.09,32.32,0,0.244,0,1,0
TXN116942,104.13,9,9.27,27.3,0,0.211,0,1,0
TXN116943,16.18,9,12.87,75.66,0,0.442,0,1,0
TXN116944,501.18,23,191.29,1.96,3,0.776,1,0,1
TXN116945,142.67,10,3.44,148.26,0,0.453,0,1,0
TXN116946,98.57,18,5.89,478.92,0,0.51,1,1,0
TXN116947,106.42,8,2.06,297.74,0,0.671,0,0,0
TXN116948,241.85,10,2.96,91.05,0,0.072,0,1,0
TXN116949,49.22,18,1.82,22.53,0,0.137,0,1,0
TXN116950,21.15,12,9.78,44.88,1,0.55,0,1,0
TXN116951,16.77,18,0.48,32.66,0,0.394,0,1,0
TXN116952,36.13,16,2.69,16.58,0,0.39,0,1,0
TXN116953,21.31,20,15.26,20.72,0,0.36,1,1,0
TXN116954,100.97,13,12.78,572.53,0,0.159,0,1,0
TXN116955,66.6,11,21.38,17.02,0,0.201,0,0,0
TXN116956,44.74,13,14.12,107.61,2,0.418,0,0,0
TXN116957,91.45,10,8.69,80.2,0,0.198,0,0,0
TXN116958,43.9,16,6.28,40.15,1,0.262,0,1,0
TXN116959,80.08,11,10.29,96.19,0,0.32,0,0,0
TXN116960,365.84,9,0.91,14.08,0,0.242,0,0,0
TXN116961,41.36,11,4.7,49.49,0,0.198,0,0,0
TXN116962,74.77,8,2.13,619.55,0,0.233,0,1,0
TXN116963,118.46,18,8.19,280.42,1,0.094,0,1,0
TXN116964,728.52,5,124.5,1.28,5,0.932,0,0,1
TXN116965,18.07,18,6.15,50.54,0,0.307,0,1,0
TXN116966,31.1,8,31.44,2.32,0,0.299,0,0,0
TXN116967,36.41,8,7.4,216.49,1,0.582,0,0,0
TXN116968,164.19,16,1.11,134.87,0,0.476,0,1,0
TXN116969,13.47,19,7.18,176.28,0,0.167,0,1,0
TXN116970,23.37,12,3.47,12.87,0,0.046,0,1,0
TXN116971,940.0,4,183.02,3.89,1,0.893,0,0,1
TXN116972,88.36,19,21.47,85.79,0,0.281,0,1,0
TXN116973,87.08,20,14.27,339.72,0,0.37,0,1,0
TXN116974,129.05,15,2.24,496.0,0,0.438,1,1,0
TXN116975,42.95,3,15.11,71.83,1,0.364,0,0,0
TXN116976,162.32,16,3.95,45.2,0,0.152,0,1,0
TXN116977,215.9,9,4.05,150.7,2,0.272,0,1,0
TXN116978,23.61,19,16.27,202.98,0,0.573,1,0,0
TXN116979,16.53,14,3.19,150.67,0,0.199,0,1,0
TXN116980,190.27,8,14.75,36.12,0,0.438,0,0,0
TXN116981,93.62,12,6.81,62.87,0,0.315,0,1,0
TXN116982,25.04,9,8.57,218.3,0,0.113,0,1,0
TXN116983,75.9,12,4.22,1.14,0,0.529,0,1,0
TXN116984,56.38,12,5.59,292.06,0,0.293,0,1,0
TXN116985,111.19,19,8.71,23.57,0,0.134,0,0,0
TXN116986,110.88,1,2.23,71.06,0,0.428,0,1,0
TXN116987,4.16,19,10.22,83.7,0,0.322,0,0,0
TXN116988,49.68,17,5.17,101.33,1,0.437,0,1,0
TXN116989,19.84,18,17.84,186.01,0,0.025,0,1,0
TXN116990,136.65,14,1.85,31.79,1,0.276,0,1,0
TXN116991,539.2509117297734,19,39.17627668134169,132.33,0,0.7497025696319568,0,1,0
TXN116992,223.61,12,4.31,3.64,0,0.228,0,1,0
TXN116993,8.43,17,11.88,114.7,0,0.278,0,0,0
TXN116994,145.66,11,7.99,581.91,1,0.665,0,1,0
TXN116995,89.65,20,2.25,4.63,0,0.448,0,1,0
TXN116996,30.34,8,9.61,27.12,0,0.262,0,1,0
TXN116997,47.41,16,3.32,76.39,0,0.461,0,1,0
TXN116998,99.03,17,23.29,14.01,0,0.296,0,1,0
TXN116999,79.94,12,10.7,6.81,1,0.184,0,1,0
TXN117000,105.05,20,9.01,145.51,1,0.152,0,1,0
TXN117001,27.64,18,6.89,350.28,0,0.379,0,1,0
TXN117002,190.02,11,33.85,95.79,0,0.369,0,1,0
TXN117003,164.75,22,14.11,79.72,2,0.139,0,0,0
TXN117004,28.34,16,0.16,67.39,0,0.138,0,1,0
TXN117005,15.78,16,3.17,231.03,1,0.225,0,1,0
TXN117006,41.98,10,0.08,267.29,1,0.213,0,1,0
TXN117007,77.72,19,0.9,209.54,0,0.722,0,1,0
TXN117008,31.55,22,19.07,142.59,1,0.065,0,1,0
TXN117009,31.09,13,9.48,167.54,0,0.209,0,0,0
TXN117010,113.68,18,4.0,383.88,0,0.311,0,1,0
TXN117011,83.13,11,6.2,210.08,0,0.181,0,0,0
TXN117012,29.6,2,2.69,403.65,1,0.692,0,1,0
TXN117013,25.41,21,3.07,30.11,0,0.544,0,1,0
TXN117014,28.43,14,14.56,290.62,2,0.114,0,1,0
TXN117015,106.09,14,2.81,25.83,1,0.266,0,1,0
TXN117016,45.61,0,2.6,134.76,0,0.457,0,1,0
TXN117017,114.49,20,19.42,185.32,0,0.141,0,1,0
TXN117018,66.48,17,4.1,173.75,0,0.357,0,1,0
TXN117019,79.88,14,11.69,120.09,0,0.058,0,1,0
TXN117020,28.29,19,2.41,54.4,0,0.21,0,1,0
TXN117021,65.12,9,16.42,313.65,1,0.104,0,1,0
TXN117022,43.89,15,2.13,272.02,1,0.232,0,1,0
TXN117023,21.69,23,3.03,15.09,1,0.214,1,1,0
TXN117024,81.74,14,21.83,96.16,0,0.395,0,1,0
TXN117025,60.59,12,8.03,41.52,1,0.175,0,1,0
TXN117026,19.84,19,5.93,173.69,1,0.411,0,1,0
TXN117027,21.1,9,3.92,55.7,0,0.338,1,1,0
TXN117028,12.95,5,4.88,1.96,0,0.465,0,0,0
TXN117029,49.3,12,14.73,16.54,1,0.306,0,0,0
TXN117030,24.71,12,8.97,173.33,0,0.137,1,1,0
TXN117031,66.88,20,0.44,98.0,0,0.096,0,1,0
TXN117032,38.02,17,2.24,241.73,0,0.735,0,1,0
TXN117033,40.53,12,9.91,164.64,0,0.348,0,1,0
TXN117034,37.48,18,0.85,91.89,0,0.124,0,1,0
TXN117035,35.21,19,13.95,46.9,1,0.156,0,1,0
TXN117036,30.03,17,7.44,22.01,0,0.333,0,1,0
TXN117037,39.67,15,3.44,530.31,0,0.432,0,1,0
TXN117038,66.47,20,10.31,188.13,0,0.453,0,1,0
TXN117039,59.24,15,6.65,121.98,1,0.554,0,1,0
TXN117040,55.14,18,7.75,1.01,0,0.163,0,1,0
TXN117041,91.89,15,2.66,102.01,0,0.204,0,1,0
TXN117042,77.75,17,6.97,22.67,0,0.146,0,1,0
TXN117043,109.64,21,15.63,169.72,0,0.146,0,1,0
TXN117044,61.63,10,10.62,14.48,0,0.335,0,1,0
TXN117045,24.01,8,0.55,36.85,0,0.742,0,1,0
TXN117046,63.2,19,4.71,215.66,1,0.18,0,1,0
TXN117047,240.6,20,10.06,36.62,0,0.305,0,1,0
TXN117048,82.41,14,9.47,2.85,0,0.554,0,0,0
TXN117049,20.29,17,13.21,103.86,0,0.343,0,1,0
TXN117050,113.77,10,8.26,75.13,0,0.347,1,1,0
TXN117051,47.0,22,17.8,27.37,0,0.763,0,0,0
TXN117052,785.59,18,91.95,0.85,4,0.871,0,0,1
TXN117053,226.81,11,5.34,26.19,1,0.497,0,1,0
TXN117054,4.79,10,9.27,138.57,0,0.083,0,1,0
TXN117055,27.44,21,3.08,43.28,1,0.134,0,1,0
TXN117056,161.56,11,4.83,34.17,0,0.326,0,1,0
TXN117057,43.39,10,2.03,9.32,0,0.225,0,1,0
TXN117058,138.99,20,5.64,45.89,0,0.167,0,1,0
TXN117059,118.83,11,6.43,459.64,0,0.546,0,1,0
TXN117060,494.3482005441432,13,7.9341244221031,76.91,1,0.6582580142212348,0,1,0
TXN117061,204.64,16,1.92,36.17,0,0.309,0,0,0
TXN117062,34.61,19,4.91,93.4,0,0.081,0,1,0
TXN117063,39.24,18,8.85,10.84,1,0.5,0,1,0
TXN117064,99.76,18,6.08,132.41,0,0.225,0,1,0
TXN117065,105.42,12,5.05,7.27,0,0.266,0,1,0
TXN117066,54.26,20,13.01,88.5,0,0.472,0,1,0
TXN117067,31.22,9,4.95,13.46,1,0.49,0,0,0
TXN117068,549.08,14,171.35,1.86,3,0.834,0,0,1
TXN117069,86.57,0,9.16,627.46,1,0.407,0,1,0
TXN117070,31.55,1,23.13,77.86,0,0.179,0,1,0
TXN117071,183.01,10,1.08,26.95,4,0.137,0,1,0
TXN117072,73.61,13,4.21,398.09,2,0.211,0,1,0
TXN117073,145.16,2,1.47,430.09,1,0.338,0,1,0
TXN117074,188.07,14,10.31,22.88,0,0.551,0,0,0
TXN117075,103.22,7,8.6,69.32,0,0.344,0,1,0
TXN117076,39.74,20,6.27,64.96,0,0.377,0,1,0
TXN117077,40.84,12,1.81,323.9,0,0.146,0,1,0
TXN117078,6.23,15,1.32,100.7,0,0.256,0,1,0
TXN117079,50.22,9,12.03,4.24,0,0.078,0,1,0
TXN117080,82.7,9,13.89,175.36,0,0.092,0,1,0
TXN117081,66.68,12,4.84,86.53,0,0.134,1,1,0
TXN117082,106.44,17,16.95,128.85,0,0.187,0,1,0
TXN117083,27.25,11,2.44,126.67,0,0.32,0,1,0
TXN117084,95.49,19,9.36,265.99,0,0.562,0,1,0
TXN117085,39.49,16,0.87,108.99,0,0.318,0,1,0
TXN117086,107.04,16,4.15,94.24,0,0.18,0,1,0
TXN117087,97.68,13,4.07,83.58,0,0.189,0,1,0
TXN117088,143.7,10,2.62,55.69,0,0.39,0,0,0
TXN117089,61.62,19,2.92,68.58,0,0.157,0,1,0
TXN117090,79.92,0,5.55,40.71,0,0.134,0,1,0
TXN117091,36.17,8,3.26,394.82,0,0.411,0,0,0
TXN117092,11.34,21,7.41,232.5,1,0.293,0,1,0
TXN117093,105.73,8,14.61,237.07,0,0.206,0,0,0
TXN117094,30.14,10,9.96,10.41,0,0.145,0,0,0
TXN117095,33.13,14,7.5,254.67,0,0.131,1,1,0
TXN117096,36.33,20,7.47,194.42,0,0.49,0,1,0
TXN117097,47.33,8,5.12,163.44,1,0.446,0,0,0
TXN117098,692.6310145798041,19,17.927889079943483,26.55,0,0.5514425762524494,0,1,0
TXN117099,119.22,9,5.86,78.29,0,0.635,0,1,0
TXN117100,50.48,14,8.83,359.59,0,0.626,0,1,0
TXN117101,127.97,22,7.83,41.66,1,0.32,0,1,0
TXN117102,69.85,15,3.04,115.79,0,0.283,0,1,0
TXN117103,51.13,17,13.47,23.6,0,0.462,0,1,0
TXN117104,59.23,5,6.24,22.38,0,0.34,0,1,0
TXN117105,34.16,18,4.84,76.16,0,0.16,0,1,0
TXN117106,390.85,9,3.56,270.91,0,0.126,0,1,0
TXN117107,24.67,18,2.32,212.95,0,0.56,0,1,0
TXN117108,229.17,13,4.68,123.58,0,0.042,0,1,0
TXN117109,51.12,20,4.27,88.92,0,0.255,0,1,0
TXN117110,18.6,10,6.34,433.86,0,0.334,0,1,0
TXN117111,73.33,22,1.09,145.4,0,0.044,0,1,0
TXN117112,228.17,9,322.27,8.74,4,0.709,0,0,1
TXN117113,31.83,12,1.89,84.58,0,0.168,0,1,0
TXN117114,147.49,8,18.27,71.85,0,0.107,0,1,0
TXN117115,27.71,20,10.83,4.85,0,0.215,0,1,0
TXN117116,49.34,11,1.49,417.48,0,0.146,0,0,0
TXN117117,54.91,23,1.68,80.29,0,0.23,0,1,0
TXN117118,67.34,1,10.97,32.61,0,0.314,0,1,0
TXN117119,118.15,21,6.82,1.51,0,0.582,0,0,0
TXN117120,43.53,9,2.16,298.56,1,0.27,1,1,0
TXN117121,49.19,20,8.64,60.17,2,0.373,0,0,0
TXN117122,108.13,22,13.37,90.47,0,0.385,0,1,0
TXN117123,16.3,2,2.5,87.8,0,0.601,0,1,0
TXN117124,84.09,13,1.07,11.23,1,0.171,0,0,0
TXN117125,106.59,14,9.22,78.84,0,0.371,0,0,0
TXN117126,63.32,14,3.97,91.57,2,0.362,0,0,0
TXN117127,52.54,2,11.59,3.23,0,0.111,0,0,0
TXN117128,153.11,18,2.2,64.55,0,0.324,0,1,0
TXN117129,56.63,5,10.66,13.02,0,0.247,0,1,0
TXN117130,51.36,13,9.31,97.44,0,0.275,0,1,0
TXN117131,76.77,17,2.45,363.72,0,0.351,0,1,0
TXN117132,424.7155065457783,20,41.86879710896231,72.69,0,0.6434476022032778,0,1,0
TXN117133,101.47,11,1.48,111.49,1,0.481,0,1,0
TXN117134,47.83,16,2.72,16.26,0,0.098,0,0,0
TXN117135,161.54,2,10.07,185.48,1,0.303,0,1,0
TXN117136,68.03,13,4.83,462.13,0,0.636,0,1,0
TXN117137,37.39,14,14.46,20.27,1,0.124,0,1,0
TXN117138,63.79,20,4.59,39.81,0,0.058,0,1,0
TXN117139,54.36,11,13.14,4.73,0,0.304,0,1,0
TXN117140,68.05,10,0.68,6.34,1,0.044,0,1,0
TXN117141,63.75,21,9.65,43.05,1,0.09,1,1,0
TXN117142,89.29,15,12.03,15.53,0,0.537,0,1,0
TXN117143,140.23,20,6.39,17.12,1,0.225,0,1,0
TXN117144,41.73,23,0.68,266.43,0,0.268,0,1,0
TXN117145,56.8,13,2.3,58.72,1,0.267,0,1,0
TXN117146,165.43,19,1.46,18.61,0,0.26,0,0,0
TXN117147,207.93,3,169.04,11.6,2,0.656,1,0,1
TXN117148,94.56,9,2.57,164.17,1,0.189,0,1,0
TXN117149,78.03,7,11.04,61.92,1,0.289,0,1,0
TXN117150,157.53,10,16.68,91.92,0,0.28,0,1,0
TXN117151,21.13,14,8.27,1.65,1,0.026,0,1,0
TXN117152,138.61,8,13.91,155.95,0,0.085,0,1,0
TXN117153,82.74,6,24.83,7.72,0,0.126,0,0,0
TXN117154,45.87,14,28.05,60.1,0,0.26,0,1,0
TXN117155,56.16,0,5.83,13.6,0,0.121,0,0,0
TXN117156,112.93,17,1.34,48.55,1,0.168,0,1,0
TXN117157,94.38,7,10.77,68.7,1,0.305,0,1,0
TXN117158,127.89,16,6.02,72.64,0,0.105,0,1,0
TXN117159,53.29,14,6.61,195.3,0,0.196,0,1,0
TXN117160,86.8,16,2.92,153.36,1,0.074,0,1,0
TXN117161,32.0,9,3.84,58.35,0,0.312,0,1,0
TXN117162,227.21627507217124,20,5.726952237946879,285.61,0,0.5874347568009048,0,0,0
TXN117163,272.01,17,13.63,47.87,0,0.26,0,1,0
TXN117164,56.7,16,9.54,68.47,1,0.615,0,0,0
TXN117165,60.63,11,3.45,29.88,0,0.142,0,0,0
TXN117166,110.24,16,2.45,210.28,0,0.393,0,1,0
TXN117167,56.38,19,0.52,57.31,0,0.213,0,1,0
TXN117168,135.06,10,5.19,93.15,0,0.271,0,1,0
TXN117169,140.9,16,20.44,40.75,0,0.478,0,1,0
TXN117170,296.28,4,638.65,8.7,7,0.677,1,0,1
TXN117171,43.75,23,10.13,70.86,0,0.45,0,1,0
TXN117172,235.08164057706557,19,21.551479663565477,249.93,1,0.6910686378281626,0,1,0
TXN117173,36.77,20,10.48,304.59,0,0.199,0,1,0
TXN117174,67.0,12,10.67,83.49,0,0.621,0,1,0
TXN117175,170.83,11,8.18,261.52,0,0.291,1,1,0
TXN117176,19.06,21,8.84,226.46,0,0.084,0,0,0
TXN117177,39.56,19,0.74,316.75,0,0.488,0,1,0
TXN117178,142.45,1,8.43,102.34,0,0.394,0,1,0
TXN117179,47.45,0,1.93,93.08,0,0.157,0,1,0
TXN117180,67.28,16,8.63,306.43,0,0.26,0,1,0
TXN117181,136.43,14,6.3,44.77,0,0.309,0,1,0
TXN117182,45.28,18,0.68,26.92,0,0.233,0,1,0
TXN117183,124.96,11,5.54,35.21,1,0.329,0,0,0
TXN117184,44.17,11,7.15,24.81,1,0.385,0,1,0
TXN117185,89.88,10,9.25,267.53,1,0.161,0,1,0
TXN117186,61.82,15,7.46,147.77,2,0.095,0,1,0
TXN117187,162.52,19,11.85,131.5,0,0.562,0,1,0
TXN117188,101.07,13,0.78,219.59,1,0.407,0,1,0
TXN117189,32.54,14,10.72,15.06,0,0.254,0,1,0
TXN117190,113.83,13,6.96,277.23,0,0.304,0,1,0
TXN117191,59.82,23,8.2,95.01,0,0.134,0,0,0
TXN117192,33.71,23,1.48,288.53,0,0.105,0,1,0
TXN117193,55.08,12,5.86,149.65,0,0.151,0,1,0
TXN117194,20.25,12,2.38,139.84,0,0.291,0,1,0
TXN117195,56.22,10,2.44,10.55,0,0.222,0,1,0
TXN117196,164.05,18,3.96,186.96,0,0.031,0,0,0
TXN117197,54.82,12,14.54,46.88,0,0.351,0,1,0
TXN117198,91.51,15,13.6,74.52,0,0.187,0,1,0
TXN117199,55.34,17,6.95,115.39,1,0.172,0,1,0
TXN117200,103.39,16,16.23,20.64,0,0.31,0,1,0
TXN117201,26.05,11,14.07,9.92,0,0.224,0,0,0
TXN117202,82.75,8,8.76,305.67,0,0.128,0,0,0
TXN117203,55.91,12,3.91,27.65,1,0.113,0,1,0
TXN117204,52.5,13,5.6,29.52,1,0.179,0,0,0
TXN117205,96.57,13,10.44,54.48,0,0.254,0,1,0
TXN117206,70.46,16,3.69,12.25,0,0.489,0,1,0
TXN117207,41.67,6,17.99,36.75,2,0.377,0,1,0
TXN117208,103.44,11,4.86,82.33,0,0.272,0,1,0
TXN117209,55.01,13,4.32,76.34,1,0.43,0,1,0
TXN117210,68.02,1,0.87,85.74,1,0.178,0,1,0
TXN117211,64.11,18,6.41,147.41,2,0.335,0,1,0
TXN117212,28.03,7,3.28,1.84,0,0.483,0,1,0
TXN117213,21.71,5,0.41,42.26,0,0.386,0,1,0
TXN117214,89.3,10,3.16,167.77,0,0.746,0,0,0
TXN117215,89.55,8,6.62,197.27,0,0.455,0,1,0
TXN117216,25.55,19,1.43,124.77,1,0.167,0,1,0
TXN117217,212.4956576866247,16,112.47226767135591,139.68,0,0.6823459119094404,0,1,0
TXN117218,141.64,14,15.89,156.18,0,0.182,0,1,0
TXN117219,224.87,5,10.26,65.79,1,0.237,0,1,0
TXN117220,55.75,16,4.73,0.29,1,0.654,0,0,0
TXN117221,111.51,3,24.74,42.31,1,0.337,0,1,0
TXN117222,174.87,4,9.35,180.63,0,0.134,0,1,0
TXN117223,76.86,17,5.15,21.29,0,0.238,0,1,0
TXN117224,116.32,0,6.68,12.01,0,0.79,0,1,0
TXN117225,40.78,15,7.16,337.86,0,0.243,0,0,0
TXN117226,70.83,9,6.98,199.76,0,0.061,0,1,0
TXN117227,68.93,10,9.99,40.53,0,0.113,0,1,0
TXN117228,156.22,0,6.94,114.57,0,0.261,0,1,0
TXN117229,194.3,14,2.84,339.77,0,0.137,0,1,0
TXN117230,99.97,1,9.03,149.13,0,0.539,0,1,0
TXN117231,119.65,5,4.77,180.4,1,0.24,0,0,0
TXN117232,180.85,19,2.72,232.04,0,0.174,0,1,0
TXN117233,29.62,3,28.83,114.8,0,0.385,0,1,0
TXN117234,35.19,12,5.16,59.09,0,0.065,1,1,0
TXN117235,73.89,20,2.01,98.74,1,0.321,0,1,0
TXN117236,73.93,8,6.9,377.09,0,0.267,0,1,0
TXN117237,48.08,18,2.22,49.22,0,0.427,0,1,0
TXN117238,62.83,18,1.21,24.57,0,0.368,0,1,0
TXN117239,55.87,18,2.32,86.92,0,0.524,0,1,0
TXN117240,185.39,18,2.09,258.91,0,0.156,0,1,0
TXN117241,61.19,22,7.29,159.18,0,0.446,0,1,0
TXN117242,48.68,9,12.73,8.35,0,0.071,0,1,0
TXN117243,28.6,19,26.17,24.3,0,0.106,0,0,0
TXN117244,125.7182644204883,18,37.12368148771486,117.04,1,0.7054572279024341,0,1,0
TXN117245,38.44,14,16.17,31.69,0,0.36,0,1,0
TXN117246,148.49,14,4.58,66.27,0,0.238,0,0,0
TXN117247,43.96,14,1.78,109.67,1,0.303,0,1,0
TXN117248,135.13,11,4.69,109.99,0,0.046,0,1,0
TXN117249,48.41,17,18.19,70.01,1,0.065,0,1,0
TXN117250,154.38,19,17.27,45.3,0,0.239,0,1,0
TXN117251,101.61,12,6.39,83.12,0,0.421,0,1,0
TXN117252,84.66,19,24.72,97.7,1,0.224,0,1,0
TXN117253,80.26,18,25.23,79.47,0,0.255,0,1,0
TXN117254,76.91,15,21.81,24.74,1,0.382,0,1,0
TXN117255,92.79,3,11.03,190.9,0,0.503,0,1,0
TXN117256,128.3,1,2.12,44.93,0,0.147,0,1,0
TXN117257,36.66,10,3.07,150.74,0,0.173,0,1,0
TXN117258,97.52,17,9.33,173.17,0,0.296,0,1,0
TXN117259,63.32,18,1.94,217.21,1,0.145,0,1,0
TXN117260,25.88,6,25.18,56.77,0,0.263,0,0,0
TXN117261,128.55,15,6.8,271.64,0,0.229,0,1,0
TXN117262,64.81,16,15.69,282.12,0,0.451,0,1,0
TXN117263,76.34,7,5.21,86.3,0,0.169,1,1,0
TXN117264,53.58,9,3.14,21.36,1,0.28,0,1,0
TXN117265,59.07,11,8.14,179.75,1,0.311,0,1,0
TXN117266,84.72,16,2.22,31.23,0,0.571,0,1,0
TXN117267,30.56,16,13.69,38.81,0,0.143,0,1,0
TXN117268,1492.08,15,55.28,1.49,6,0.584,1,0,1
TXN117269,59.83,13,11.08,120.72,0,0.252,0,1,0
TXN117270,6.81,19,1.97,0.88,1,0.458,0,1,0
TXN117271,49.82,13,1.63,42.79,0,0.505,0,1,0
TXN117272,120.58,16,1.91,49.73,0,0.302,0,1,0
TXN117273,113.32,15,3.71,212.9,0,0.31,0,0,0
TXN117274,84.76,16,8.33,86.7,0,0.237,0,1,0
TXN117275,70.71,8,13.75,285.07,0,0.318,0,0,0
TXN117276,10.99,6,5.23,170.6,0,0.472,0,0,0
TXN117277,185.12,23,8.42,77.53,0,0.225,0,1,0
TXN117278,156.92,20,2.65,99.84,1,0.141,0,0,0
TXN117279,61.47,8,6.62,1.23,1,0.178,0,1,0
TXN117280,92.55,9,26.2,173.16,1,0.112,0,1,0
TXN117281,181.35,9,0.79,33.85,0,0.44,0,1,0
TXN117282,42.53,21,2.69,66.48,0,0.396,0,1,0
TXN117283,85.64,23,4.55,241.04,0,0.222,0,0,0
TXN117284,145.23,8,8.83,155.68,0,0.041,0,0,0
TXN117285,5.8,8,7.7,8.75,0,0.385,0,1,0
TXN117286,58.65,10,3.91,157.92,0,0.115,0,0,0
TXN117287,243.59,20,4.06,557.8,0,0.466,0,1,0
TXN117288,41.66,8,7.13,46.77,0,0.285,0,1,0
TXN117289,94.74,21,5.33,125.71,0,0.571,0,0,0
TXN117290,52.96,10,9.14,209.05,0,0.547,0,1,0
TXN117291,80.07,8,5.31,245.85,1,0.412,0,1,0
TXN117292,20.82,17,9.02,187.98,0,0.614,0,0,0
TXN117293,33.18,11,2.75,206.36,0,0.164,0,0,0
TXN117294,14.17,4,6.09,182.01,0,0.419,0,0,0
TXN117295,53.58,17,4.4,249.39,0,0.351,1,1,0
TXN117296,122.12,18,8.31,34.51,0,0.556,0,1,0
TXN117297,95.31,14,18.11,128.61,0,0.242,0,1,0
TXN117298,81.71,10,10.55,241.62,0,0.328,0,1,0
TXN117299,98.25,19,12.66,11.48,0,0.394,0,1,0
TXN117300,35.19,8,22.45,25.94,0,0.608,0,1,0
TXN117301,431.24,4,326.02,2.24,3,0.612,1,0,1
TXN117302,14.41,9,5.78,256.98,0,0.155,0,1,0
TXN117303,111.17,12,5.37,11.66,0,0.073,0,0,0
TXN117304,226.65,14,11.63,40.92,0,0.28,0,1,0
TXN117305,36.93,5,14.43,80.4,0,0.235,0,1,0
TXN117306,59.1,11,8.73,118.38,0,0.219,0,1,0
TXN117307,33.35,11,5.4,230.93,0,0.478,0,0,0
TXN117308,56.69,16,11.88,102.49,1,0.334,0,1,0
TXN117309,34.72,12,2.79,38.69,0,0.09,0,1,0
TXN117310,158.03,20,28.08,147.3,1,0.464,0,1,0
TXN117311,156.49,17,14.54,191.1,0,0.211,1,1,0
TXN117312,302.0789085650865,22,19.98557998136587,114.11,1,0.7923527166566711,0,1,0
TXN117313,86.19,21,21.02,156.96,0,0.54,0,1,0
TXN117314,43.95,21,2.3,388.88,2,0.286,0,1,0
TXN117315,37.65,11,3.13,152.21,0,0.336,0,1,0
TXN117316,42.24,17,2.85,48.46,0,0.192,0,0,0
TXN117317,30.21,7,5.21,56.04,1,0.41,0,1,0
TXN117318,59.03,17,5.08,220.16,1,0.293,0,0,0
TXN117319,229.33,23,4.11,406.48,0,0.093,0,1,0
TXN117320,76.42,13,12.64,81.75,0,0.617,0,1,0
TXN117321,148.3071119547458,9,129.31505856756456,209.23,0,0.7842599487754909,0,1,0
TXN117322,171.92,21,17.55,154.56,0,0.129,0,1,0
TXN117323,71.95,11,5.39,28.16,0,0.452,0,1,0
TXN117324,45.11,19,3.55,507.24,0,0.08,0,0,0
TXN117325,196.53,15,3.46,14.16,0,0.279,0,1,0
TXN117326,116.78,16,8.91,133.16,0,0.252,0,0,0
TXN117327,51.78,8,11.95,308.52,0,0.115,0,1,0
TXN117328,162.07,10,43.15,44.73,0,0.48,0,0,0
TXN117329,24.45,2,6.83,363.05,0,0.287,0,1,0
TXN117330,5.68,19,7.89,150.44,0,0.067,0,1,0
TXN117331,279.91,10,1.52,109.91,0,0.157,0,1,0
TXN117332,100.53,11,6.16,155.09,0,0.182,0,1,0
TXN117333,55.36,16,1.47,239.7,0,0.585,0,1,0
TXN117334,128.54,19,8.55,3.24,0,0.053,0,1,0
TXN117335,17.49,15,26.07,38.76,0,0.059,0,0,0
TXN117336,106.46,10,4.82,279.71,0,0.235,0,0,0
TXN117337,242.32,21,3.77,47.58,0,0.032,0,1,0
TXN117338,45.76,14,5.11,27.91,0,0.586,0,0,0
TXN117339,199.67,3,194.74,1.23,4,0.666,0,1,1
TXN117340,107.44,19,3.34,148.9,0,0.149,0,1,0
TXN117341,34.7,2,8.17,41.09,0,0.422,1,1,0
TXN117342,11.67,0,8.43,24.39,0,0.424,0,0,0
TXN117343,225.75,5,3.98,184.41,0,0.214,1,0,0
TXN117344,34.34,14,8.43,3.99,0,0.135,0,0,0
TXN117345,33.61,3,0.91,46.32,0,0.372,0,1,0
TXN117346,85.86,18,4.45,163.07,0,0.313,0,1,0
TXN117347,114.75,19,2.51,119.37,0,0.398,0,1,0
TXN117348,124.62,6,7.77,30.19,0,0.069,0,0,0
TXN117349,121.81,10,13.64,88.05,0,0.555,0,1,0
TXN117350,278.06,20,2.86,28.26,0,0.302,0,1,0
TXN117351,8.97,14,6.88,66.25,0,0.343,0,1,0
TXN117352,128.6,20,3.29,59.78,0,0.141,0,1,0
TXN117353,40.15,12,12.21,314.45,0,0.167,0,1,0
TXN117354,98.61,17,1.97,56.44,0,0.329,0,1,0
TXN117355,129.94,14,6.89,55.76,0,0.371,1,1,0
TXN117356,74.54,19,1.35,279.82,0,0.868,1,1,0
TXN117357,74.59,18,13.38,78.22,0,0.483,0,1,0
TXN117358,70.92,15,3.87,106.34,0,0.435,0,1,0
TXN117359,19.62,7,3.4,49.24,0,0.264,0,1,0
TXN117360,57.34,17,1.84,518.24,2,0.366,0,1,0
TXN117361,16.24,4,5.67,46.33,0,0.433,0,1,0
TXN117362,24.24,14,10.15,77.43,0,0.446,0,1,0
TXN117363,25.81,18,2.27,5.4,1,0.338,0,0,0
TXN117364,22.26,9,11.99,39.0,1,0.219,0,1,0
TXN117365,210.23,16,1.53,90.62,0,0.466,1,1,0
TXN117366,42.13,2,2.71,174.88,0,0.252,0,0,0
TXN117367,69.04,5,2.75,62.93,0,0.194,0,1,0
TXN117368,72.04,14,1.63,342.64,0,0.206,0,1,0
TXN117369,131.15,10,3.27,97.74,0,0.104,0,0,0
TXN117370,76.74,2,7.8,66.34,1,0.364,0,1,0
TXN117371,90.3,17,4.95,196.88,0,0.135,0,1,0
TXN117372,90.85,0,0.82,69.7,1,0.334,0,1,0
TXN117373,70.31,19,7.69,378.26,0,0.183,0,1,0
TXN117374,132.56,3,9.55,134.25,1,0.305,0,1,0
TXN117375,101.76,21,14.57,341.04,0,0.155,0,1,0
TXN117376,63.06,19,12.57,89.61,1,0.308,0,0,0
TXN117377,88.98,10,4.08,178.21,0,0.062,0,1,0
TXN117378,136.99,3,2.95,84.19,0,0.089,0,0,0
TXN117379,115.73,14,18.95,48.48,0,0.293,0,1,0
TXN117380,60.1,16,4.34,111.03,0,0.316,0,1,0
TXN117381,38.53,20,3.07,239.39,0,0.22,0,0,0
TXN117382,65.63,4,15.68,94.04,0,0.053,0,1,0
TXN117383,12.86,5,1.99,119.13,1,0.533,0,1,0
TXN117384,99.95,8,3.26,56.42,1,0.173,0,1,0
TXN117385,22.32,21,6.39,63.75,0,0.553,0,1,0
TXN117386,121.78,19,17.34,269.44,0,0.255,0,1,0
TXN117387,32.11,15,9.87,31.11,0,0.318,0,1,0
TXN117388,65.39,19,12.9,90.14,2,0.232,1,1,0
TXN117389,177.26,9,1.2,102.83,2,0.586,0,1,0
TXN117390,154.55,11,12.97,7.81,0,0.088,0,0,0
TXN117391,9.39,11,9.38,162.92,0,0.152,0,1,0
TXN117392,21.57,18,8.09,188.99,0,0.441,0,1,0
TXN117393,33.82,8,8.79,229.44,1,0.167,0,1,0
TXN117394,89.88,8,8.42,19.81,0,0.288,0,1,0
TXN117395,36.52,20,8.05,92.59,1,0.121,0,1,0
TXN117396,94.32,18,4.55,214.19,1,0.36,0,0,0
TXN117397,77.49,15,18.72,221.94,0,0.23,0,1,0
TXN117398,133.11,5,7.55,19.01,0,0.206,0,0,0
TXN117399,100.06,17,1.57,204.68,0,0.185,0,1,0
TXN117400,31.6,15,5.64,109.31,0,0.46,0,1,0
TXN117401,15.02,18,29.29,566.93,0,0.391,0,1,0
TXN117402,20.37,14,7.84,58.55,0,0.167,0,1,0
TXN117403,24.68,11,3.87,58.74,0,0.239,0,1,0
TXN117404,88.79,20,3.58,20.16,0,0.468,0,1,0
TXN117405,18.69,9,4.11,33.81,0,0.211,0,1,0
TXN117406,44.18,13,0.79,167.49,0,0.277,0,0,0
TXN117407,64.56,15,13.4,231.27,0,0.053,0,1,0
TXN117408,85.79,0,3.98,56.22,0,0.153,0,1,0
TXN117409,107.82,19,1.19,132.87,0,0.112,0,1,0
TXN117410,66.79,8,16.35,137.56,0,0.341,0,1,0
TXN117411,59.16,13,14.34,91.21,0,0.564,1,1,0
TXN117412,9.24,17,5.48,9.84,0,0.05,0,0,0
TXN117413,128.65,2,3.06,5.92,0,0.163,0,1,0
TXN117414,53.54,8,12.77,34.99,1,0.28,0,1,0
TXN117415,102.55,8,17.03,13.06,1,0.414,0,1,0
TXN117416,75.37,4,10.65,12.4,1,0.236,0,0,0
TXN117417,49.91,20,1.03,11.62,0,0.529,0,1,0
TXN117418,13.48,23,2.1,325.62,1,0.247,1,0,0
TXN117419,6.09,8,4.23,134.76,1,0.383,0,1,0
TXN117420,27.9,12,9.94,72.31,0,0.462,0,1,0
TXN117421,64.38,8,7.54,2.9,0,0.081,0,1,0
TXN117422,259.34,17,16.57,78.16,0,0.491,0,1,0
TXN117423,45.48,19,8.2,14.48,0,0.25,0,0,0
TXN117424,68.31,6,1.27,104.14,0,0.411,0,1,0
TXN117425,148.09,17,12.43,135.84,1,0.257,0,1,0
TXN117426,13.5,19,3.36,0.97,0,0.138,0,1,0
TXN117427,30.58,11,4.29,127.51,1,0.09,0,0,0
TXN117428,25.51,4,1.96,312.08,0,0.324,0,1,0
TXN117429,12.58,6,11.09,9.76,0,0.342,0,1,0
TXN117430,95.08,4,4.34,40.27,0,0.084,0,1,0
TXN117431,194.57,7,2.2,697.3,0,0.291,0,1,0
TXN117432,40.9,10,7.94,148.67,0,0.208,0,1,0
TXN117433,73.98,11,5.79,106.87,0,0.228,0,1,0
TXN117434,27.51,17,2.57,135.26,0,0.061,1,1,0
TXN117435,75.81,11,4.5,36.66,0,0.321,0,1,0
TXN117436,17.79,9,7.04,71.74,0,0.626,0,0,0
TXN117437,14.01,11,7.33,56.12,0,0.207,0,0,0
TXN117438,57.94,13,17.54,367.92,0,0.116,0,1,0
TXN117439,20.67,16,0.76,146.66,2,0.446,0,1,0
TXN117440,355.05,13,24.1,64.31,0,0.041,0,1,0
TXN117441,107.01,12,3.4,185.34,0,0.288,0,1,0
TXN117442,63.8,11,4.1,97.53,0,0.224,0,0,0
TXN117443,69.62,4,25.3,65.89,0,0.395,0,1,0
TXN117444,49.52,6,7.2,137.53,0,0.278,0,0,0
TXN117445,118.0,18,2.88,367.24,1,0.049,0,0,0
TXN117446,50.93,19,15.99,18.14,1,0.403,0,0,0
TXN117447,28.35,17,30.47,73.05,1,0.356,0,0,0
TXN117448,91.35,18,13.37,222.24,0,0.347,0,0,0
TXN117449,27.02,16,1.49,72.14,1,0.087,0,1,0
TXN117450,105.4,4,2.45,41.55,0,0.346,0,1,0
TXN117451,533.59,20,437.49,1.59,7,0.842,1,0,1
TXN117452,34.49,7,10.67,273.06,0,0.066,0,1,0
TXN117453,70.74,22,0.92,193.19,0,0.236,0,0,0
TXN117454,32.39,7,12.01,16.97,2,0.399,0,0,0
TXN117455,79.85,20,13.01,58.66,0,0.388,0,1,0
TXN117456,83.04,15,14.85,53.67,0,0.119,0,1,0
TXN117457,125.73,15,12.79,168.35,0,0.371,0,0,0
TXN117458,280.92,20,7.47,32.98,0,0.095,0,0,0
TXN117459,278.32,22,1.91,244.03,1,0.38,0,1,0
TXN117460,91.87,17,10.43,32.73,0,0.13,0,1,0
TXN117461,127.47,8,7.37,318.76,1,0.43,0,1,0
TXN117462,36.29,4,9.55,46.77,0,0.246,0,1,0
TXN117463,84.26,22,16.08,64.39,0,0.34,0,1,0
TXN117464,42.81,18,4.95,0.36,0,0.12,0,0,0
TXN117465,27.21,4,0.77,169.08,0,0.153,0,1,0
TXN117466,63.58,14,17.24,169.76,0,0.271,0,1,0
TXN117467,155.75,12,11.94,75.98,0,0.379,0,0,0
TXN117468,97.55,2,6.58,310.48,0,0.346,0,1,0
TXN117469,148.38,14,2.57,42.94,0,0.405,0,1,0
TXN117470,98.58,12,4.72,0.74,0,0.189,1,1,0
TXN117471,28.23,19,9.49,182.08,0,0.52,0,0,0
TXN117472,17.65,14,3.59,105.62,1,0.306,0,1,0
TXN117473,112.62,9,16.64,330.07,0,0.333,0,1,0
TXN117474,75.39,19,2.23,11.84,0,0.559,0,1,0
TXN117475,89.89,20,8.68,106.17,0,0.301,0,1,0
TXN117476,49.55,12,5.54,40.43,0,0.566,0,0,0
TXN117477,44.9,20,10.87,1.98,0,0.056,0,1,0
TXN117478,232.1,9,6.71,50.65,0,0.594,0,1,0
TXN117479,4.09,8,9.39,12.09,1,0.373,0,1,0
TXN117480,71.62,6,7.11,33.93,1,0.277,0,1,0
TXN117481,49.09,0,0.42,26.24,0,0.222,0,0,0
TXN117482,21.33,9,10.7,76.16,1,0.321,0,1,0
TXN117483,184.55,2,6.74,63.58,0,0.348,0,0,0
TXN117484,39.53,13,1.17,134.85,1,0.202,0,1,0
TXN117485,49.62,11,2.58,36.73,0,0.084,0,1,0
TXN117486,14.84,12,12.55,59.73,0,0.079,0,1,0
TXN117487,102.41,19,6.84,61.97,0,0.428,0,1,0
TXN117488,64.14,14,2.43,14.11,0,0.495,0,1,0
TXN117489,369.54,13,11.99,29.63,0,0.237,0,1,0
TXN117490,83.53,7,6.55,205.57,0,0.318,0,1,0
TXN117491,81.0,9,3.53,59.57,0,0.197,0,1,0
TXN117492,7.245754309207409,4,84.64430809106581,297.42,0,0.5434635470408565,0,0,0
TXN117493,221.4,11,1.91,33.19,0,0.037,0,0,0
TXN117494,29.73,16,11.65,15.32,0,0.27,0,1,0
TXN117495,215.48866967114725,5,20.576110298126,216.31,1,0.5981804781424163,0,1,0
TXN117496,63.78,13,1.63,113.25,0,0.598,0,1,0
TXN117497,23.08,6,11.04,189.33,0,0.155,0,1,0
TXN117498,164.07,0,4.61,170.56,1,0.149,0,1,0
TXN117499,22.46,17,3.21,7.98,2,0.239,0,1,0
TXN117500,61.62,20,1.02,589.92,1,0.28,0,1,0
TXN117501,148.97,22,10.19,69.3,0,0.369,1,1,0
TXN117502,15.61,11,6.43,159.88,0,0.192,0,1,0
TXN117503,41.45,12,18.84,3.07,0,0.449,0,1,0
TXN117504,19.22,15,7.04,30.76,1,0.168,0,1,0
TXN117505,123.76,16,10.54,120.05,1,0.136,0,1,0
TXN117506,67.05,19,2.8,267.2,1,0.373,0,1,0
TXN117507,5.77,12,20.92,220.75,0,0.386,0,1,0
TXN117508,45.2,11,9.21,133.33,0,0.295,0,1,0
TXN117509,37.61,9,1.45,154.6,0,0.102,0,1,0
TXN117510,245.8112497497165,10,5.854237178796582,362.03,0,0.5963026108552607,0,1,0
TXN117511,62.59,12,2.39,231.36,0,0.152,0,1,0
TXN117512,71.76,14,11.26,164.39,0,0.147,0,1,0
TXN117513,82.07,13,0.98,109.7,0,0.403,0,1,0
TXN117514,51.35,23,9.9,57.5,0,0.376,0,1,0
TXN117515,73.35,21,15.03,319.79,0,0.095,0,1,0
TXN117516,893.58,0,144.53,0.23,2,0.707,0,0,1
TXN117517,69.14,16,7.21,242.49,0,0.32,0,1,0
TXN117518,88.7,13,5.01,19.64,0,0.161,1,1,0
TXN117519,30.91,11,5.85,66.65,0,0.206,0,0,0
TXN117520,47.23,20,4.65,53.15,0,0.227,0,0,0
TXN117521,154.24,11,7.15,12.32,0,0.404,0,1,0
TXN117522,23.29,13,12.04,15.53,0,0.05,0,1,0
TXN117523,84.29,19,5.93,59.71,1,0.586,0,0,0
TXN117524,149.03,15,6.76,0.5,0,0.035,0,1,0
TXN117525,36.18,20,1.32,23.74,0,0.388,0,1,0
TXN117526,57.03,10,13.32,94.94,1,0.061,1,1,0
TXN117527,72.17,18,2.77,45.81,0,0.159,0,1,0
TXN117528,383.29,18,78.53,0.14,1,0.818,0,0,1
TXN117529,207.61,20,2.41,105.98,0,0.779,0,1,0
TXN117530,20.64,13,14.43,147.24,0,0.315,0,1,0
TXN117531,35.39,15,12.31,138.72,1,0.505,0,1,0
TXN117532,60.35,9,15.98,114.44,0,0.455,1,0,0
TXN117533,256.16,8,5.86,195.3,0,0.139,0,1,0
TXN117534,71.66,15,21.7,47.43,1,0.292,0,1,0
TXN117535,58.02,9,6.2,70.18,0,0.528,0,1,0
TXN117536,13.43,18,8.83,46.49,0,0.257,0,1,0
TXN117537,88.71,13,6.6,140.79,0,0.438,0,1,0
TXN117538,60.88,8,18.53,406.79,0,0.341,0,1,0
TXN117539,121.87,10,0.7,247.29,0,0.467,0,1,0
TXN117540,89.65,9,5.99,70.21,0,0.311,0,1,0
TXN117541,9.17,7,9.05,4.52,0,0.425,0,1,0
TXN117542,74.48,3,3.44,1.27,0,0.522,0,1,0
TXN117543,66.03,12,23.7,151.5,0,0.103,1,1,0
TXN117544,106.99,11,3.73,379.65,2,0.045,0,1,0
TXN117545,111.19,12,3.13,292.88,0,0.46,0,1,0
TXN117546,106.43,5,8.06,523.19,1,0.383,0,1,0
TXN117547,211.8339453709648,9,2.5099375022256876,129.14,0,0.556615052816297,0,1,0
TXN117548,80.12,13,0.77,89.63,0,0.242,0,1,0
TXN117549,133.45,15,1.24,18.71,2,0.387,0,1,0
TXN117550,35.73,16,4.48,30.71,0,0.072,1,1,0
TXN117551,50.84,17,8.68,14.8,0,0.648,0,1,0
TXN117552,13.66,14,19.3,391.7,0,0.278,0,1,0
TXN117553,58.03,9,12.68,8.22,0,0.089,0,1,0
TXN117554,150.0,14,0.94,41.79,0,0.108,0,1,0
TXN117555,42.51,0,3.39,190.58,1,0.645,0,1,0
TXN117556,15.88,20,19.5,312.95,0,0.521,0,1,0
TXN117557,101.26,12,5.63,481.46,0,0.161,0,0,0
TXN117558,50.25,21,5.88,165.91,0,0.197,0,1,0
TXN117559,136.45,10,3.12,0.84,0,0.055,0,1,0
TXN117560,87.99,15,1.5,96.71,0,0.3,0,1,0
TXN117561,103.39,20,2.42,180.17,0,0.126,0,0,0
TXN117562,11.1,8,9.34,78.87,1,0.209,0,0,0
TXN117563,85.92,23,2.0,61.02,0,0.015,0,1,0
TXN117564,37.38,17,9.3,54.22,0,0.416,0,1,0
TXN117565,21.26,6,7.37,57.92,0,0.134,0,1,0
TXN117566,38.45,15,4.58,186.04,2,0.397,0,1,0
TXN117567,230.4,8,7.8,12.05,0,0.193,0,0,0
TXN117568,147.29,12,9.73,183.8,0,0.545,0,1,0
TXN117569,87.6,13,25.94,10.11,0,0.084,1,0,0
TXN117570,74.41,17,3.86,377.29,0,0.098,0,1,0
TXN117571,81.47,18,21.35,229.56,0,0.482,0,0,0
TXN117572,142.0,1,1.17,43.68,0,0.041,0,1,0
TXN117573,66.69,15,4.52,113.63,1,0.258,0,0,0
TXN117574,134.1,12,5.65,114.29,0,0.194,0,1,0
TXN117575,13.84,18,0.36,46.53,0,0.174,0,1,0
TXN117576,27.27,13,11.16,27.71,1,0.502,0,1,0
TXN117577,85.55,8,14.84,394.85,0,0.043,0,1,0
TXN117578,92.7,16,2.0,154.27,0,0.53,0,1,0
TXN117579,25.23,17,2.09,56.88,0,0.147,0,0,0
TXN117580,166.49,23,3.91,29.64,1,0.311,0,0,0
TXN117581,129.64912699894924,9,68.58698452725596,98.69,1,0.5309175674524546,0,1,0
TXN117582,22.68,18,15.77,168.72,0,0.354,0,1,0
TXN117583,83.79,18,2.83,182.57,0,0.105,0,1,0
TXN117584,118.93,15,1.84,119.88,0,0.204,0,1,0
TXN117585,66.11,1,1.18,33.74,0,0.442,0,1,0
TXN117586,2.26,10,6.18,71.24,1,0.027,0,1,0
TXN117587,488.05088699315104,15,54.38368392630394,67.41,1,0.548561898817605,0,1,0
TXN117588,52.58,8,6.96,65.61,2,0.41,0,1,0
TXN117589,174.71,13,1.36,4.31,2,0.351,0,1,0
TXN117590,142.38,10,18.3,21.56,0,0.47,0,1,0
TXN117591,406.6930287770061,14,17.17770483615726,66.28,2,0.7045057081587751,0,1,0
TXN117592,124.36,16,4.26,50.03,0,0.262,0,1,0
TXN117593,78.63,12,13.95,49.3,0,0.143,0,1,0
TXN117594,76.29,10,109.87,2.41,10,0.932,0,0,1
TXN117595,171.14,17,21.79,567.58,1,0.111,0,0,0
TXN117596,33.85,2,7.04,313.98,0,0.12,0,1,0
TXN117597,112.6,20,7.26,9.93,0,0.632,0,1,0
TXN117598,16.26,21,19.24,151.1,0,0.116,0,1,0
TXN117599,17.42,18,9.51,6.83,0,0.195,0,0,0
TXN117600,99.02,23,7.25,22.9,1,0.031,0,1,0
TXN117601,60.82,16,9.97,258.18,0,0.594,0,1,0
TXN117602,44.88,12,4.0,96.14,0,0.187,0,1,0
TXN117603,410.46548353759033,6,3.5820959673692645,121.71,0,0.6380587023811597,0,1,0
TXN117604,99.66,11,7.8,23.81,0,0.061,0,0,0
TXN117605,9.22,0,11.46,124.95,0,0.169,0,1,0
TXN117606,22.21,18,8.83,189.94,0,0.36,0,1,0
TXN117607,145.57,21,20.91,2.67,0,0.308,0,1,0
TXN117608,72.93,20,1.36,60.46,0,0.257,0,1,0
TXN117609,133.43,14,0.06,265.13,0,0.157,0,1,0
TXN117610,21.93,15,12.17,33.38,1,0.293,0,1,0
TXN117611,108.16,18,7.7,184.16,0,0.054,0,1,0
TXN117612,174.5,12,2.6,2.64,0,0.342,0,1,0
TXN117613,115.79,15,6.47,163.68,0,0.224,0,1,0
TXN117614,23.3,1,4.37,182.88,0,0.289,0,0,0
TXN117615,70.5,21,3.84,468.19,1,0.143,0,1,0
TXN117616,9.43,10,10.05,598.67,2,0.225,0,1,0
TXN117617,121.22,11,25.97,162.0,0,0.317,0,1,0
TXN117618,58.91,23,33.16,97.46,1,0.26,0,1,0
TXN117619,43.5,12,8.2,19.17,0,0.19,0,1,0
TXN117620,71.94,13,4.06,214.6,0,0.202,0,0,0
TXN117621,114.61,18,12.12,131.39,1,0.271,0,1,0
TXN117622,498.01,15,204.13,4.25,4,0.899,1,0,1
TXN117623,33.88,5,1.59,145.64,0,0.422,0,1,0
TXN117624,96.58,11,13.26,19.13,0,0.491,0,1,0
TXN117625,51.82,8,4.05,127.68,0,0.363,0,1,0
TXN117626,37.56,10,12.32,120.12,0,0.444,0,1,0
TXN117627,185.07840861813,14,22.436020137960053,314.82,0,0.6468061766382613,0,1,0
TXN117628,60.55,20,5.35,325.79,0,0.238,0,1,0
TXN117629,253.45483038276964,16,62.02875632352455,23.1,0,0.6839871698416451,0,0,0
TXN117630,52.67,1,6.23,334.77,0,0.423,0,1,0
TXN117631,33.34,19,31.08,30.94,0,0.199,0,0,0
TXN117632,387.6539566553102,8,9.093835014763101,49.42,0,0.6783818833600659,0,1,0
TXN117633,70.09,14,7.62,28.1,0,0.326,0,1,0
TXN117634,19.05,10,1.82,164.74,0,0.287,0,1,0
TXN117635,85.56,12,7.64,63.54,0,0.327,0,0,0
TXN117636,75.39,21,6.23,39.07,0,0.142,0,1,0
TXN117637,90.36,7,1.48,380.99,1,0.469,0,1,0
TXN117638,43.63,14,3.73,12.7,1,0.509,0,1,0
TXN117639,52.09,14,0.3,68.65,0,0.137,0,1,0
TXN117640,69.6,18,2.87,142.68,0,0.126,0,1,0
TXN117641,128.2,0,4.0,81.48,1,0.37,0,1,0
TXN117642,137.18,13,14.62,169.53,1,0.357,0,1,0
TXN117643,125.38,16,2.73,61.82,0,0.275,0,1,0
TXN117644,64.45,10,1.9,32.16,0,0.247,0,0,0
TXN117645,58.01,5,10.74,18.96,0,0.066,0,1,0
TXN117646,367.86797203581557,2,32.875795168317595,49.36,0,0.5909947398861546,0,1,0
TXN117647,80.68,16,0.22,229.53,0,0.195,0,1,0
TXN117648,30.03,9,5.87,389.11,0,0.11,0,1,0
TXN117649,216.59,16,4.75,311.05,0,0.236,1,1,0
TXN117650,112.39,20,13.2,105.89,0,0.625,0,1,0
TXN117651,66.0,10,2.51,68.66,1,0.135,0,1,0
TXN117652,52.23,9,2.55,42.51,2,0.447,0,1,0
TXN117653,18.72,3,5.04,141.67,0,0.371,0,0,0
TXN117654,31.1,16,6.89,11.65,0,0.329,0,1,0
TXN117655,72.27,12,10.24,125.21,0,0.073,0,0,0
TXN117656,45.59,19,7.39,277.18,0,0.338,0,1,0
TXN117657,89.28,18,14.28,352.28,0,0.583,0,0,0
TXN117658,68.23,10,8.24,193.74,0,0.008,0,1,0
TXN117659,58.06,4,6.08,57.6,0,0.05,0,1,0
TXN117660,78.07,7,2.26,138.19,0,0.336,0,1,0
TXN117661,61.52,1,0.44,34.54,0,0.356,0,0,0
TXN117662,53.12,15,5.86,91.14,0,0.25,0,1,0
TXN117663,89.74,11,14.3,65.89,0,0.38,0,0,0
TXN117664,130.73,11,2.82,153.3,0,0.168,0,0,0
TXN117665,22.7,13,10.5,65.22,0,0.164,0,1,0
TXN117666,141.39,8,1.57,72.52,0,0.227,0,1,0
TXN117667,28.3,15,1.01,182.66,1,0.369,0,1,0
TXN117668,44.08,16,10.24,87.8,0,0.208,0,0,0
TXN117669,57.05,20,5.58,36.58,1,0.531,0,1,0
TXN117670,102.54,20,0.49,317.99,1,0.214,0,1,0
TXN117671,74.91,14,12.1,173.16,0,0.281,0,1,0
TXN117672,112.66,12,7.89,8.46,0,0.164,1,1,0
TXN117673,105.71,19,9.17,146.95,0,0.131,0,1,0
TXN117674,20.68,10,15.46,154.33,0,0.613,0,0,0
TXN117675,107.47,22,1.79,3.04,0,0.186,0,1,0
TXN117676,37.69,13,3.88,146.81,1,0.153,0,1,0
TXN117677,121.7,20,4.25,91.23,0,0.333,0,0,0
TXN117678,26.14,13,5.27,54.87,0,0.364,0,1,0
TXN117679,296.19,20,7.67,143.39,0,0.026,0,0,0
TXN117680,70.47,17,9.47,3.69,1,0.263,0,1,0
TXN117681,104.19,19,0.67,92.84,1,0.052,0,1,0
TXN117682,82.04,3,4.75,137.3,0,0.46,0,1,0
TXN117683,24.75,5,13.31,67.42,0,0.238,0,0,0
TXN117684,81.77,11,7.33,136.31,1,0.3,0,1,0
TXN117685,533.68,17,251.79,0.85,1,0.539,1,0,1
TXN117686,11.41,19,2.84,156.46,2,0.429,0,1,0
TXN117687,285.1821195070053,9,120.13274413329503,276.37,0,0.797205585381688,1,0,0
TXN117688,42.37,18,0.21,304.51,0,0.062,0,1,0
TXN117689,26.99,19,2.3,240.92,0,0.491,0,1,0
TXN117690,73.82,12,0.79,64.31,0,0.347,0,1,0
TXN117691,113.39,7,5.0,142.3,0,0.202,0,1,0
TXN117692,87.66,15,7.28,374.66,0,0.537,0,1,0
TXN117693,29.34,1,7.86,222.74,1,0.206,0,1,0
TXN117694,78.87058683410662,5,17.108357488120358,38.72,0,0.5353584312493176,0,1,0
TXN117695,1295.92,2,248.73,3.6,4,0.918,1,0,1
TXN117696,88.24,17,4.03,263.25,1,0.36,0,1,0
TXN117697,34.28,13,3.18,50.31,0,0.186,0,1,0
TXN117698,94.08,23,3.77,104.43,0,0.039,0,0,0
TXN117699,43.68,16,3.95,68.46,0,0.274,0,1,0
TXN117700,119.15,9,5.34,27.92,0,0.46,0,1,0
TXN117701,58.94,0,3.92,303.92,0,0.281,1,1,0
TXN117702,674.4,9,389.02,0.59,3,0.576,0,0,1
TXN117703,57.99,8,2.77,1.42,0,0.405,0,1,0
TXN117704,20.57,5,9.79,42.62,0,0.437,0,1,0
TXN117705,46.07,23,5.49,188.7,1,0.357,0,1,0
TXN117706,65.96,8,5.38,34.19,0,0.32,0,1,0
TXN117707,30.67,3,8.84,32.38,2,0.277,0,0,0
TXN117708,36.79,9,2.05,243.03,1,0.165,0,1,0
TXN117709,45.3,11,6.26,201.6,0,0.073,0,1,0
TXN117710,143.6,11,4.72,184.44,0,0.269,0,1,0
TXN117711,18.81,11,2.67,8.7,1,0.235,0,0,0
TXN117712,749.16,4,84.13,0.94,8,0.606,1,0,1
TXN117713,119.7,22,0.46,37.33,0,0.185,0,1,0
TXN117714,170.309119317883,8,172.35709917992526,158.82,0,0.5583644856237675,0,1,0
TXN117715,36.5,2,0.36,697.54,0,0.251,0,1,0
TXN117716,97.12,22,0.61,195.1,1,0.355,0,1,0
TXN117717,80.82,13,3.12,93.79,0,0.407,0,1,0
TXN117718,141.68,16,7.62,12.58,0,0.252,0,1,0
TXN117719,73.86,17,4.48,96.27,1,0.6,0,1,0
TXN117720,126.35,10,5.44,58.28,1,0.367,0,0,0
TXN117721,20.04,20,4.58,37.99,0,0.384,0,1,0
TXN117722,15.4,19,0.58,61.12,0,0.207,0,0,0
TXN117723,119.33,12,10.17,99.51,0,0.119,0,1,0
TXN117724,92.13,10,5.49,47.22,1,0.337,0,1,0
TXN117725,110.43,2,5.55,388.94,0,0.229,0,1,0
TXN117726,38.34,10,4.6,209.34,0,0.426,0,0,0
TXN117727,139.89,16,2.64,138.12,0,0.175,0,1,0
TXN117728,166.44,8,9.41,14.52,0,0.181,0,1,0
TXN117729,148.95,6,0.11,309.32,0,0.132,0,1,0
TXN117730,49.86,15,6.25,5.09,1,0.316,0,0,0
TXN117731,115.78,13,7.9,104.8,1,0.542,1,1,0
TXN117732,108.96,18,9.99,116.49,1,0.476,0,1,0
TXN117733,50.81,7,16.0,67.42,0,0.662,0,1,0
TXN117734,26.43,16,1.21,43.67,1,0.2,0,1,0
TXN117735,22.7,12,12.21,89.33,0,0.273,0,1,0
TXN117736,23.84,18,6.52,128.54,2,0.211,0,1,0
TXN117737,74.25,12,4.09,99.69,0,0.29,0,1,0
TXN117738,16.14,12,12.17,137.34,0,0.102,0,1,0
TXN117739,117.69,18,3.59,136.56,0,0.398,0,1,0
TXN117740,14.34,18,20.76,17.38,0,0.671,0,1,0
TXN117741,295.5493269370963,20,293.2926861135963,17.62,2,0.5431128317808026,0,0,0
TXN117742,31.94,12,6.49,192.92,0,0.156,0,1,0
TXN117743,23.93,20,7.42,132.06,0,0.475,0,1,0
TXN117744,135.97,18,6.8,5.32,1,0.191,0,0,0
TXN117745,32.06,8,20.73,308.76,2,0.274,0,1,0
TXN117746,124.42,23,4.53,149.14,0,0.443,0,1,0
TXN117747,89.03,1,12.4,9.78,0,0.068,0,1,0
TXN117748,144.6,18,3.86,86.76,0,0.222,0,0,0
TXN117749,51.04,9,15.06,140.04,0,0.147,0,1,0
TXN117750,106.74,17,19.2,43.44,2,0.313,0,1,0
TXN117751,14.1,14,3.06,76.06,0,0.315,0,1,0
TXN117752,80.35,13,1.99,122.2,0,0.202,0,1,0
TXN117753,49.49,15,13.49,257.88,1,0.13,0,0,0
TXN117754,10.4,10,9.31,238.54,1,0.273,0,1,0
TXN117755,15.96,16,1.46,318.79,1,0.266,0,1,0
TXN117756,85.85,14,19.65,81.13,1,0.135,0,0,0
TXN117757,26.54,11,13.59,2.75,0,0.322,0,0,0
TXN117758,37.03,22,12.69,59.08,0,0.209,0,1,0
TXN117759,86.44,9,2.23,369.48,3,0.294,1,1,0
TXN117760,29.2,22,4.95,212.36,0,0.251,0,1,0
TXN117761,19.38,20,1.93,184.06,0,0.234,0,1,0
TXN117762,8.74,15,1.03,272.14,0,0.131,0,1,0
TXN117763,64.45,20,22.38,18.47,0,0.489,0,1,0
TXN117764,64.13,9,7.09,80.08,0,0.261,0,1,0
TXN117765,26.5,17,6.89,35.53,0,0.252,0,1,0
TXN117766,20.39,20,0.23,17.69,0,0.237,0,0,0
TXN117767,33.48,12,16.98,13.87,0,0.444,0,0,0
TXN117768,89.36,14,0.94,42.5,0,0.068,0,0,0
TXN117769,29.22,11,3.93,117.47,0,0.5,0,1,0
TXN117770,33.09,14,0.38,258.07,0,0.206,0,1,0
TXN117771,22.7,11,3.44,132.18,0,0.051,0,1,0
TXN117772,141.49,13,0.77,40.03,0,0.61,0,0,0
TXN117773,80.46,7,5.94,779.94,0,0.351,0,1,0
TXN117774,159.7,8,2.27,72.77,2,0.27,0,1,0
TXN117775,172.18,9,4.8,70.49,0,0.556,0,1,0
TXN117776,408.68,13,159.62,3.93,6,0.356,1,0,1
TXN117777,251.81,18,1.85,76.18,0,0.092,0,0,0
TXN117778,74.77,17,8.02,403.05,0,0.4,0,1,0
TXN117779,40.84,15,11.21,34.61,0,0.264,0,1,0
TXN117780,85.47,16,5.8,221.51,0,0.1,0,1,0
TXN117781,69.48,18,1.1,127.91,0,0.208,0,0,0
TXN117782,123.36,15,1.89,15.37,1,0.366,0,0,0
TXN117783,19.25,9,10.25,169.15,0,0.469,0,1,0
TXN117784,168.91,2,2.11,39.12,0,0.619,0,1,0
TXN117785,101.93,4,0.69,140.86,1,0.695,0,1,0
TXN117786,111.54583375488905,9,16.44534079366914,181.91,0,0.602886885247921,0,1,0
TXN117787,62.16,11,7.93,56.31,0,0.551,0,0,0
TXN117788,301.51,18,12.78,316.35,2,0.222,0,1,0
TXN117789,40.59,2,14.82,221.46,1,0.291,0,1,0
TXN117790,935.4952460697453,7,34.32012512381284,19.69,1,0.5635132206061765,0,1,0
TXN117791,131.12,8,6.36,47.06,0,0.25,0,1,0
TXN117792,32.64,20,8.67,47.18,0,0.11,0,1,0
TXN117793,45.83,20,13.73,82.52,0,0.316,0,1,0
TXN117794,24.06,16,0.71,14.0,0,0.278,0,1,0
TXN117795,27.65,23,4.68,185.49,1,0.412,0,1,0
TXN117796,13.51,7,13.08,314.53,0,0.25,0,1,0
TXN117797,240.01,2,343.01,9.39,4,0.879,1,0,1
TXN117798,232.39,18,8.14,4.57,0,0.285,0,0,0
TXN117799,80.06,14,8.72,36.16,0,0.128,0,0,0
TXN117800,16.42,5,21.63,208.49,0,0.205,0,1,0
TXN117801,59.86,20,1.17,10.5,0,0.145,0,1,0
TXN117802,33.16,9,5.46,70.28,0,0.086,0,1,0
TXN117803,5.64,16,6.58,51.01,0,0.154,0,1,0
TXN117804,86.4,2,6.91,9.62,0,0.763,0,1,0
TXN117805,53.37,18,5.05,30.63,0,0.064,0,0,0
TXN117806,14.85,9,5.21,330.22,1,0.062,0,1,0
TXN117807,190.8,15,1.72,243.82,0,0.236,0,1,0
TXN117808,188.13,6,5.06,145.96,2,0.102,0,1,0
TXN117809,47.69,6,17.25,142.14,0,0.382,0,1,0
TXN117810,784.92,20,174.41,5.35,2,0.695,0,0,1
TXN117811,14.99,14,23.26,305.95,0,0.39,0,1,0
TXN117812,79.91,16,6.56,351.61,0,0.205,0,1,0
TXN117813,187.32,13,16.72,125.6,0,0.204,0,1,0
TXN117814,76.72,8,15.83,48.97,0,0.329,0,1,0
TXN117815,27.83,15,16.3,318.08,0,0.061,0,1,0
TXN117816,65.52,14,9.41,81.34,0,0.252,0,1,0
TXN117817,32.82,21,12.31,77.54,0,0.277,0,1,0
TXN117818,74.38,16,5.31,46.58,0,0.387,0,1,0
TXN117819,66.78,22,2.39,93.36,0,0.56,0,1,0
TXN117820,26.64,10,4.6,73.97,0,0.199,0,1,0
TXN117821,69.2,17,2.45,93.11,0,0.523,0,1,0
TXN117822,179.49414680896393,14,45.282726376304666,15.3,0,0.6665358779759217,0,1,0
TXN117823,247.14,19,14.1,65.7,0,0.536,0,1,0
TXN117824,149.76,6,7.86,31.06,0,0.298,0,1,0
TXN117825,40.43,13,11.89,161.17,0,0.684,0,0,0
TXN117826,141.79,23,4.76,22.11,1,0.125,0,1,0
TXN117827,31.14,12,3.01,160.55,0,0.207,0,1,0
TXN117828,17.15,10,1.53,65.72,0,0.322,0,1,0
TXN117829,80.1,20,9.94,44.58,0,0.088,0,1,0
TXN117830,77.45,19,0.16,129.52,0,0.258,0,1,0
TXN117831,135.04,19,7.59,31.92,0,0.188,1,1,0
TXN117832,76.59752416341843,20,18.965290000138715,48.9,1,0.7714923758708361,0,0,0
TXN117833,39.48,13,0.1,29.55,1,0.323,0,1,0
TXN117834,119.43,14,1.33,115.13,0,0.144,0,1,0
TXN117835,58.9,9,10.77,144.25,1,0.478,1,0,0
TXN117836,63.82,12,1.34,0.24,0,0.242,0,1,0
TXN117837,12.97,2,12.02,30.31,0,0.301,0,1,0
TXN117838,67.2,14,6.76,151.06,0,0.528,0,0,0
TXN117839,37.36,18,10.73,291.07,0,0.475,0,1,0
TXN117840,14.28,9,7.0,101.87,0,0.307,0,0,0
TXN117841,100.08,14,0.33,109.42,0,0.473,0,1,0
TXN117842,236.32,15,4.66,27.77,0,0.102,0,1,0
TXN117843,125.2,12,1.08,151.41,1,0.329,0,1,0
TXN117844,140.97,20,9.01,37.64,0,0.647,0,1,0
TXN117845,211.38940720790967,23,32.353864344979144,383.11,0,0.7387033699833039,0,1,0
TXN117846,59.93,9,5.81,67.61,0,0.246,0,1,0
TXN117847,281.99316133616657,14,203.1745097352584,244.06,1,0.6025445568962297,0,1,0
TXN117848,20.31,19,10.81,7.62,0,0.615,0,1,0
TXN117849,417.02,5,173.24,5.41,5,0.579,1,0,1
TXN117850,123.66,16,9.36,3.89,0,0.082,0,0,0
TXN117851,168.45,15,2.17,166.15,1,0.206,0,1,0
TXN117852,74.15,8,13.52,468.71,0,0.889,0,1,0
TXN117853,89.98,13,8.64,485.22,0,0.258,0,1,0
TXN117854,28.02,2,22.66,2.66,0,0.274,0,1,0
TXN117855,29.71,8,5.11,63.0,1,0.461,0,1,0
TXN117856,83.38,20,2.85,24.31,1,0.037,0,1,0
TXN117857,78.75,19,12.03,155.22,0,0.171,0,1,0
TXN117858,74.51,14,4.88,160.42,0,0.203,0,1,0
TXN117859,124.29,19,10.74,71.7,0,0.277,0,1,0
TXN117860,180.38355248746973,13,81.74923240285916,225.89,0,0.6645173018506649,0,1,0
TXN117861,27.89,9,9.68,58.02,0,0.091,0,1,0
TXN117862,38.72,18,8.12,11.0,0,0.201,0,1,0
TXN117863,25.14,20,1.63,93.17,1,0.027,0,1,0
TXN117864,61.74,10,13.5,118.87,0,0.149,0,0,0
TXN117865,22.48,12,5.92,5.26,0,0.068,0,1,0
TXN117866,80.08,8,1.07,107.48,0,0.431,0,0,0
TXN117867,73.84,10,21.42,56.09,0,0.267,0,1,0
TXN117868,24.86,9,9.17,104.48,1,0.424,0,0,0
TXN117869,35.68,13,2.7,71.5,0,0.144,0,0,0
TXN117870,219.62,12,14.72,65.49,0,0.57,0,1,0
TXN117871,35.28,12,2.52,43.15,0,0.307,0,1,0
TXN117872,90.15,23,12.88,152.28,0,0.389,0,0,0
TXN117873,58.45,20,10.19,158.3,1,0.286,0,1,0
TXN117874,25.7,18,4.05,9.91,1,0.224,0,1,0
TXN117875,21.91,7,4.35,239.9,0,0.297,0,1,0
TXN117876,92.86,19,10.73,98.71,0,0.123,0,1,0
TXN117877,45.47,18,3.81,13.54,0,0.222,0,0,0
TXN117878,6.0,19,20.67,61.03,0,0.038,0,1,0
TXN117879,55.69,17,4.85,141.86,0,0.505,1,1,0
TXN117880,10.92,9,8.72,51.39,0,0.34,0,1,0
TXN117881,16.23,19,2.05,3.67,0,0.529,0,1,0
TXN117882,24.48,9,2.89,24.45,0,0.422,0,1,0
TXN117883,19.26,15,31.49,60.21,1,0.356,0,1,0
TXN117884,90.71,13,6.04,20.74,0,0.146,0,1,0
TXN117885,15.08,9,3.01,72.17,0,0.104,0,1,0
TXN117886,80.78,4,8.3,180.27,0,0.732,0,1,0
TXN117887,102.56,7,12.03,81.7,0,0.267,1,1,0
TXN117888,44.24,20,6.38,204.32,0,0.356,0,1,0
TXN117889,470.57,12,8.34,270.86,1,0.253,0,1,0
TXN117890,11.84,0,0.65,290.27,0,0.246,0,0,0
TXN117891,125.4,18,2.07,85.89,0,0.396,0,1,0
TXN117892,122.01,14,305.22,6.02,3,0.868,0,0,1
TXN117893,61.0,10,5.06,205.45,0,0.518,0,0,0
TXN117894,80.04,14,5.82,442.81,2,0.41,0,1,0
TXN117895,35.2,20,11.58,183.78,0,0.251,0,1,0
TXN117896,165.99,23,1.91,26.17,0,0.413,0,1,0
TXN117897,49.65,8,6.35,12.6,0,0.257,0,1,0
TXN117898,422.02,8,169.49,10.24,2,0.721,0,0,1
TXN117899,19.06,4,23.15,359.54,0,0.349,0,0,0
TXN117900,44.39,10,20.93,26.35,0,0.486,0,1,0
TXN117901,26.89,19,11.71,249.91,0,0.321,0,1,0
TXN117902,30.39,23,15.68,43.88,0,0.03,0,1,0
TXN117903,80.92,2,3.3,25.19,0,0.278,0,1,0
TXN117904,129.51,17,2.98,155.57,0,0.378,0,0,0
TXN117905,56.98,10,1.47,160.32,0,0.152,0,1,0
TXN117906,121.08,9,28.41,179.67,1,0.398,0,1,0
TXN117907,85.75,10,4.36,114.46,1,0.203,0,0,0
TXN117908,58.68,15,9.45,114.37,0,0.54,0,1,0
TXN117909,74.56,18,2.65,8.48,0,0.041,0,0,0
TXN117910,8.89,14,17.79,24.82,0,0.628,0,1,0
TXN117911,84.36,16,5.55,239.01,0,0.192,0,1,0
TXN117912,102.90138656784998,9,14.61066136513877,96.5,1,0.6138718302385124,0,1,0
TXN117913,33.58,13,9.58,233.6,0,0.072,0,0,0
TXN117914,29.55,7,5.73,49.77,0,0.424,0,1,0
TXN117915,88.6,14,10.56,139.32,0,0.308,0,0,0
TXN117916,118.09,11,3.73,23.14,0,0.207,1,1,0
TXN117917,11.2,12,5.64,14.35,0,0.107,0,1,0
TXN117918,91.31,16,7.19,57.92,0,0.162,0,1,0
TXN117919,145.84,7,12.53,136.46,0,0.556,0,1,0
TXN117920,62.02,21,21.58,78.95,0,0.209,0,1,0
TXN117921,134.89,20,1.13,258.6,1,0.081,0,1,0
TXN117922,61.09,11,16.47,212.09,0,0.401,0,1,0
TXN117923,55.94,16,1.12,233.84,0,0.353,0,1,0
TXN117924,9.74,2,5.27,56.92,1,0.205,0,1,0
TXN117925,344.54,10,27.58,269.49,0,0.105,0,1,0
TXN117926,16.9,17,2.31,14.86,1,0.479,0,1,0
TXN117927,68.08,13,2.71,54.95,0,0.42,0,1,0
TXN117928,436.69,17,461.84,7.96,1,0.723,1,0,1
TXN117929,40.27,19,4.32,91.5,0,0.569,0,1,0
TXN117930,20.97,8,4.67,51.35,1,0.081,0,0,0
TXN117931,15.91,21,5.6,45.33,1,0.241,0,1,0
TXN117932,50.72,14,11.54,84.91,0,0.585,0,1,0
TXN117933,213.82,7,2.46,516.7,0,0.409,0,1,0
TXN117934,93.4,14,1.2,28.31,0,0.192,0,1,0
TXN117935,184.63827422632414,8,62.42314245755807,73.46,2,0.5428205253911411,0,1,0
TXN117936,136.54,18,2.31,2.77,0,0.404,0,1,0
TXN117937,51.26,15,4.73,163.9,1,0.303,0,1,0
TXN117938,125.11128009153086,0,71.91302187949766,94.24,1,0.7085608523105107,0,1,0
TXN117939,88.37,19,1.89,226.77,1,0.089,0,1,0
TXN117940,55.19,20,0.22,6.88,0,0.432,0,0,0
TXN117941,75.42,18,6.06,327.0,0,0.328,0,0,0
TXN117942,31.12,15,2.89,18.91,1,0.419,0,1,0
TXN117943,24.9,11,1.27,70.32,0,0.146,0,1,0
TXN117944,146.13,15,9.5,44.16,1,0.707,0,1,0
TXN117945,272.6,19,3.39,35.97,0,0.479,0,1,0
TXN117946,110.83905415739865,10,38.94005053632651,82.91,0,0.5459102238961792,0,1,0
TXN117947,90.39,15,11.99,64.91,0,0.393,0,1,0
TXN117948,12.03,15,1.55,87.14,1,0.298,0,1,0
TXN117949,20.39,14,1.47,137.93,0,0.24,0,1,0
TXN117950,25.26,13,4.56,98.85,0,0.506,0,1,0
TXN117951,55.09,11,14.49,141.92,0,0.38,0,1,0
TXN117952,48.35,15,2.07,91.01,0,0.113,0,0,0
TXN117953,19.69,1,17.16,15.72,0,0.137,0,1,0
TXN117954,83.51,12,17.04,63.99,0,0.324,0,1,0
TXN117955,54.7,9,1.43,502.59,0,0.477,0,1,0
TXN117956,21.72,19,4.54,41.96,0,0.311,0,1,0
TXN117957,32.31,17,12.44,19.74,0,0.158,0,0,0
TXN117958,116.76,16,8.71,95.78,2,0.17,0,1,0
TXN117959,40.34,17,1.67,9.29,0,0.174,0,1,0
TXN117960,56.25,13,16.32,48.53,0,0.063,0,1,0
TXN117961,68.56,9,5.77,71.29,0,0.251,0,1,0
TXN117962,63.69,14,5.37,124.56,0,0.122,1,1,0
TXN117963,81.08,10,4.88,58.19,0,0.156,0,1,0
TXN117964,28.05,10,9.57,404.19,1,0.492,0,0,0
TXN117965,493.89,3,191.25,1.61,9,0.743,1,0,1
TXN117966,32.58,14,10.22,113.31,0,0.301,1,1,0
TXN117967,41.2,1,3.79,219.2,0,0.121,0,1,0
TXN117968,172.94,9,8.13,67.62,0,0.418,0,1,0
TXN117969,54.8,8,13.55,85.13,0,0.336,0,1,0
TXN117970,46.04,20,3.28,168.81,0,0.31,0,1,0
TXN117971,36.8,6,3.08,36.9,0,0.236,0,1,0
TXN117972,24.64,5,6.29,302.45,0,0.244,0,0,0
TXN117973,54.62,5,1.42,3.06,0,0.138,0,1,0
TXN117974,151.5466575939388,8,47.114687454360215,56.95,0,0.5670857406189461,0,1,0
TXN117975,259.5,1,145.22,3.34,2,0.52,1,0,1
TXN117976,47.74,17,13.5,455.53,0,0.037,0,0,0
TXN117977,111.89,18,8.73,68.68,0,0.19,0,1,0
TXN117978,17.86,9,10.75,53.53,1,0.284,1,0,0
TXN117979,212.38,15,18.67,60.44,1,0.393,0,1,0
TXN117980,82.12,9,10.5,40.49,2,0.349,0,0,0
TXN117981,14.81,22,4.56,63.21,0,0.498,1,0,0
TXN117982,200.42070243422515,18,3.8182897143684715,165.03,0,0.7649815881212949,0,1,0
TXN117983,39.34,12,19.47,47.07,0,0.72,0,1,0
TXN117984,110.38,20,1.38,65.2,1,0.257,0,1,0
TXN117985,95.99,18,4.92,295.16,0,0.248,0,1,0
TXN117986,84.92,18,8.15,159.5,0,0.312,0,1,0
TXN117987,70.37,6,7.75,97.15,0,0.137,0,0,0
TXN117988,91.29,13,7.51,289.68,0,0.043,0,1,0
TXN117989,156.63,10,4.09,230.96,0,0.382,0,1,0
TXN117990,180.39,1,180.27,5.01,5,0.836,1,0,1
TXN117991,37.21,20,0.46,11.82,1,0.081,1,1,0
TXN117992,104.02,8,2.89,10.2,1,0.63,0,1,0
TXN117993,60.25,10,6.82,239.4,1,0.155,0,1,0
TXN117994,44.33,17,1.59,55.64,0,0.029,0,0,0
TXN117995,104.43,15,7.81,34.02,0,0.134,0,1,0
TXN117996,36.72,21,1.04,17.17,0,0.156,1,0,0
TXN117997,78.33,1,10.68,25.71,0,0.083,0,0,0
TXN117998,61.5,8,2.67,129.95,0,0.075,0,0,0
TXN117999,39.22,22,7.4,0.2,0,0.282,0,0,0
TXN118000,74.66,14,1.16,45.75,0,0.182,0,0,0
TXN118001,5.05,0,5.08,0.21,0,0.485,0,1,0
TXN118002,83.81,0,14.81,86.65,0,0.532,0,1,0
TXN118003,19.22,4,17.1,9.78,0,0.406,0,1,0
TXN118004,99.74,20,2.23,433.4,0,0.155,0,1,0
TXN118005,66.37,3,18.58,270.44,0,0.025,0,1,0
TXN118006,55.18,22,2.48,42.17,0,0.177,1,1,0
TXN118007,39.29,16,2.53,28.96,0,0.289,0,1,0
TXN118008,99.36,16,35.5,157.96,1,0.148,0,1,0
TXN118009,609.81,2,627.12,16.9,6,0.812,0,0,1
TXN118010,21.74,15,11.25,83.17,1,0.393,0,0,0
TXN118011,75.45,17,4.17,22.96,0,0.1,0,0,0
TXN118012,50.26,8,17.28,19.9,1,0.358,0,1,0
TXN118013,134.51,1,1.86,5.14,0,0.34,0,1,0
TXN118014,196.89,8,0.77,55.93,1,0.023,0,1,0
TXN118015,52.81,7,7.98,14.72,1,0.256,0,0,0
TXN118016,131.21,19,5.95,154.52,0,0.081,0,1,0
TXN118017,46.05,20,1.43,209.19,0,0.015,0,1,0
TXN118018,98.88,17,3.88,330.46,1,0.41,0,0,0
TXN118019,130.83,21,1.7,233.4,0,0.412,0,1,0
TXN118020,44.16,15,3.76,284.65,1,0.017,0,1,0
TXN118021,78.38,15,1.92,35.31,0,0.367,0,1,0
TXN118022,38.92,13,6.67,170.88,1,0.228,0,1,0
TXN118023,135.91,22,9.51,7.34,0,0.314,0,1,0
TXN118024,27.8,18,4.86,23.78,1,0.562,0,1,0
TXN118025,225.72,20,1.36,114.11,0,0.434,0,1,0
TXN118026,80.03,3,2.24,2.54,0,0.216,0,1,0
TXN118027,20.47,15,4.62,183.86,2,0.231,0,1,0
TXN118028,240.04,9,9.1,4.97,0,0.365,0,0,0
TXN118029,299.53,18,3.48,57.18,0,0.088,0,1,0
TXN118030,226.14342368144523,17,13.640702317269444,155.95,0,0.6531828301215388,0,1,0
TXN118031,12.38,10,6.49,106.84,1,0.526,0,1,0
TXN118032,68.77,5,3.55,101.94,0,0.379,0,0,0
TXN118033,56.48,18,12.13,30.65,0,0.057,0,1,0
TXN118034,59.21,14,6.3,107.18,0,0.2,0,1,0
TXN118035,129.4,18,2.75,106.21,1,0.235,0,1,0
TXN118036,49.57,5,13.68,93.76,2,0.294,0,1,0
TXN118037,461.1673614754448,19,39.80726564733691,17.57,1,0.5333902329382124,0,0,0
TXN118038,128.73,12,9.79,108.08,0,0.051,0,1,0
TXN118039,687.71,3,56.29,6.28,3,0.527,0,0,1
TXN118040,115.67,8,13.64,203.79,1,0.248,0,1,0
TXN118041,275.19480896955673,20,71.87982193687239,255.05,1,0.7983185463043659,0,1,0
TXN118042,47.67,14,9.71,136.49,1,0.685,0,1,0
TXN118043,28.82,23,0.82,75.72,0,0.1,1,1,0
TXN118044,75.13,22,2.51,32.52,0,0.254,0,1,0
TXN118045,41.85,10,16.88,163.77,0,0.28,0,1,0
TXN118046,67.67,8,6.35,36.83,0,0.095,0,1,0
TXN118047,25.28,17,3.01,29.0,0,0.284,0,0,0
TXN118048,27.98,14,24.7,218.33,0,0.197,0,1,0
TXN118049,23.0,19,4.84,39.01,0,0.252,0,1,0
TXN118050,15.68,12,0.71,46.86,1,0.316,0,1,0
TXN118051,98.96,12,11.9,4.5,0,0.437,0,1,0
TXN118052,120.39,14,7.35,52.41,0,0.427,0,1,0
TXN118053,89.73,16,5.21,122.4,0,0.202,0,0,0
TXN118054,73.55,10,4.55,125.9,0,0.32,0,1,0
TXN118055,52.49,14,3.76,76.5,2,0.325,0,1,0
TXN118056,142.34,13,3.69,2.57,0,0.303,0,1,0
TXN118057,71.95,23,17.92,268.07,0,0.225,0,1,0
TXN118058,258.7138090892761,9,135.25828415600301,66.19,0,0.6671694981618179,0,1,0
TXN118059,743.46,5,339.57,12.1,3,0.521,1,0,1
TXN118060,58.56,14,13.17,297.37,1,0.149,0,1,0
TXN118061,84.88,19,7.69,101.38,1,0.349,0,1,0
TXN118062,63.7,16,10.09,505.95,0,0.291,0,1,0
TXN118063,93.47,12,4.87,190.76,0,0.53,0,1,0
TXN118064,66.76,17,5.91,64.17,1,0.254,1,1,0
TXN118065,68.15,17,11.41,107.08,1,0.311,0,1,0
TXN118066,92.72,6,11.57,118.17,0,0.354,0,0,0
TXN118067,65.19,10,13.22,14.1,2,0.194,0,1,0
TXN118068,79.04,13,2.74,261.04,1,0.217,0,1,0
TXN118069,48.28,19,15.3,136.06,0,0.466,0,1,0
TXN118070,58.54,18,3.67,49.68,0,0.138,0,0,0
TXN118071,70.15,16,6.88,146.97,0,0.515,0,1,0
TXN118072,93.52,0,12.98,164.37,1,0.573,1,0,0
TXN118073,7.74,1,15.48,350.62,0,0.38,0,1,0
TXN118074,114.89,15,11.1,84.91,1,0.315,0,1,0
TXN118075,276.0,15,3.56,1.24,0,0.082,0,1,0
TXN118076,415.75,5,76.28,6.07,4,0.777,1,0,1
TXN118077,8.1,11,8.1,111.6,0,0.282,0,0,0
TXN118078,66.57,5,11.96,18.97,1,0.163,0,1,0
TXN118079,100.07,14,0.7,249.85,2,0.169,0,1,0
TXN118080,71.11,2,2.22,70.61,2,0.492,0,1,0
TXN118081,27.54,9,13.41,204.16,0,0.864,0,0,0
TXN118082,68.52,14,9.56,259.79,1,0.661,0,1,0
TXN118083,86.29,17,3.53,187.0,0,0.32,0,1,0
TXN118084,37.0,20,10.28,8.0,1,0.024,0,1,0
TXN118085,48.74,19,22.38,13.06,0,0.051,0,1,0
TXN118086,59.01,22,22.2,97.2,0,0.302,0,1,0
TXN118087,65.41,15,2.26,42.43,0,0.399,0,1,0
TXN118088,1446.32,11,131.47,3.74,5,0.824,0,1,1
TXN118089,29.2,10,7.85,156.12,0,0.573,0,1,0
TXN118090,178.3317105730364,12,32.61483147132314,427.98,0,0.7037304056860207,0,1,0
TXN118091,49.79,8,5.48,124.71,0,0.057,0,0,0
TXN118092,91.47,20,5.45,16.97,0,0.24,0,1,0
TXN118093,115.39,11,8.41,121.64,1,0.228,0,1,0
TXN118094,56.77,8,5.05,266.15,0,0.362,0,1,0
TXN118095,9.27,12,1.75,153.37,0,0.152,0,1,0
TXN118096,78.41,2,3.71,69.28,0,0.381,0,1,0
TXN118097,133.21,16,0.34,77.37,1,0.451,0,1,0
TXN118098,32.77,2,11.73,32.56,0,0.155,0,1,0
TXN118099,182.62,7,70.49,7.73,3,0.329,0,0,1
TXN118100,84.08,13,26.56,102.74,0,0.094,0,0,0
TXN118101,96.92,20,5.11,30.06,1,0.346,0,1,0
TXN118102,69.52,11,2.46,116.62,0,0.37,0,0,0
TXN118103,494.45731939721725,13,109.4830473329193,316.64,1,0.527063481392956,1,1,0
TXN118104,23.55,13,18.28,24.42,0,0.21,0,0,0
TXN118105,51.77,16,5.74,300.57,1,0.31,0,1,0
TXN118106,72.95,1,4.03,37.85,0,0.351,0,1,0
TXN118107,63.01,13,4.18,72.54,0,0.169,0,1,0
TXN118108,124.74166470200672,1,73.87995808002596,105.13,0,0.6872713999784082,0,1,0
TXN118109,141.64,17,1.56,243.56,0,0.384,0,1,0
TXN118110,119.1,15,5.6,72.56,1,0.247,0,0,0
TXN118111,504.39,11,274.55,0.57,5,0.441,0,0,1
TXN118112,39.65,18,7.21,79.61,0,0.314,0,1,0
TXN118113,142.44,20,4.82,48.21,0,0.299,0,1,0
TXN118114,86.88,12,2.25,278.92,0,0.359,0,1,0
TXN118115,69.4,15,9.06,44.79,0,0.03,0,1,0
TXN118116,58.19,17,5.54,168.59,0,0.229,0,1,0
TXN118117,46.14,7,10.78,72.61,0,0.215,0,1,0
TXN118118,41.55,4,11.53,343.08,0,0.558,0,1,0
TXN118119,176.35,8,8.46,245.73,1,0.469,0,1,0
TXN118120,22.67,13,4.19,111.75,0,0.199,0,1,0
TXN118121,64.77,12,8.94,133.76,1,0.013,0,1,0
TXN118122,125.12,16,4.67,21.01,0,0.072,0,1,0
TXN118123,47.9,23,3.11,135.41,0,0.123,0,1,0
TXN118124,16.93,9,1.52,144.86,0,0.401,0,1,0
TXN118125,72.87,11,2.61,15.84,0,0.436,0,1,0
TXN118126,16.93,23,0.13,96.17,1,0.377,0,1,0
TXN118127,28.63,9,0.38,127.92,1,0.02,0,0,0
TXN118128,33.72,12,0.12,4.94,0,0.353,0,1,0
TXN118129,15.7,7,12.59,136.96,0,0.503,0,1,0
TXN118130,16.57,9,9.73,156.61,0,0.528,0,1,0
TXN118131,21.64,17,4.83,43.5,0,0.357,0,1,0
TXN118132,88.87,0,16.91,124.52,0,0.497,0,1,0
TXN118133,70.47,19,2.06,41.65,0,0.127,0,1,0
TXN118134,36.21,19,4.42,110.67,0,0.083,0,1,0
TXN118135,26.51,12,5.55,148.32,1,0.047,0,1,0
TXN118136,55.41,11,24.21,156.86,0,0.058,0,1,0
TXN118137,86.65,11,12.27,252.31,0,0.485,0,1,0
TXN118138,133.57,16,1.06,70.63,1,0.255,1,0,0
TXN118139,31.37,6,1.17,32.44,1,0.259,0,1,0
TXN118140,131.9,12,2.57,106.07,0,0.208,0,0,0
TXN118141,22.7,9,3.11,4.33,0,0.119,0,1,0
TXN118142,311.98,18,157.13,0.95,5,0.753,0,0,1
TXN118143,33.33,9,3.15,29.92,1,0.228,0,1,0
TXN118144,30.12,2,16.5,226.91,0,0.416,0,1,0
TXN118145,113.69,14,3.63,151.39,0,0.333,0,1,0
TXN118146,603.03,9,299.33,10.97,3,0.442,1,0,1
TXN118147,54.98,9,16.02,318.49,0,0.068,0,1,0
TXN118148,67.16,17,15.44,103.59,1,0.662,0,0,0
TXN118149,55.37,15,4.44,42.96,0,0.254,0,0,0
TXN118150,82.0,14,7.93,100.34,0,0.186,0,1,0
TXN118151,134.96,23,4.79,126.11,0,0.148,0,1,0
TXN118152,69.46,9,4.17,775.22,1,0.204,0,0,0
TXN118153,34.82,11,5.77,143.71,1,0.338,0,1,0
TXN118154,80.88,1,12.76,44.77,0,0.58,0,0,0
TXN118155,163.34,4,147.28,2.29,5,0.424,1,0,1
TXN118156,127.6,10,0.65,140.96,0,0.247,0,1,0
TXN118157,134.44,17,0.84,125.38,0,0.179,0,1,0
TXN118158,73.43,6,16.1,98.34,2,0.34,0,1,0
TXN118159,57.66,11,3.42,35.89,0,0.207,0,1,0
TXN118160,108.88,9,110.72,1.72,3,0.841,0,0,1
TXN118161,110.92,8,11.28,25.49,1,0.251,0,0,0
TXN118162,73.7,18,5.27,344.2,0,0.447,0,1,0
TXN118163,11.28,12,0.65,22.58,0,0.118,0,1,0
TXN118164,89.34,11,1.86,42.9,0,0.064,0,1,0
TXN118165,380.49,3,32.82,0.6,3,0.842,1,0,1
TXN118166,55.69,11,1.39,7.61,0,0.745,0,1,0
TXN118167,116.77,19,16.99,358.52,0,0.037,0,1,0
TXN118168,178.94,16,10.47,62.36,0,0.033,0,1,0
TXN118169,247.18,12,4.42,52.27,1,0.133,0,1,0
TXN118170,305.29,16,4.55,72.2,0,0.112,0,1,0
TXN118171,98.98,14,5.09,345.92,2,0.328,0,1,0
TXN118172,11.42,18,7.76,134.14,1,0.33,0,1,0
TXN118173,67.54,22,17.11,120.26,1,0.248,0,1,0
TXN118174,44.57,19,4.48,128.28,0,0.186,0,1,0
TXN118175,117.16,21,13.59,199.75,0,0.226,0,1,0
TXN118176,400.37,8,0.89,43.65,1,0.407,0,1,0
TXN118177,120.36598690003547,15,138.2957922554709,454.18,1,0.6918542735436493,0,1,0
TXN118178,20.89,14,14.72,126.09,1,0.085,0,1,0
TXN118179,23.46,18,2.92,101.08,0,0.222,0,0,0
TXN118180,390.7061308570523,20,31.030550454580688,31.32,1,0.6604589597655914,0,0,0
TXN118181,94.67,19,6.7,37.53,0,0.038,0,1,0
TXN118182,41.73,20,1.33,70.76,0,0.481,0,1,0
TXN118183,86.71,17,1.74,443.66,0,0.241,0,1,0
TXN118184,145.86367378858867,23,49.530703848575754,81.9,0,0.7960250040272138,0,1,0
TXN118185,28.36,10,14.28,13.67,0,0.607,0,0,0
TXN118186,119.8952154535843,15,29.174031036506904,363.57,0,0.5678402680701893,0,0,0
TXN118187,48.8,12,3.27,267.01,1,0.412,0,1,0
TXN118188,182.72,4,9.04,70.72,0,0.128,0,1,0
TXN118189,214.51,8,14.96,13.37,0,0.131,0,1,0
TXN118190,60.56,18,8.58,40.8,1,0.145,0,0,0
TXN118191,28.64,6,5.95,47.22,0,0.647,0,1,0
TXN118192,64.23,18,1.41,140.14,0,0.309,0,1,0
TXN118193,2.16,5,9.2,39.21,0,0.078,0,0,0
TXN118194,7.07,0,31.05,9.37,0,0.6,0,1,0
TXN118195,224.27,19,7.02,100.43,0,0.225,0,0,0
TXN118196,92.71,11,6.84,3.42,0,0.106,0,1,0
TXN118197,51.61,13,1.58,21.62,2,0.337,0,1,0
TXN118198,70.12,23,0.47,36.0,0,0.246,0,0,0
TXN118199,86.39,18,5.66,138.3,0,0.202,0,0,0
TXN118200,47.23806491178167,10,4.393687025778879,0.04,3,0.35892098007653295,1,1,1
TXN118201,58.97,14,10.15,203.73,0,0.112,0,1,0
TXN118202,65.23,8,2.69,265.73,0,0.248,0,1,0
TXN118203,418.49,13,602.77,0.75,3,0.748,1,0,1
TXN118204,292.99,17,3.24,39.7,0,0.08,0,1,0
TXN118205,99.88,14,6.6,42.66,1,0.147,0,1,0
TXN118206,90.02,2,6.74,53.79,1,0.37,0,1,0
TXN118207,123.48,1,7.49,20.52,0,0.423,0,0,0
TXN118208,235.1,15,4.46,129.19,0,0.399,0,1,0
TXN118209,36.88,23,3.68,73.68,0,0.386,0,1,0
TXN118210,14.59,17,4.82,63.6,0,0.183,0,1,0
TXN118211,143.85,0,5.06,4.05,0,0.108,0,1,0
TXN118212,340.53,7,6.08,80.36,1,0.341,0,1,0
TXN118213,28.42,19,0.86,80.03,2,0.259,0,1,0
TXN118214,69.41,7,1.49,197.68,1,0.234,0,1,0
TXN118215,55.58,9,1.59,104.55,0,0.213,0,1,0
TXN118216,145.35,17,1.58,111.06,0,0.088,0,1,0
TXN118217,32.48,5,2.06,37.62,0,0.273,0,0,0
TXN118218,105.44,0,6.9,67.29,0,0.388,0,0,0
TXN118219,82.61,10,3.46,240.8,0,0.62,0,1,0
TXN118220,67.2,21,11.52,137.86,0,0.269,0,1,0
TXN118221,65.99,12,2.73,83.49,0,0.189,0,1,0
TXN118222,12.91,21,8.53,34.35,0,0.051,0,1,0
TXN118223,45.45,7,6.61,122.65,1,0.469,0,1,0
TXN118224,83.87,6,2.89,41.58,0,0.098,0,1,0
TXN118225,61.78,16,4.75,34.03,0,0.292,0,1,0
TXN118226,93.18,19,8.27,261.99,0,0.334,0,0,0
TXN118227,36.34,13,1.27,58.2,2,0.138,0,1,0
TXN118228,46.82,18,5.0,125.62,0,0.152,0,1,0
TXN118229,52.08,9,5.07,114.74,0,0.746,0,0,0
TXN118230,76.32,2,19.06,9.84,1,0.253,0,1,0
TXN118231,79.43,17,3.49,109.89,1,0.47,0,0,0
TXN118232,71.36,4,2.23,108.96,0,0.299,1,0,0
TXN118233,19.65,15,3.55,14.81,1,0.818,0,0,0
TXN118234,85.53,17,7.54,196.57,0,0.227,0,1,0
TXN118235,48.82,18,7.38,75.18,0,0.223,0,1,0
TXN118236,245.35,11,7.71,168.08,0,0.231,0,1,0
TXN118237,38.39,16,5.83,134.24,0,0.251,0,1,0
TXN118238,14.47,19,4.18,342.55,0,0.772,0,1,0
TXN118239,184.99,7,4.65,87.78,0,0.48,0,1,0
TXN118240,40.75,18,4.52,106.73,1,0.195,1,0,0
TXN118241,64.38,23,0.15,42.73,0,0.473,0,1,0
TXN118242,141.2,14,14.04,43.84,0,0.363,0,1,0
TXN118243,98.47,16,2.5,88.95,2,0.408,0,0,0
TXN118244,44.5,15,7.83,339.08,0,0.214,0,1,0
TXN118245,157.69,16,9.47,433.42,0,0.275,0,0,0
TXN118246,36.56,7,11.2,67.66,0,0.037,0,1,0
TXN118247,12.41,11,2.47,79.71,0,0.156,1,0,0
TXN118248,103.75,13,1.92,109.33,0,0.28,0,1,0
TXN118249,37.74,10,1.42,53.06,0,0.228,0,0,0
TXN118250,61.93,20,7.43,461.4,0,0.752,0,1,0
TXN118251,43.59,17,4.48,231.45,0,0.045,0,1,0
TXN118252,226.01,8,12.0,538.96,0,0.304,0,1,0
TXN118253,97.08,16,4.68,56.75,1,0.362,0,1,0
TXN118254,122.29,13,6.69,137.35,0,0.095,0,1,0
TXN118255,46.9,18,22.77,17.38,2,0.272,0,1,0
TXN118256,63.64,13,2.99,239.06,1,0.186,0,1,0
TXN118257,53.51,11,8.06,19.06,0,0.363,0,1,0
TXN118258,53.58,11,11.25,9.61,0,0.063,0,0,0
TXN118259,97.33,15,15.9,123.06,1,0.275,1,1,0
TXN118260,71.02,10,4.17,168.49,3,0.419,0,0,0
TXN118261,116.64,9,8.16,96.65,0,0.144,0,1,0
TXN118262,266.27,11,21.67,374.27,1,0.195,0,1,0
TXN118263,78.98,15,6.9,112.53,0,0.569,0,1,0
TXN118264,45.04,9,2.46,221.27,1,0.123,0,1,0
TXN118265,88.93,11,7.51,156.04,0,0.146,0,1,0
TXN118266,245.61,0,6.02,36.32,0,0.195,0,1,0
TXN118267,158.46,20,13.4,159.56,1,0.408,0,0,0
TXN118268,277.63,19,8.55,85.59,0,0.19,0,0,0
TXN118269,31.72,19,3.21,141.38,1,0.116,0,1,0
TXN118270,24.44,17,3.95,224.67,1,0.242,0,1,0
TXN118271,666.47,3,329.53,1.76,5,0.864,1,0,1
TXN118272,61.39,12,5.79,34.42,0,0.462,0,1,0
TXN118273,81.22,8,10.74,5.54,0,0.206,0,1,0
TXN118274,40.74,15,0.72,161.04,0,0.398,0,1,0
TXN118275,587.4687410560377,12,102.75579648074866,17.71,1,0.7915591972891103,0,0,0
TXN118276,75.16,19,0.51,112.72,0,0.08,0,1,0
TXN118277,18.82,2,2.36,63.13,0,0.589,0,0,0
TXN118278,64.37,1,5.92,28.72,0,0.461,0,0,0
TXN118279,124.28,19,4.72,64.74,0,0.058,0,1,0
TXN118280,76.25,11,1.82,17.08,0,0.459,0,1,0
TXN118281,122.59,8,0.48,23.04,0,0.319,0,0,0
TXN118282,59.01,22,2.38,63.58,1,0.285,0,1,0
TXN118283,178.05,0,7.21,191.64,0,0.513,0,1,0
TXN118284,162.66,18,6.0,66.45,0,0.271,0,0,0
TXN118285,46.7,19,7.99,85.5,0,0.312,0,1,0
TXN118286,38.05,8,7.95,45.03,0,0.125,0,1,0
TXN118287,37.09,20,1.37,166.03,0,0.277,0,1,0
TXN118288,90.86,14,5.16,99.3,0,0.132,0,1,0
TXN118289,407.66398464908883,14,12.294860197623034,85.28,0,0.5395815590371579,1,1,0
TXN118290,63.82,9,0.7,216.1,0,0.158,1,1,0
TXN118291,247.05,13,6.49,46.02,0,0.271,0,0,0
TXN118292,163.77,13,1.48,118.12,0,0.068,0,0,0
TXN118293,331.65,21,243.21,20.02,5,0.708,1,0,1
TXN118294,78.87,13,5.84,155.76,0,0.232,0,0,0
TXN118295,108.99,12,23.71,35.1,0,0.658,0,1,0
TXN118296,83.08,15,5.99,15.65,0,0.147,0,1,0
TXN118297,37.82,23,8.97,140.46,1,0.258,0,0,0
TXN118298,89.54,14,33.89,168.1,0,0.291,0,1,0
TXN118299,723.48,9,242.01,3.15,3,0.781,0,0,1
TXN118300,180.54,16,3.47,100.0,0,0.293,0,0,0
TXN118301,51.17,7,8.57,9.72,1,0.442,0,1,0
TXN118302,50.52,23,7.88,50.11,0,0.211,0,1,0
TXN118303,41.45,14,11.01,1.2,1,0.294,0,1,0
TXN118304,63.56,16,4.02,21.48,0,0.238,0,1,0
TXN118305,37.97,19,6.41,73.53,0,0.158,0,1,0
TXN118306,87.81,16,8.2,333.78,0,0.238,0,1,0
TXN118307,72.14,15,2.25,82.42,1,0.117,0,1,0
TXN118308,172.38,9,21.91,30.33,1,0.174,0,1,0
TXN118309,39.51,2,3.47,295.42,0,0.316,0,1,0
TXN118310,11.55,1,12.78,100.36,0,0.092,0,0,0
TXN118311,57.61,14,3.45,87.08,1,0.106,0,1,0
TXN118312,123.7,17,8.04,30.63,1,0.117,0,1,0
TXN118313,137.27,9,10.39,89.88,0,0.224,0,1,0
TXN118314,134.04,4,16.79,204.39,0,0.219,0,1,0
TXN118315,10.01,11,12.88,75.44,1,0.441,0,0,0
TXN118316,368.79,0,204.18,5.08,8,0.798,0,0,1
TXN118317,10.03,8,5.02,24.17,0,0.248,0,1,0
TXN118318,74.66885699847789,2,88.44296520541162,0.31,4,0.20747879232005695,0,0,1
TXN118319,161.07,19,4.04,95.54,1,0.255,0,1,0
TXN118320,27.17,7,19.63,17.81,1,0.28,0,1,0
TXN118321,18.96,16,3.36,71.83,0,0.08,0,1,0
TXN118322,16.29,16,10.33,70.83,0,0.242,0,0,0
TXN118323,28.74,17,8.28,219.51,0,0.168,0,1,0
TXN118324,39.53,20,5.05,849.37,0,0.2,0,1,0
TXN118325,35.11,14,14.7,28.94,0,0.357,0,1,0
TXN118326,91.55,12,12.68,32.05,0,0.186,0,1,0
TXN118327,26.24,15,9.06,18.67,0,0.114,0,1,0
TXN118328,90.31,10,10.84,166.89,0,0.205,0,1,0
TXN118329,33.45,22,10.07,33.27,1,0.308,0,1,0
TXN118330,25.23,14,8.26,329.07,0,0.265,0,1,0
TXN118331,287.936769099667,19,103.39530743316372,176.75,0,0.6235607716154983,0,0,0
TXN118332,163.27970737472629,11,61.0564503477395,116.93,0,0.6661800003803217,0,1,0
TXN118333,67.04,15,1.84,72.44,0,0.523,0,1,0
TXN118334,51.78,9,9.38,463.65,0,0.314,0,1,0
TXN118335,64.85,13,2.35,17.42,1,0.063,0,1,0
TXN118336,79.53,9,1.25,64.99,1,0.189,0,0,0
TXN118337,259.41,14,29.24,534.25,0,0.24,0,1,0
TXN118338,91.98,10,3.9,5.59,0,0.518,0,1,0
TXN118339,75.46,17,4.13,120.84,0,0.192,0,1,0
TXN118340,25.89,23,22.7,189.03,2,0.1,1,1,0
TXN118341,14.8,23,2.13,10.76,1,0.351,1,0,0
TXN118342,44.4,6,15.0,133.07,0,0.307,0,1,0
TXN118343,119.98,13,14.85,40.18,0,0.237,0,1,0
TXN118344,195.08796751486608,4,253.61399211321185,127.31,0,0.5432099264601185,0,0,0
TXN118345,121.73,11,1.19,62.2,0,0.131,0,1,0
TXN118346,33.57,15,6.1,0.07,0,0.109,0,1,0
TXN118347,135.94,14,11.48,272.1,0,0.29,0,1,0
TXN118348,110.34,17,23.5,112.95,0,0.034,0,1,0
TXN118349,357.34,1,0.63,30.67,0,0.365,0,1,0
TXN118350,93.71,14,2.68,8.87,0,0.327,0,1,0
TXN118351,251.81,4,2.78,45.01,0,0.54,0,1,0
TXN118352,151.39,8,2.51,105.55,1,0.348,0,1,0
TXN118353,219.69,18,0.91,105.42,0,0.503,0,1,0
TXN118354,66.54,21,30.79,155.45,0,0.255,0,1,0
TXN118355,72.35,3,3.4,47.57,0,0.481,0,1,0
TXN118356,34.3,23,3.72,212.33,0,0.303,0,1,0
TXN118357,33.09,18,5.73,129.68,0,0.246,0,0,0
TXN118358,136.5,17,8.21,62.57,0,0.17,0,1,0
TXN118359,88.46,5,4.69,187.65,0,0.229,0,1,0
TXN118360,33.34,16,5.5,87.08,0,0.301,0,1,0
TXN118361,32.78,17,24.73,10.21,0,0.166,0,1,0
TXN118362,26.36,14,7.67,181.76,0,0.091,0,1,0
TXN118363,20.84,6,16.28,458.39,0,0.073,0,0,0
TXN118364,10.93,11,12.39,66.27,1,0.187,0,1,0
TXN118365,38.28,16,18.58,21.19,1,0.279,0,1,0
TXN118366,85.87,11,4.78,4.86,0,0.13,0,1,0
TXN118367,19.09,16,14.01,163.05,1,0.442,0,1,0
TXN118368,472.58,9,116.1,5.68,5,0.595,1,0,1
TXN118369,81.85,18,4.22,107.22,0,0.277,0,1,0
TXN118370,379.47338171896115,16,4.634090195828382,83.4,1,0.6196551519974394,0,1,0
TXN118371,213.12,20,9.16,137.33,0,0.213,1,1,0
TXN118372,39.3,4,0.03,302.05,0,0.423,0,1,0
TXN118373,85.3,16,2.19,64.74,0,0.215,0,1,0
TXN118374,58.94,14,30.44,10.47,1,0.139,0,0,0
TXN118375,69.29,11,3.46,43.11,1,0.022,0,1,0
TXN118376,208.48,11,1.5,35.67,0,0.212,0,1,0
TXN118377,37.42,20,12.14,55.32,0,0.366,0,1,0
TXN118378,198.01,13,16.29,100.27,0,0.386,0,1,0
TXN118379,30.31,14,1.93,238.38,0,0.447,0,0,0
TXN118380,38.59,18,5.07,58.22,0,0.452,0,1,0
TXN118381,162.57,9,9.76,69.48,1,0.241,0,1,0
TXN118382,9.51,17,2.16,3.38,0,0.227,0,1,0
TXN118383,31.74,9,4.26,32.84,1,0.067,1,1,0
TXN118384,185.74,3,0.94,92.47,1,0.306,0,1,0
TXN118385,87.61,11,7.81,24.99,0,0.246,0,1,0
TXN118386,99.2,7,2.05,99.13,1,0.334,0,1,0
TXN118387,71.42,16,8.72,9.01,1,0.484,0,1,0
TXN118388,145.63174121761173,14,50.38536471743228,36.22,1,0.71050284834611,0,1,0
TXN118389,13.01,8,10.73,106.73,0,0.618,0,1,0
TXN118390,108.34,9,10.6,368.59,0,0.262,0,1,0
TXN118391,30.61,17,8.74,21.38,0,0.187,0,1,0
TXN118392,76.72,12,0.65,202.8,0,0.57,0,0,0
TXN118393,182.53,19,5.55,173.66,0,0.475,0,1,0
TXN118394,64.7,17,0.55,37.47,0,0.173,0,1,0
TXN118395,128.65,0,8.45,106.09,1,0.147,0,1,0
TXN118396,7.49,11,7.09,16.64,0,0.154,0,1,0
TXN118397,48.67924548804102,5,28.863110746794444,38.38,0,0.631501000858407,0,1,0
TXN118398,80.58,9,2.07,23.51,0,0.093,0,1,0
TXN118399,19.25,15,7.43,109.24,0,0.148,0,0,0
TXN118400,122.84,17,10.55,58.12,0,0.475,0,1,0
TXN118401,11.18,10,4.93,162.49,0,0.646,0,0,0
TXN118402,49.1,8,0.16,231.4,0,0.201,0,1,0
TXN118403,18.21,8,1.49,24.35,0,0.51,0,0,0
TXN118404,36.85,12,11.43,43.15,1,0.152,0,0,0
TXN118405,42.1,10,4.78,7.77,1,0.574,0,1,0
TXN118406,13.13,17,19.61,151.91,0,0.495,0,1,0
TXN118407,248.62018472818002,14,154.0389716774756,5.36,0,0.5105825823809679,1,1,0
TXN118408,50.04,17,0.08,143.51,0,0.258,0,1,0
TXN118409,117.68,20,11.62,60.01,0,0.305,0,0,0
TXN118410,90.33,8,7.23,53.95,0,0.105,0,1,0
TXN118411,115.15,9,21.6,89.66,1,0.189,0,0,0
TXN118412,74.01,18,7.01,75.76,0,0.045,0,1,0
TXN118413,122.16,15,12.68,52.33,0,0.207,0,1,0
TXN118414,41.4,6,10.22,183.75,1,0.073,0,1,0
TXN118415,104.89,14,2.45,113.19,0,0.453,0,1,0
TXN118416,132.93,11,8.09,247.94,0,0.102,0,1,0
TXN118417,61.34,13,9.37,48.14,0,0.155,0,1,0
TXN118418,28.49,22,11.63,69.99,0,0.236,0,1,0
TXN118419,71.12,18,11.31,284.11,0,0.403,0,0,0
TXN118420,214.4,7,8.33,76.48,1,0.527,0,1,0
TXN118421,115.57,19,5.67,172.61,0,0.059,1,1,0
TXN118422,94.84,21,1.4,110.45,0,0.282,0,1,0
TXN118423,74.71,19,12.55,222.93,0,0.254,0,1,0
TXN118424,35.96,12,7.8,327.63,1,0.239,0,1,0
TXN118425,52.54,16,9.58,155.23,0,0.381,0,1,0
TXN118426,23.12,19,0.48,22.33,0,0.498,0,1,0
TXN118427,67.41,15,2.11,25.45,0,0.417,0,1,0
TXN118428,131.6,17,5.67,8.89,0,0.208,0,1,0
TXN118429,119.57,18,4.54,50.83,0,0.191,0,1,0
TXN118430,76.65,2,12.56,1.08,2,0.42,0,1,0
TXN118431,410.94,20,149.26,10.22,4,0.736,0,0,1
TXN118432,33.06,19,10.01,56.34,0,0.193,0,1,0
TXN118433,101.85,11,22.85,70.77,0,0.448,0,1,0
TXN118434,12.59,15,17.66,249.78,2,0.134,0,1,0
TXN118435,179.12,5,13.26,91.98,0,0.338,0,1,0
TXN118436,74.88,9,12.21,128.01,1,0.112,0,1,0
TXN118437,23.49,12,3.63,33.85,2,0.05,0,1,0
TXN118438,758.55,3,331.86,1.38,2,0.653,1,0,1
TXN118439,26.73,11,2.7,119.11,0,0.225,0,1,0
TXN118440,117.53,11,4.88,42.15,0,0.243,0,1,0
TXN118441,172.21,2,16.08,48.95,0,0.261,0,1,0
TXN118442,158.3,20,0.99,76.1,0,0.067,0,1,0
TXN118443,38.1,17,4.04,406.74,0,0.178,0,1,0
TXN118444,92.0,15,1.22,157.08,0,0.507,1,1,0
TXN118445,43.61,17,0.59,0.21,0,0.275,0,1,0
TXN118446,112.09,19,2.18,108.81,0,0.585,1,1,0
TXN118447,113.63,16,6.12,104.22,0,0.185,0,1,0
TXN118448,31.76,18,12.11,2.36,0,0.231,0,1,0
TXN118449,5.85,10,9.18,304.17,1,0.102,0,1,0
TXN118450,4.3,8,3.33,352.47,0,0.057,0,1,0
TXN118451,164.29813370363323,14,14.341373372086133,106.1,1,0.5472921537777043,0,1,0
TXN118452,8.6,20,4.88,807.73,0,0.575,0,1,0
TXN118453,52.45,16,5.56,28.2,0,0.296,0,1,0
TXN118454,124.03,17,24.2,153.21,0,0.428,0,1,0
TXN118455,22.42,18,8.03,81.06,1,0.454,0,1,0
TXN118456,39.81,11,17.87,307.29,0,0.241,0,0,0
TXN118457,116.34,11,4.15,71.7,0,0.203,0,1,0
TXN118458,144.29,15,12.19,202.65,1,0.453,0,0,0
TXN118459,103.38,7,2.01,124.38,1,0.234,0,0,0
TXN118460,74.49,3,2.92,95.71,2,0.276,0,0,0
TXN118461,41.7,11,3.0,0.46,1,0.452,0,1,0
TXN118462,18.71,18,5.54,9.02,1,0.157,0,1,0
TXN118463,246.7885856296301,9,7.257709604447461,61.36,0,0.6554506417433342,0,1,0
TXN118464,82.22,13,3.82,250.42,0,0.165,0,1,0
TXN118465,24.58,15,2.65,174.96,0,0.49,0,1,0
TXN118466,23.67,22,7.72,23.33,1,0.205,0,0,0
TXN118467,262.38,14,8.38,396.17,0,0.403,0,1,0
TXN118468,53.77,8,2.26,185.8,0,0.587,0,0,0
TXN118469,20.24,9,4.18,36.77,0,0.636,0,1,0
TXN118470,626.47,20,368.33,8.86,9,0.768,0,0,1
TXN118471,65.72,23,5.62,6.22,1,0.527,0,1,0
TXN118472,74.16,16,16.99,483.89,0,0.099,0,1,0
TXN118473,60.96,13,12.04,178.71,0,0.353,0,1,0
TXN118474,77.54,12,1.21,36.78,0,0.268,0,1,0
TXN118475,62.83,20,27.35,28.39,1,0.247,0,1,0
TXN118476,210.66,20,2.18,7.55,0,0.315,0,0,0
TXN118477,94.65,15,17.98,98.03,0,0.181,0,1,0
TXN118478,84.22,8,4.55,102.53,0,0.431,0,1,0
TXN118479,183.15,12,3.83,82.23,0,0.078,0,1,0
TXN118480,50.51,20,11.62,2.98,1,0.257,0,1,0
TXN118481,5.57,18,0.62,20.0,0,0.35,0,1,0
TXN118482,51.22,15,3.37,286.94,0,0.249,0,1,0
TXN118483,61.01,20,8.03,69.14,0,0.502,0,1,0
TXN118484,72.03,1,9.94,32.87,1,0.512,0,1,0
TXN118485,339.87,8,154.63,11.52,3,0.588,1,0,1
TXN118486,66.64,13,7.46,51.62,0,0.334,0,0,0
TXN118487,113.34,17,7.36,110.28,0,0.244,0,0,0
TXN118488,15.02,6,1.8,43.31,2,0.313,0,1,0
TXN118489,99.67,19,0.93,179.59,0,0.331,0,1,0
TXN118490,42.44,16,22.77,91.48,1,0.473,0,1,0
TXN118491,128.31,3,0.78,24.86,0,0.248,0,1,0
TXN118492,115.45,16,14.76,42.13,1,0.204,0,0,0
TXN118493,63.64,14,3.03,157.18,0,0.21,0,1,0
TXN118494,97.26,13,17.57,125.84,0,0.083,0,1,0
TXN118495,117.26,13,4.54,78.12,0,0.468,0,0,0
TXN118496,71.69,8,2.63,49.3,1,0.14,0,1,0
TXN118497,168.88,21,5.49,14.46,0,0.086,0,0,0
TXN118498,21.12,14,9.34,24.97,0,0.166,0,1,0
TXN118499,74.47,18,14.23,350.07,1,0.531,0,1,0
TXN118500,28.75,22,7.23,91.47,0,0.624,0,0,0
TXN118501,51.46,8,19.45,179.58,0,0.267,0,1,0
TXN118502,47.89,8,13.15,87.81,0,0.22,0,1,0
TXN118503,68.26,8,9.79,103.6,1,0.268,0,0,0
TXN118504,83.83,5,4.96,64.53,0,0.187,0,1,0
TXN118505,12.01,15,2.74,20.59,0,0.135,0,1,0
TXN118506,55.69,14,4.48,288.32,0,0.349,0,1,0
TXN118507,29.37,15,28.94,8.29,1,0.056,0,1,0
TXN118508,159.41,22,3.57,1.81,0,0.486,0,1,0
TXN118509,37.23,20,9.45,40.81,1,0.498,0,1,0
TXN118510,52.03,8,3.71,22.21,1,0.227,0,0,0
TXN118511,29.83,14,14.79,11.37,0,0.177,0,0,0
TXN118512,87.94,13,0.8,216.5,1,0.255,0,1,0
TXN118513,91.49,22,2.09,204.9,1,0.4,0,1,0
TXN118514,71.07,11,3.08,405.56,0,0.559,0,1,0
TXN118515,73.78,8,0.66,45.72,0,0.187,0,1,0
TXN118516,51.7,14,6.57,50.48,0,0.344,0,1,0
TXN118517,70.79,17,4.3,47.91,1,0.567,0,0,0
TXN118518,141.27,1,1.31,150.42,1,0.267,0,1,0
TXN118519,38.71,5,2.1,241.89,0,0.041,0,1,0
TXN118520,104.37,8,1.69,69.83,0,0.43,0,1,0
TXN118521,89.14,7,4.09,407.2,0,0.111,0,1,0
TXN118522,69.43,13,4.18,40.73,3,0.285,0,1,0
TXN118523,70.63,3,6.35,227.56,0,0.233,0,1,0
TXN118524,37.73,18,6.35,75.79,0,0.041,0,0,0
TXN118525,251.72,10,287.26,3.79,3,0.842,0,0,1
TXN118526,225.49,3,167.02,7.62,2,0.305,1,0,1
TXN118527,95.33,10,6.35,142.19,0,0.353,0,0,0
TXN118528,78.93,18,8.98,237.67,0,0.527,0,0,0
TXN118529,17.87,8,4.14,90.17,3,0.201,0,1,0
TXN118530,50.01,19,1.26,143.68,1,0.414,0,0,0
TXN118531,40.44,6,3.69,73.63,0,0.153,0,0,0
TXN118532,6.33,9,3.61,38.14,0,0.119,0,1,0
TXN118533,8.04,18,15.45,148.6,0,0.181,0,1,0
TXN118534,122.31,16,17.52,29.99,0,0.045,0,1,0
TXN118535,38.49,16,3.14,35.5,0,0.152,0,1,0
TXN118536,153.18,12,7.36,55.6,1,0.268,0,1,0
TXN118537,117.5,9,3.4,23.09,0,0.197,0,1,0
TXN118538,85.31,10,0.11,45.11,0,0.274,0,1,0
TXN118539,50.76,20,10.06,151.51,0,0.254,0,1,0
TXN118540,734.41,0,121.0,1.25,4,0.564,1,0,1
TXN118541,55.51,9,22.99,247.63,0,0.287,0,1,0
TXN118542,51.94,23,4.17,98.06,0,0.444,0,1,0
TXN118543,217.56,6,15.0,0.18,3,0.728,0,0,1
TXN118544,10.13,19,14.7,67.66,0,0.137,0,1,0
TXN118545,201.17987704811677,10,26.40514266467526,268.11,0,0.6687275790661363,0,1,0
TXN118546,126.9,19,8.89,183.95,0,0.545,0,1,0
TXN118547,27.82,19,0.08,9.24,0,0.186,0,1,0
TXN118548,14.62,3,5.59,2.13,0,0.186,0,1,0
TXN118549,61.82,20,22.9,18.68,0,0.164,0,1,0
TXN118550,114.06,6,10.45,128.75,0,0.277,0,1,0
TXN118551,11.15,13,14.47,474.25,1,0.473,0,1,0
TXN118552,20.9,10,12.82,34.57,0,0.356,0,0,0
TXN118553,64.52,1,7.76,34.52,1,0.436,0,0,0
TXN118554,72.56,11,11.73,216.32,0,0.442,0,1,0
TXN118555,96.19,12,4.33,14.72,0,0.13,0,0,0
TXN118556,41.75,14,7.76,44.35,2,0.188,0,1,0
TXN118557,90.93,17,26.34,99.0,0,0.185,0,1,0
TXN118558,89.84,6,21.19,185.84,0,0.121,0,1,0
TXN118559,169.1,15,10.89,168.26,0,0.418,0,1,0
TXN118560,46.17,14,2.15,169.2,0,0.282,0,0,0
TXN118561,10.7,19,7.91,166.37,0,0.369,0,1,0
TXN118562,34.26,9,15.11,30.72,0,0.269,0,0,0
TXN118563,29.73,10,1.56,197.02,0,0.314,0,1,0
TXN118564,112.97,19,4.12,206.65,0,0.206,0,1,0
TXN118565,77.72,18,10.31,22.02,1,0.074,0,1,0
TXN118566,90.02,3,11.32,74.5,0,0.319,0,1,0
TXN118567,98.88,18,4.12,1.89,0,0.19,1,1,0
TXN118568,61.76,18,22.25,19.44,0,0.354,0,0,0
TXN118569,23.13,13,19.21,82.29,0,0.322,0,1,0
TXN118570,325.97,0,60.75,0.71,3,0.872,1,1,1
TXN118571,87.64,2,7.09,70.57,1,0.102,0,1,0
TXN118572,24.5,18,7.91,245.47,0,0.167,0,1,0
TXN118573,116.71,17,7.94,211.62,1,0.122,0,1,0
TXN118574,16.14,20,10.88,137.19,1,0.278,0,1,0
TXN118575,102.83,20,4.43,5.26,0,0.399,0,1,0
TXN118576,259.20029774899655,9,159.44144689298065,270.06,0,0.6761741294756913,0,1,0
TXN118577,73.4,18,3.87,332.42,0,0.447,0,1,0
TXN118578,228.79,20,5.43,30.71,0,0.083,0,1,0
TXN118579,44.76,14,7.77,55.51,0,0.371,1,1,0
TXN118580,38.22,8,12.57,65.71,0,0.316,1,1,0
TXN118581,206.14,12,6.62,22.93,0,0.59,0,1,0
TXN118582,25.17,10,6.92,13.92,0,0.182,0,1,0
TXN118583,141.72,17,10.51,152.55,0,0.301,0,1,0
TXN118584,110.14,10,3.48,8.97,1,0.082,0,1,0
TXN118585,121.32,12,9.43,3.74,0,0.156,0,1,0
TXN118586,129.96,13,30.39,109.25,0,0.089,0,1,0
TXN118587,31.39,19,4.11,51.15,1,0.171,0,1,0
TXN118588,56.71,12,7.28,195.28,0,0.372,0,1,0
TXN118589,6.96,14,3.16,42.05,0,0.304,0,1,0
TXN118590,134.93,12,2.83,111.43,0,0.361,0,1,0
TXN118591,166.3,14,4.34,380.72,0,0.136,0,1,0
TXN118592,13.42,23,6.71,124.44,0,0.324,0,1,0
TXN118593,69.2,14,0.51,223.33,0,0.711,0,1,0
TXN118594,33.31,3,41.9,67.89,0,0.149,0,1,0
TXN118595,11.16,5,10.6,150.81,0,0.505,0,1,0
TXN118596,133.84,10,22.48,190.85,0,0.174,0,1,0
TXN118597,77.94,14,2.69,28.77,0,0.284,0,1,0
TXN118598,27.45,12,2.47,47.6,0,0.141,0,1,0
TXN118599,49.83,13,5.98,41.73,0,0.26,0,0,0
TXN118600,35.46,16,2.83,15.22,0,0.315,0,0,0
TXN118601,52.99,12,23.17,138.37,0,0.676,0,1,0
TXN118602,34.02,9,5.55,61.47,0,0.219,0,1,0
TXN118603,6.95,15,7.62,6.53,0,0.401,0,1,0
TXN118604,79.89,17,4.97,139.5,0,0.611,0,1,0
TXN118605,24.61,5,2.14,11.42,0,0.266,0,1,0
TXN118606,9.47,16,14.01,0.39,1,0.172,0,0,0
TXN118607,29.6,18,0.95,18.11,0,0.053,0,1,0
TXN118608,2022.91,1,248.83,8.02,2,0.824,0,0,1
TXN118609,127.7,6,1.51,50.48,0,0.401,0,1,0
TXN118610,95.97,6,6.31,159.27,1,0.158,0,1,0
TXN118611,65.86,10,17.93,32.27,0,0.082,0,0,0
TXN118612,43.16,18,3.23,18.04,2,0.094,1,1,0
TXN118613,51.4,17,10.5,95.89,0,0.203,0,1,0
TXN118614,152.26,9,9.34,154.53,0,0.365,0,1,0
TXN118615,131.32,14,21.0,19.94,1,0.477,0,1,0
TXN118616,37.15,2,11.12,239.93,0,0.48,0,1,0
TXN118617,251.06325980635808,20,92.10201817592124,220.71,0,0.6874545720342409,0,1,0
TXN118618,96.12,19,9.59,122.44,0,0.49,0,1,0
TXN118619,178.07,10,4.73,93.15,1,0.412,1,1,0
TXN118620,1123.08,13,210.59,1.91,5,0.884,1,0,1
TXN118621,74.37,14,9.47,85.95,0,0.505,0,1,0
TXN118622,135.68,15,7.31,69.43,0,0.296,0,1,0
TXN118623,69.69,16,4.55,396.63,0,0.183,0,1,0
TXN118624,113.42,21,4.73,222.36,0,0.207,0,1,0
TXN118625,36.43,15,1.55,132.14,1,0.373,0,1,0
TXN118626,41.33,12,17.35,86.89,0,0.152,0,1,0
TXN118627,116.11655998483987,12,96.05443535964692,40.82,0,0.6557302070930456,0,1,0
TXN118628,113.25,2,7.27,148.93,1,0.407,0,1,0
TXN118629,84.18,20,10.96,82.48,0,0.557,0,1,0
TXN118630,4.3,17,1.58,29.59,0,0.46,0,1,0
TXN118631,21.66,10,17.91,31.97,0,0.306,1,1,0
TXN118632,182.94,18,11.41,4.78,0,0.089,0,1,0
TXN118633,38.79,13,14.39,10.48,0,0.748,0,1,0
TXN118634,250.17,18,3.77,67.27,2,0.328,0,1,0
TXN118635,27.93,9,18.43,30.14,1,0.225,0,1,0
TXN118636,46.87,15,6.49,29.5,0,0.402,0,0,0
TXN118637,190.85,22,4.9,822.01,0,0.473,1,1,0
TXN118638,44.29,18,15.7,6.09,0,0.31,0,0,0
TXN118639,129.88,11,12.17,100.92,0,0.278,0,1,0
TXN118640,34.64,6,6.08,62.4,1,0.276,0,0,0
TXN118641,15.58,17,3.35,62.97,1,0.394,0,1,0
TXN118642,18.92,10,11.12,100.06,0,0.264,0,1,0
TXN118643,307.29,15,6.9,279.5,1,0.211,0,1,0
TXN118644,49.76,13,7.39,242.51,0,0.512,0,1,0
TXN118645,160.82,20,19.1,87.31,0,0.39,0,1,0
TXN118646,110.78,10,7.77,25.13,1,0.187,0,1,0
TXN118647,37.67,22,0.86,36.6,2,0.179,0,1,0
TXN118648,87.32,7,29.3,195.82,0,0.223,0,1,0
TXN118649,31.63,14,0.29,31.81,1,0.236,0,1,0
TXN118650,88.13,0,10.1,37.42,0,0.188,0,1,0
TXN118651,27.37,22,6.51,12.02,0,0.239,0,0,0
TXN118652,9.42,4,13.0,208.61,0,0.398,0,0,0
TXN118653,90.78,14,5.45,162.12,0,0.236,0,1,0
TXN118654,75.41,9,13.06,752.65,0,0.388,0,1,0
TXN118655,112.57,20,10.53,53.1,0,0.273,0,1,0
TXN118656,21.79,14,4.97,81.9,0,0.181,0,1,0
TXN118657,66.22,15,4.71,177.9,0,0.251,0,1,0
TXN118658,4.52,13,1.47,34.36,0,0.611,0,1,0
TXN118659,158.91,18,2.22,235.93,1,0.446,0,0,0
TXN118660,90.2,9,4.56,205.89,1,0.197,0,1,0
TXN118661,37.94,2,3.69,215.61,0,0.284,0,0,0
TXN118662,60.03,16,5.76,167.5,0,0.533,0,1,0
TXN118663,201.12,13,1.92,103.21,0,0.463,0,1,0
TXN118664,14.14,16,6.78,223.38,2,0.507,0,1,0
TXN118665,131.98,16,10.78,118.06,0,0.128,0,1,0
TXN118666,149.77,0,13.13,153.87,0,0.354,0,1,0
TXN118667,17.54,22,14.84,370.06,0,0.303,0,0,0
TXN118668,85.58,15,1.96,7.02,0,0.065,0,1,0
TXN118669,99.84,2,9.53,41.31,0,0.235,0,0,0
TXN118670,282.27,20,4.81,78.9,0,0.293,0,1,0
TXN118671,41.56,19,9.55,201.97,0,0.215,0,1,0
TXN118672,167.78,19,3.4,262.17,0,0.402,0,1,0
TXN118673,42.17,16,3.95,79.96,0,0.381,0,1,0
TXN118674,69.91,6,3.57,67.22,0,0.327,0,1,0
TXN118675,65.77,12,3.71,28.55,0,0.126,0,0,0
TXN118676,130.6,6,3.94,247.68,0,0.615,0,0,0
TXN118677,172.02,9,11.47,1.45,1,0.372,0,1,0
TXN118678,210.11,8,0.75,205.39,0,0.416,0,0,0
TXN118679,61.1,16,9.15,25.01,0,0.421,1,1,0
TXN118680,146.05,15,2.35,21.53,0,0.091,1,1,0
TXN118681,273.68,8,7.6,77.91,0,0.179,0,1,0
TXN118682,71.43,18,3.12,68.87,0,0.383,0,1,0
TXN118683,73.03,17,6.79,23.59,0,0.091,0,0,0
TXN118684,2.94,16,1.97,1.03,1,0.498,0,1,0
TXN118685,236.54,13,10.92,3.06,0,0.258,0,0,0
TXN118686,29.78,16,0.41,210.86,1,0.203,0,1,0
TXN118687,40.74,19,4.69,47.15,0,0.694,0,1,0
TXN118688,40.8,8,7.3,173.29,0,0.151,0,1,0
TXN118689,903.2172649890604,8,150.12868644953917,77.46,0,0.5382268008292423,0,1,0
TXN118690,94.63,23,1.65,117.34,0,0.141,0,1,0
TXN118691,94.99,14,5.5,148.8,0,0.255,0,1,0
TXN118692,12.12,0,15.6,171.87,1,0.541,0,1,0
TXN118693,289.56,16,11.1,3.49,0,0.224,0,1,0
TXN118694,24.29,18,3.47,141.36,0,0.248,0,1,0
TXN118695,9.36,5,0.56,28.08,1,0.151,0,1,0
TXN118696,22.1,20,1.25,43.2,2,0.141,0,1,0
TXN118697,11.46,12,5.93,92.04,2,0.46,0,1,0
TXN118698,15.83,21,9.05,149.86,1,0.069,0,1,0
TXN118699,33.41,17,3.49,43.87,0,0.082,0,1,0
TXN118700,35.53,13,2.66,72.43,0,0.513,0,0,0
TXN118701,34.94,12,5.36,19.21,0,0.072,0,1,0
TXN118702,21.99,10,21.92,68.93,0,0.468,0,1,0
TXN118703,14.16,16,18.49,101.87,0,0.662,0,1,0
TXN118704,44.94,14,7.51,158.38,0,0.108,0,0,0
TXN118705,107.07,14,5.63,0.51,0,0.027,0,0,0
TXN118706,27.17,10,3.39,211.67,0,0.213,0,0,0
TXN118707,89.46,12,7.72,126.94,1,0.417,0,1,0
TXN118708,66.26,14,4.58,164.16,0,0.185,0,0,0
TXN118709,85.06,15,5.05,574.91,0,0.514,0,1,0
TXN118710,152.21,7,5.96,278.18,1,0.28,0,1,0
TXN118711,42.55,13,11.51,42.02,0,0.037,0,1,0
TXN118712,117.1,3,14.3,18.63,1,0.428,0,1,0
TXN118713,7.69,13,3.43,52.12,0,0.086,0,1,0
TXN118714,189.97,19,0.87,10.28,0,0.189,0,0,0
TXN118715,28.82,9,1.92,8.01,0,0.345,0,1,0
TXN118716,20.15,15,1.24,20.89,0,0.209,0,1,0
TXN118717,60.94,8,8.29,178.56,1,0.422,0,1,0
TXN118718,45.69,14,1.33,0.23,0,0.165,0,1,0
TXN118719,65.44,9,1.54,176.77,0,0.222,0,1,0
TXN118720,187.43,12,15.0,36.65,0,0.148,0,0,0
TXN118721,285.4280696767544,0,66.8874180005803,92.85,2,0.6455248031993677,0,1,0
TXN118722,77.35,13,15.32,91.6,0,0.227,0,1,0
TXN118723,129.53,12,0.52,57.09,0,0.418,0,1,0
TXN118724,91.15,12,19.16,23.93,2,0.457,0,1,0
TXN118725,278.92,12,3.09,199.57,2,0.469,1,1,0
TXN118726,164.23396212407508,2,79.0109486225509,156.81,0,0.6981345939882798,0,1,0
TXN118727,85.23,6,0.78,144.93,0,0.707,0,1,0
TXN118728,140.57,10,5.35,71.91,1,0.189,0,1,0
TXN118729,27.73,11,9.52,35.89,0,0.17,0,0,0
TXN118730,78.75,7,5.63,128.23,0,0.111,0,0,0
TXN118731,101.17,10,2.6,61.44,0,0.248,0,0,0
TXN118732,112.23,17,8.4,39.14,0,0.224,0,1,0
TXN118733,466.84,5,159.69,2.65,5,0.606,1,0,1
TXN118734,142.78,7,2.28,19.19,0,0.175,0,1,0
TXN118735,79.45,20,1.08,26.42,0,0.12,0,1,0
TXN118736,114.27,3,4.15,74.12,0,0.171,0,1,0
TXN118737,128.89,16,18.44,322.81,0,0.21,0,1,0
TXN118738,63.36,20,8.77,16.76,0,0.217,0,1,0
TXN118739,216.64,14,5.59,292.15,0,0.186,0,1,0
TXN118740,147.66,15,0.13,23.64,0,0.158,0,0,0
TXN118741,41.94,6,0.41,268.62,0,0.306,1,1,0
TXN118742,123.62,19,4.42,214.91,0,0.276,0,0,0
TXN118743,38.33,14,9.78,10.06,0,0.493,0,1,0
TXN118744,88.76,19,10.04,12.27,0,0.228,0,1,0
TXN118745,122.02,0,201.93,0.37,5,0.736,1,0,1
TXN118746,192.29,11,8.42,670.73,0,0.137,0,0,0
TXN118747,93.47,6,10.77,25.26,0,0.359,0,0,0
TXN118748,93.08,13,11.73,135.83,0,0.487,0,1,0
TXN118749,71.83,10,7.54,40.9,0,0.37,0,1,0
TXN118750,83.3,20,9.36,96.58,0,0.403,0,1,0
TXN118751,18.13,15,0.14,50.83,0,0.175,0,1,0
TXN118752,153.96,10,0.18,51.78,0,0.11,1,1,0
TXN118753,74.76,2,1.7,2.01,0,0.365,0,0,0
TXN118754,81.23,13,13.86,4.46,1,0.144,0,1,0
TXN118755,100.3,2,2.35,81.66,1,0.214,0,0,0
TXN118756,74.72,15,4.01,182.93,0,0.182,0,1,0
TXN118757,78.87,20,3.74,244.74,0,0.27,0,1,0
TXN118758,25.74,15,7.42,206.84,0,0.112,0,1,0
TXN118759,40.03,13,10.33,337.88,0,0.575,0,1,0
TXN118760,73.94,12,1.87,107.54,0,0.398,0,0,0
TXN118761,132.3,16,5.7,132.45,1,0.01,0,1,0
TXN118762,119.62,3,2.74,311.07,1,0.235,0,0,0
TXN118763,157.97,8,5.27,324.71,0,0.484,0,1,0
TXN118764,15.4,11,5.58,6.31,0,0.506,0,0,0
TXN118765,77.98,19,3.51,227.06,1,0.24,0,1,0
TXN118766,106.72,9,1.7,25.63,2,0.309,0,1,0
TXN118767,3.71,20,1.84,209.39,1,0.077,0,1,0
TXN118768,82.15,16,16.19,177.34,0,0.393,1,1,0
TXN118769,234.95,7,25.23,283.87,0,0.542,0,1,0
TXN118770,19.23,19,7.91,20.23,0,0.09,0,1,0
TXN118771,38.68,21,10.79,139.96,1,0.077,0,0,0
TXN118772,272.7,18,198.79,0.99,7,0.968,1,0,1
TXN118773,31.94,19,7.95,47.15,1,0.242,0,1,0
TXN118774,190.1,1,214.5,1.56,7,0.855,1,1,1
TXN118775,79.31,10,5.75,188.18,0,0.209,0,0,0
TXN118776,346.3347744165616,15,69.29986554006916,290.64,1,0.744901556682352,0,1,0
TXN118777,11.27,10,5.28,67.84,0,0.21,0,1,0
TXN118778,105.8,23,3.46,13.81,0,0.046,0,1,0
TXN118779,43.24225397131682,15,49.10611476843643,94.04,0,0.5685260204374752,1,1,0
TXN118780,106.41,10,3.54,46.34,0,0.218,0,1,0
TXN118781,51.52,23,17.18,42.8,0,0.512,0,0,0
TXN118782,62.18,13,5.74,112.34,1,0.304,0,1,0
TXN118783,80.74,15,2.4,90.53,1,0.12,0,1,0
TXN118784,81.71,5,10.61,83.6,0,0.238,0,1,0
TXN118785,25.67,21,17.77,13.51,0,0.122,0,1,0
TXN118786,201.38,11,7.58,33.44,1,0.28,0,1,0
TXN118787,55.06,1,14.69,64.11,0,0.146,0,1,0
TXN118788,30.19,17,6.29,154.58,1,0.14,0,1,0
TXN118789,112.79,0,14.5,27.21,0,0.364,0,1,0
TXN118790,26.66,18,11.86,99.54,0,0.067,0,1,0
TXN118791,23.23,14,4.15,73.14,0,0.127,0,1,0
TXN118792,56.65,22,7.82,29.67,1,0.357,0,1,0
TXN118793,50.14,21,1.49,105.14,0,0.149,0,1,0
TXN118794,58.68,16,9.6,152.12,0,0.128,0,1,0
TXN118795,50.76,19,12.75,306.26,0,0.286,0,1,0
TXN118796,97.39,15,1.18,68.14,1,0.34,0,1,0
TXN118797,122.29,2,15.67,633.49,1,0.126,0,1,0
TXN118798,186.5,8,0.75,99.49,0,0.528,0,1,0
TXN118799,41.1,3,13.78,61.48,0,0.195,0,1,0
TXN118800,33.79,13,3.03,82.06,0,0.162,0,1,0
TXN118801,19.63,19,0.75,66.01,1,0.488,0,1,0
TXN118802,141.49,14,3.36,14.88,0,0.075,0,1,0
TXN118803,45.45,7,6.87,190.19,0,0.212,0,1,0
TXN118804,18.25,12,11.82,8.03,2,0.241,0,1,0
TXN118805,115.78,8,2.03,7.27,0,0.539,0,1,0
TXN118806,90.77,8,0.86,154.43,0,0.062,0,0,0
TXN118807,44.97,9,12.41,305.6,0,0.202,0,1,0
TXN118808,74.77,0,4.85,110.04,0,0.389,0,1,0
TXN118809,83.01,13,0.83,58.55,0,0.409,0,1,0
TXN118810,126.88,1,21.14,51.28,0,0.379,0,1,0
TXN118811,253.84,3,16.75,61.21,1,0.399,1,1,0
TXN118812,58.79,3,0.59,84.35,0,0.137,1,1,0
TXN118813,64.25,17,2.74,171.19,1,0.062,0,1,0
TXN118814,29.01,18,10.14,140.99,0,0.26,0,1,0
TXN118815,42.69,9,4.95,29.29,2,0.033,0,1,0
TXN118816,31.87,17,1.51,8.74,0,0.078,0,1,0
TXN118817,111.74,11,0.98,407.34,1,0.408,0,1,0
TXN118818,324.24091677276823,10,25.86538997434208,14.75,0,0.760333500271311,0,0,0
TXN118819,33.47,17,7.03,388.32,0,0.086,0,1,0
TXN118820,31.59,11,15.33,234.83,0,0.027,1,1,0
TXN118821,111.90463032883386,11,46.593216858363974,165.45,1,0.5528027253855804,0,1,0
TXN118822,76.42,21,14.93,73.99,1,0.553,0,0,0
TXN118823,36.86,5,4.89,77.39,0,0.21,0,0,0
TXN118824,107.33,23,6.75,118.92,0,0.434,0,1,0
TXN118825,14.56,20,17.36,81.92,0,0.03,0,1,0
TXN118826,50.44,13,7.02,49.74,0,0.51,0,1,0
TXN118827,56.55,16,8.46,208.67,0,0.155,0,1,0
TXN118828,51.27316061639557,0,10.369707080235184,1.6,3,0.2236653304006037,0,0,1
TXN118829,43.15,19,3.3,134.12,0,0.171,0,1,0
TXN118830,41.52,23,2.76,107.12,0,0.213,0,1,0
TXN118831,1.19,13,14.71,121.42,0,0.128,0,1,0
TXN118832,65.86,15,11.09,102.24,0,0.327,0,1,0
TXN118833,47.0,18,14.97,113.44,0,0.194,0,1,0
TXN118834,172.1,8,2.69,12.52,0,0.097,0,1,0
TXN118835,76.38,20,2.35,39.41,0,0.112,0,0,0
TXN118836,80.31,17,2.58,68.55,0,0.556,0,0,0
TXN118837,19.14,18,10.56,156.58,1,0.342,0,1,0
TXN118838,352.13,22,5.79,40.35,0,0.212,0,1,0
TXN118839,128.54,23,1.2,185.53,1,0.028,0,0,0
TXN118840,127.04,9,6.14,41.79,0,0.472,0,0,0
TXN118841,148.57,17,4.27,45.31,0,0.233,0,1,0
TXN118842,167.54,13,0.82,226.34,0,0.258,0,1,0
TXN118843,185.04,14,8.04,6.96,0,0.199,0,0,0
TXN118844,204.37,3,0.06,125.48,0,0.233,0,0,0
TXN118845,49.73,17,5.67,35.51,0,0.178,0,1,0
TXN118846,35.62,15,3.32,62.87,0,0.142,0,0,0
TXN118847,78.68,1,4.14,68.3,0,0.594,0,1,0
TXN118848,180.16,6,5.65,249.63,2,0.148,0,1,0
TXN118849,187.31,12,5.17,286.36,0,0.357,0,1,0
TXN118850,90.93,4,4.22,124.09,0,0.268,0,0,0
TXN118851,99.23,14,2.63,18.81,0,0.495,0,1,0
TXN118852,20.21,13,1.96,2.14,0,0.043,0,1,0
TXN118853,31.48,19,9.97,26.87,0,0.436,0,1,0
TXN118854,21.83,9,5.93,26.5,0,0.292,0,0,0
TXN118855,121.96,6,16.62,62.65,0,0.046,0,1,0
TXN118856,53.49,18,4.92,11.39,0,0.147,0,1,0
TXN118857,66.57,13,4.89,173.32,0,0.086,0,0,0
TXN118858,57.52,18,4.05,23.33,0,0.385,0,1,0
TXN118859,101.86,20,5.47,43.24,0,0.223,0,0,0
TXN118860,30.76,18,9.45,46.01,1,0.164,0,1,0
TXN118861,75.99,8,5.21,59.2,0,0.43,0,1,0
TXN118862,135.57,13,2.42,210.38,0,0.517,0,0,0
TXN118863,48.6,11,6.37,0.29,1,0.254,0,1,0
TXN118864,24.35,4,9.35,139.82,0,0.321,0,1,0
TXN118865,16.26,17,11.23,25.56,1,0.311,0,1,0
TXN118866,74.59,16,8.09,49.94,0,0.074,0,0,0
TXN118867,79.96,7,44.57,22.28,0,0.183,0,0,0
TXN118868,66.37,18,21.09,204.88,0,0.177,0,0,0
TXN118869,29.04,9,1.63,18.09,2,0.336,0,1,0
TXN118870,107.65,12,6.41,15.02,0,0.063,0,1,0
TXN118871,108.33,20,1.62,4.15,1,0.585,0,0,0
TXN118872,76.5,21,8.22,111.69,0,0.287,0,1,0
TXN118873,12.79,15,4.46,56.54,0,0.313,0,0,0
TXN118874,87.74,19,4.01,278.65,0,0.235,0,1,0
TXN118875,100.36,15,0.65,79.46,3,0.063,0,1,0
TXN118876,12.42,14,1.14,93.97,0,0.168,0,1,0
TXN118877,315.78914977562556,16,43.404846846042915,55.28,0,0.6142125005056696,0,1,0
TXN118878,238.67,23,6.78,168.3,1,0.073,0,1,0
TXN118879,16.36,19,19.79,311.88,0,0.244,0,1,0
TXN118880,118.53,8,11.48,9.57,1,0.303,0,0,0
TXN118881,164.37,15,1.43,32.05,3,0.675,0,0,0
TXN118882,27.14,13,15.87,137.14,1,0.286,0,1,0
TXN118883,729.84,3,393.55,1.44,1,0.498,1,1,1
TXN118884,10.18,3,5.52,26.8,0,0.032,0,1,0
TXN118885,137.63,10,12.14,197.14,2,0.232,0,1,0
TXN118886,152.41,14,3.3,177.8,0,0.162,0,1,0
TXN118887,117.55,14,1.25,168.07,0,0.44,0,0,0
TXN118888,30.13,14,4.88,105.75,0,0.141,0,0,0
TXN118889,137.51,13,4.71,26.06,0,0.37,0,0,0
TXN118890,58.92,5,0.61,55.59,0,0.378,0,1,0
TXN118891,143.85,13,14.09,2.06,0,0.35,1,1,0
TXN118892,32.7,14,4.85,3.22,0,0.465,0,1,0
TXN118893,32.71,16,0.44,90.57,0,0.345,0,0,0
TXN118894,69.09,14,0.06,78.99,1,0.357,0,1,0
TXN118895,223.69,12,27.01,78.93,0,0.566,0,1,0
TXN118896,76.69,19,6.68,53.66,1,0.07,0,1,0
TXN118897,399.2875394433533,13,16.052946010503003,46.91,0,0.730322996665352,0,0,0
TXN118898,60.20666224753967,3,9.029893890680091,25.7,0,0.5075696287170274,0,1,0
TXN118899,67.52,15,1.04,22.49,0,0.145,0,1,0
TXN118900,30.78,11,5.22,116.62,1,0.642,0,1,0
TXN118901,118.79,6,17.48,1.59,0,0.205,0,1,0
TXN118902,66.94,6,6.44,32.76,0,0.147,0,0,0
TXN118903,35.1,17,8.59,248.62,0,0.221,0,1,0
TXN118904,113.77,20,8.17,120.15,1,0.435,0,1,0
TXN118905,102.81,21,0.81,46.5,1,0.17,0,1,0
TXN118906,187.13,17,3.8,8.9,0,0.287,0,0,0
TXN118907,134.13,15,7.25,0.96,0,0.285,0,1,0
TXN118908,20.31,3,0.9,121.07,1,0.242,0,1,0
TXN118909,71.26,8,4.93,122.32,0,0.502,0,1,0
TXN118910,266.33,19,4.15,23.21,0,0.215,0,1,0
TXN118911,25.86,1,2.5,33.85,0,0.213,0,1,0
TXN118912,132.47,16,10.93,160.15,2,0.631,0,1,0
TXN118913,97.26,18,0.2,58.32,1,0.165,0,0,0
TXN118914,12.13,4,7.59,26.48,0,0.031,0,1,0
TXN118915,560.68,19,320.36,3.68,1,0.638,1,0,1
TXN118916,16.82,12,0.76,155.58,0,0.187,0,1,0
TXN118917,46.67,22,2.6,129.27,1,0.488,0,1,0
TXN118918,85.8,16,11.16,122.22,1,0.11,0,1,0
TXN118919,906.7291966893025,14,143.12226885353797,260.73,0,0.5573687757643974,0,1,0
TXN118920,34.61,17,5.31,25.03,0,0.465,0,1,0
TXN118921,122.36,10,11.25,21.3,1,0.29,0,1,0
TXN118922,81.94,10,2.74,683.89,0,0.223,0,1,0
TXN118923,51.77,19,12.08,76.07,0,0.185,0,1,0
TXN118924,122.94,12,15.49,41.23,0,0.107,0,1,0
TXN118925,501.59,21,270.25,18.79,1,0.517,1,0,1
TXN118926,27.31,4,15.77,108.12,1,0.032,0,1,0
TXN118927,179.9,13,12.45,13.97,0,0.592,1,1,0
TXN118928,39.19,22,1.06,439.3,0,0.146,0,1,0
TXN118929,204.68,22,4.47,48.66,0,0.253,0,1,0
TXN118930,127.48,6,1.4,21.59,1,0.275,0,1,0
TXN118931,37.97,17,5.62,33.83,0,0.209,1,1,0
TXN118932,114.82,16,4.96,100.16,0,0.154,0,1,0
TXN118933,72.81,2,3.41,429.21,0,0.383,0,1,0
TXN118934,75.87,7,10.63,179.54,0,0.373,0,1,0
TXN118935,85.98,14,11.21,272.3,0,0.332,0,0,0
TXN118936,100.32,16,18.53,194.68,2,0.05,0,1,0
TXN118937,39.16,10,5.22,69.46,1,0.167,0,0,0
TXN118938,13.83,20,4.24,125.87,1,0.421,0,1,0
TXN118939,42.12,11,3.17,36.21,0,0.45,0,1,0
TXN118940,55.19,19,5.21,0.16,0,0.168,0,1,0
TXN118941,53.81,14,4.26,215.35,0,0.553,0,1,0
TXN118942,63.62,13,9.12,58.77,0,0.267,0,1,0
TXN118943,61.8,13,4.24,72.47,0,0.649,0,1,0
TXN118944,33.46,20,3.81,118.58,0,0.107,0,1,0
TXN118945,72.14,6,0.5,552.22,0,0.451,0,1,0
TXN118946,110.22,16,4.74,177.51,3,0.203,0,0,0
TXN118947,204.16,8,181.41,7.46,3,0.806,0,0,1
TXN118948,152.72,14,1.86,12.09,1,0.267,0,0,0
TXN118949,99.58,3,5.39,68.32,0,0.538,0,1,0
TXN118950,59.61,6,5.13,206.65,0,0.23,0,1,0
TXN118951,273.2,15,7.92,27.86,1,0.458,1,1,0
TXN118952,65.42,0,6.5,97.31,0,0.163,0,1,0
TXN118953,85.75,16,10.93,46.09,0,0.165,0,1,0
TXN118954,125.42,1,1.59,103.11,0,0.252,0,1,0
TXN118955,85.51,20,11.52,11.46,0,0.153,0,0,0
TXN118956,85.45,7,2.89,124.44,0,0.608,0,1,0
TXN118957,163.45,15,5.5,22.11,0,0.145,0,0,0
TXN118958,24.35,5,11.31,222.37,0,0.188,0,1,0
TXN118959,113.95,23,4.37,44.79,0,0.182,0,1,0
TXN118960,152.51,11,3.08,26.27,1,0.523,0,1,0
TXN118961,39.3,9,1.5,258.11,0,0.321,0,1,0
TXN118962,478.97,2,373.78,3.76,5,0.897,1,0,1
TXN118963,63.78,15,13.13,15.26,2,0.307,0,1,0
TXN118964,99.82,4,9.75,57.25,0,0.425,1,1,0
TXN118965,30.75,9,0.73,40.83,0,0.384,0,1,0
TXN118966,44.02,19,10.56,92.3,0,0.097,0,1,0
TXN118967,186.68,8,1.69,119.27,0,0.574,0,1,0
TXN118968,66.05,15,6.97,97.58,0,0.215,0,1,0
TXN118969,11.87,13,11.14,109.59,0,0.64,0,1,0
TXN118970,125.04,17,17.7,169.91,0,0.288,0,1,0
TXN118971,39.65,10,0.78,36.5,0,0.13,0,1,0
TXN118972,159.4323656137759,20,94.65288615407069,304.44,0,0.5637377592443222,0,1,0
TXN118973,19.28,18,6.22,140.14,0,0.199,0,1,0
TXN118974,102.1,22,12.33,19.58,0,0.12,0,0,0
TXN118975,80.11,19,5.95,42.68,0,0.128,0,0,0
TXN118976,75.36,16,37.74,263.12,0,0.08,0,1,0
TXN118977,61.08,18,7.18,118.47,0,0.157,0,1,0
TXN118978,206.72,13,5.13,9.31,1,0.317,1,1,0
TXN118979,130.27868136341462,9,54.33260388537555,21.04,0,0.5151734353713284,0,0,0
TXN118980,175.53,14,0.66,68.2,0,0.316,0,0,0
TXN118981,10.98,23,3.46,70.25,0,0.182,0,0,0
TXN118982,49.21,15,185.64,2.12,4,0.561,0,0,1
TXN118983,204.87,19,3.42,343.14,0,0.102,0,1,0
TXN118984,118.76,16,22.79,358.78,0,0.147,0,1,0
TXN118985,16.0,12,10.17,9.4,0,0.067,0,1,0
TXN118986,88.9,16,5.0,10.0,0,0.094,0,1,0
TXN118987,111.28,6,3.46,0.52,0,0.591,0,1,0
TXN118988,188.69,15,6.81,182.8,2,0.198,0,1,0
TXN118989,77.09,23,11.7,155.31,1,0.194,0,1,0
TXN118990,64.51,15,2.84,323.32,0,0.375,0,1,0
TXN118991,84.93,22,16.93,129.7,0,0.17,0,1,0
TXN118992,50.41,12,3.77,248.28,0,0.29,0,0,0
TXN118993,44.2,10,3.49,307.5,1,0.479,0,1,0
TXN118994,67.04,11,4.39,2.22,0,0.069,0,1,0
TXN118995,217.72,22,4.08,38.97,0,0.412,0,1,0
TXN118996,33.03,11,5.23,148.4,0,0.217,0,1,0
TXN118997,40.14,10,8.87,68.52,1,0.52,0,1,0
TXN118998,10.52,23,9.42,169.94,0,0.059,0,1,0
TXN118999,24.98,13,18.58,231.5,0,0.295,0,0,0
TXN119000,98.04,8,2.06,13.71,1,0.096,0,1,0
TXN119001,120.18,8,2.95,21.87,0,0.466,0,1,0
TXN119002,68.37,18,16.6,245.04,0,0.025,0,0,0
TXN119003,20.08,22,18.47,152.53,0,0.219,0,1,0
TXN119004,75.89,8,1.63,141.19,0,0.174,0,1,0
TXN119005,36.32,20,8.1,2.32,0,0.276,0,1,0
TXN119006,100.58,18,5.16,152.2,0,0.258,0,0,0
TXN119007,93.87,7,5.49,114.54,2,0.316,0,1,0
TXN119008,67.61,10,18.05,49.94,1,0.078,0,1,0
TXN119009,89.55,6,4.88,54.29,0,0.542,0,1,0
TXN119010,359.24,2,331.8,10.39,4,0.645,1,1,1
TXN119011,89.45,19,17.06,23.85,0,0.447,0,0,0
TXN119012,125.37938856938753,4,69.71397322449594,136.43,0,0.712788279589496,1,1,0
TXN119013,37.43,8,1.09,81.27,0,0.241,0,1,0
TXN119014,172.04,6,163.75,4.25,3,0.768,0,0,1
TXN119015,296.78,8,2.31,256.75,0,0.267,0,0,0
TXN119016,87.82,2,6.39,4.13,0,0.736,0,0,0
TXN119017,31.69,8,2.34,52.7,1,0.17,0,0,0
TXN119018,126.69,8,6.95,25.35,0,0.229,0,1,0
TXN119019,23.63,5,4.95,86.67,0,0.07,0,1,0
TXN119020,22.22,8,19.77,105.4,0,0.445,0,0,0
TXN119021,99.2,19,11.59,20.77,0,0.165,1,1,0
TXN119022,157.82,2,6.19,328.31,1,0.152,0,1,0
TXN119023,77.83,17,3.85,4.04,0,0.237,0,1,0
TXN119024,49.21,19,7.28,573.54,0,0.263,0,0,0
TXN119025,68.49,11,9.72,44.83,1,0.355,0,1,0
TXN119026,44.03,14,3.03,1.74,0,0.328,0,1,0
TXN119027,29.0,15,10.94,3.67,0,0.267,1,1,0
TXN119028,41.38,8,3.55,14.18,0,0.461,0,1,0
TXN119029,63.27,16,29.85,50.79,0,0.212,0,1,0
TXN119030,434.9145421424338,11,417.8393256562965,54.42,0,0.5282842431494623,0,1,0
TXN119031,107.58,21,16.93,190.1,0,0.536,0,1,0
TXN119032,57.18,5,18.3,213.2,1,0.3,0,1,0
TXN119033,37.71,16,2.71,37.36,0,0.391,0,1,0
TXN119034,52.82,20,6.9,48.39,0,0.096,0,1,0
TXN119035,24.79,1,1.78,86.12,0,0.522,1,1,0
TXN119036,45.91,2,6.58,76.83,1,0.456,0,1,0
TXN119037,73.76,22,0.46,52.92,0,0.099,0,1,0
TXN119038,76.92,15,3.95,125.45,0,0.304,0,1,0
TXN119039,100.28,23,5.67,15.4,0,0.144,0,0,0
TXN119040,44.76,14,21.44,104.84,2,0.225,0,1,0
TXN119041,217.62,16,2.44,289.54,0,0.122,0,0,0
TXN119042,96.10238120817417,11,102.61551391134391,65.43,1,0.537760706051657,0,1,0
TXN119043,184.42,8,13.49,5.46,0,0.616,0,1,0
TXN119044,15.24,9,3.41,56.4,0,0.441,0,1,0
TXN119045,20.12,7,1.87,25.39,0,0.148,0,0,0
TXN119046,49.4,10,1.42,41.5,0,0.354,0,1,0
TXN119047,59.44,9,7.39,74.03,0,0.319,0,1,0
TXN119048,56.65,22,6.4,32.07,0,0.227,0,1,0
TXN119049,59.14,9,9.04,27.59,0,0.204,0,1,0
TXN119050,40.03,11,3.97,141.81,0,0.41,0,1,0
TXN119051,40.41,16,10.32,295.23,0,0.154,0,1,0
TXN119052,149.06,15,10.95,254.44,0,0.162,0,1,0
TXN119053,190.58,1,599.73,2.77,5,0.804,0,0,1
TXN119054,242.22,19,8.84,80.04,0,0.372,0,1,0
TXN119055,81.64,17,2.07,7.19,1,0.427,0,1,0
TXN119056,103.81,16,8.7,34.62,0,0.435,0,0,0
TXN119057,151.87,19,5.63,83.84,0,0.377,0,1,0
TXN119058,407.3,11,135.66,6.99,4,0.694,0,0,1
TXN119059,43.53,13,14.66,62.2,0,0.412,0,1,0
TXN119060,170.79,10,6.74,15.18,0,0.296,0,1,0
TXN119061,23.78,4,6.17,12.44,0,0.3,1,1,0
TXN119062,56.69,18,5.26,197.09,0,0.153,0,1,0
TXN119063,30.0,9,26.01,226.16,0,0.322,0,1,0
TXN119064,14.06,3,0.22,7.46,0,0.095,0,0,0
TXN119065,23.92,17,2.06,32.86,0,0.297,0,1,0
TXN119066,820.87,2,409.35,18.85,4,0.946,1,0,1
TXN119067,49.22,8,12.71,251.96,0,0.303,0,1,0
TXN119068,49.88,16,21.88,215.93,0,0.1,0,0,0
TXN119069,153.67,6,22.26,18.51,0,0.304,0,0,0
TXN119070,45.35,11,10.54,29.41,1,0.206,0,1,0
TXN119071,79.76,19,5.63,15.93,1,0.368,0,1,0
TXN119072,29.46,1,6.88,169.01,0,0.367,0,0,0
TXN119073,168.26,12,12.81,28.9,1,0.548,0,0,0
TXN119074,207.51,9,1.14,48.97,0,0.732,0,1,0
TXN119075,51.59,19,5.13,256.89,1,0.285,1,1,0
TXN119076,196.07,12,2.03,29.63,0,0.394,0,1,0
TXN119077,108.66,0,1.91,20.77,0,0.303,1,1,0
TXN119078,45.22,1,13.5,12.59,0,0.14,0,1,0
TXN119079,123.52,11,5.4,138.58,1,0.212,0,1,0
TXN119080,117.83,19,4.7,296.91,0,0.495,0,0,0
TXN119081,50.54,3,9.36,149.46,0,0.107,0,1,0
TXN119082,67.28,14,2.59,71.63,0,0.599,0,1,0
TXN119083,94.08,23,3.43,32.16,0,0.079,0,1,0
TXN119084,68.07,16,6.79,1.43,0,0.209,1,1,0
TXN119085,18.05,18,7.88,45.31,1,0.1,1,1,0
TXN119086,33.32,1,3.24,2.54,0,0.012,0,0,0
TXN119087,214.06,9,18.2,33.23,0,0.65,0,0,0
TXN119088,119.13,8,2.95,28.3,1,0.139,1,0,0
TXN119089,26.24,23,22.26,183.28,0,0.354,0,1,0
TXN119090,123.14,11,1.65,191.52,1,0.429,0,1,0
TXN119091,129.11,22,5.37,712.26,0,0.037,0,1,0
TXN119092,48.13,17,0.27,87.03,0,0.484,0,1,0
TXN119093,81.33,15,5.04,107.22,0,0.21,0,1,0
TXN119094,69.14,22,1.75,15.05,0,0.069,0,1,0
TXN119095,96.63,7,11.1,7.69,2,0.368,0,1,0
TXN119096,74.06,17,5.41,295.15,0,0.691,0,1,0
TXN119097,37.18,20,2.95,504.69,0,0.149,0,1,0
TXN119098,263.89,0,8.95,85.73,0,0.268,0,1,0
TXN119099,89.27,16,2.31,140.02,0,0.446,0,1,0
TXN119100,136.4,19,30.51,7.71,0,0.524,0,1,0
TXN119101,118.26,15,2.84,72.47,0,0.068,0,0,0
TXN119102,167.21,6,11.01,75.9,0,0.103,0,1,0
TXN119103,224.95,17,7.74,88.72,0,0.177,0,1,0
TXN119104,25.26,16,6.48,79.39,0,0.225,0,1,0
TXN119105,61.48,17,4.57,28.36,0,0.329,0,0,0
TXN119106,142.11,22,1.4,66.49,0,0.099,0,1,0
TXN119107,37.77,21,28.94,150.55,0,0.165,0,1,0
TXN119108,52.81,11,16.16,42.97,1,0.169,0,0,0
TXN119109,103.68,1,3.07,30.39,0,0.155,0,1,0
TXN119110,79.9,8,14.89,33.7,0,0.545,0,1,0
TXN119111,73.04,5,16.07,92.83,0,0.484,0,1,0
TXN119112,118.94,17,8.94,9.63,1,0.285,0,1,0
TXN119113,47.4,11,4.34,24.45,0,0.216,0,1,0
TXN119114,56.22,19,3.61,27.01,0,0.343,0,1,0
TXN119115,58.51,18,1.45,169.74,0,0.108,0,1,0
TXN119116,150.69,2,20.14,118.28,0,0.109,0,1,0
TXN119117,143.73,6,2.41,66.68,0,0.4,0,0,0
TXN119118,148.55,8,4.92,83.49,0,0.15,0,1,0
TXN119119,10.12,8,24.95,94.05,0,0.712,1,0,0
TXN119120,80.81,9,4.2,161.65,0,0.28,0,1,0
TXN119121,48.7,19,25.31,115.25,0,0.176,0,1,0
TXN119122,37.71,16,0.2,100.42,0,0.061,0,1,0
TXN119123,16.27,16,3.21,17.4,0,0.599,0,1,0
TXN119124,41.36,6,10.78,117.32,0,0.204,0,1,0
TXN119125,154.36,2,11.08,88.6,0,0.239,0,1,0
TXN119126,239.55765031974266,14,106.24024180664374,187.74,0,0.5255073546556728,0,1,0
TXN119127,26.8,17,4.32,10.12,0,0.616,0,0,0
TXN119128,18.91,20,6.88,47.79,1,0.247,0,0,0
TXN119129,72.46,9,7.93,13.06,0,0.178,0,1,0
TXN119130,109.51,18,7.48,39.35,0,0.11,0,1,0
TXN119131,172.21,11,9.11,25.16,1,0.627,0,0,0
TXN119132,73.62,12,7.8,5.79,0,0.469,0,1,0
TXN119133,98.23,11,5.35,256.66,0,0.466,0,1,0
TXN119134,18.08,15,9.43,210.68,0,0.191,0,1,0
TXN119135,14.28,8,4.48,535.73,1,0.033,0,0,0
TXN119136,148.56733582346405,8,143.6518252518813,71.22,0,0.5632422781315946,0,1,0
TXN119137,56.54,17,5.21,10.23,0,0.245,0,1,0
TXN119138,69.28,8,7.54,11.12,1,0.341,0,1,0
TXN119139,66.67,10,8.8,119.8,1,0.374,0,0,0
TXN119140,70.82,17,8.27,56.26,0,0.383,0,0,0
TXN119141,43.84,9,4.4,87.01,1,0.124,0,1,0
TXN119142,35.19,17,5.64,12.05,0,0.339,0,1,0
TXN119143,51.18,12,2.52,152.24,1,0.773,0,1,0
TXN119144,42.23,14,1.36,198.18,0,0.545,0,0,0
TXN119145,16.64,16,3.5,338.08,0,0.42,0,0,0
TXN119146,61.93,20,5.06,182.18,0,0.374,0,1,0
TXN119147,207.22,15,17.42,41.93,0,0.382,0,1,0
TXN119148,52.64,3,6.56,22.72,1,0.08,0,1,0
TXN119149,11.89,18,6.09,140.41,1,0.318,0,1,0
TXN119150,18.31,10,1.46,170.59,0,0.228,0,0,0
TXN119151,33.43,10,6.21,356.22,0,0.179,0,1,0
TXN119152,45.98,15,5.7,81.15,1,0.272,0,1,0
TXN119153,48.03,9,10.76,73.51,1,0.284,0,1,0
TXN119154,34.04,1,4.77,161.21,0,0.028,0,1,0
TXN119155,160.25,18,3.09,120.05,0,0.261,0,1,0
TXN119156,43.31,0,5.53,97.28,1,0.23,0,1,0
TXN119157,60.98,18,5.73,226.51,0,0.069,0,0,0
TXN119158,40.73,11,2.81,44.59,0,0.113,0,1,0
TXN119159,189.35,18,5.25,329.89,0,0.136,0,0,0
TXN119160,70.03,18,5.66,12.68,0,0.135,0,1,0
TXN119161,126.08,2,7.84,296.27,0,0.325,0,1,0
TXN119162,50.76,11,1.23,153.48,0,0.556,0,1,0
TXN119163,51.69,15,4.41,100.92,0,0.502,0,1,0
TXN119164,324.2313458105429,5,82.9643090931235,86.86,1,0.5624587343512679,0,1,0
TXN119165,29.34,4,7.42,5.41,0,0.387,0,1,0
TXN119166,860.61,0,146.44,6.78,6,0.748,1,0,1
TXN119167,118.48,12,20.6,48.81,0,0.68,0,1,0
TXN119168,66.08,5,1.51,30.98,0,0.231,1,1,0
TXN119169,49.12,11,0.71,136.19,0,0.326,0,1,0
TXN119170,112.52,19,20.71,225.66,1,0.357,0,1,0
TXN119171,90.63,16,3.28,60.91,1,0.117,0,1,0
TXN119172,81.47,18,7.41,274.35,2,0.233,0,0,0
TXN119173,194.68,14,0.39,18.21,0,0.265,1,0,0
TXN119174,164.27,16,4.32,78.52,0,0.177,0,1,0
TXN119175,180.51,0,34.05,291.81,0,0.157,0,1,0
TXN119176,76.47,19,3.03,9.22,0,0.162,0,1,0
TXN119177,79.49,19,2.84,19.77,0,0.51,0,1,0
TXN119178,47.44,18,8.38,34.05,0,0.225,0,1,0
TXN119179,33.68,4,3.29,40.42,0,0.451,0,1,0
TXN119180,42.73,20,8.5,40.17,1,0.265,0,1,0
TXN119181,34.43,4,0.39,139.77,0,0.263,0,1,0
TXN119182,27.85,14,10.52,120.28,0,0.169,0,1,0
TXN119183,20.74,21,21.87,23.45,0,0.222,0,1,0
TXN119184,57.25,13,3.13,110.24,0,0.304,0,0,0
TXN119185,128.77,8,9.4,62.74,1,0.264,0,1,0
TXN119186,43.22,7,3.69,225.81,0,0.083,0,1,0
TXN119187,78.56,19,3.48,136.88,0,0.46,0,1,0
TXN119188,44.3,16,1.68,242.61,0,0.322,1,1,0
TXN119189,200.61251565335107,14,6.259608752073092,323.87,0,0.5490526065195196,0,0,0
TXN119190,18.64,14,0.67,389.09,1,0.367,0,1,0
TXN119191,54.8,12,4.29,150.24,1,0.495,0,1,0
TXN119192,14.69,18,6.56,227.82,0,0.373,0,1,0
TXN119193,24.09,11,12.89,16.61,0,0.201,0,1,0
TXN119194,35.66,16,18.56,191.03,0,0.153,0,1,0
TXN119195,6.19,16,1.27,12.85,1,0.596,0,1,0
TXN119196,104.83,15,0.57,34.9,2,0.242,0,0,0
TXN119197,77.31,20,10.96,486.92,0,0.232,0,1,0
TXN119198,218.13397277178572,17,30.899577183836936,83.35,0,0.7118532979631537,0,1,0
TXN119199,140.19,17,5.74,29.6,0,0.253,0,1,0
TXN119200,27.96,15,7.3,7.36,0,0.125,0,1,0
TXN119201,51.53,18,8.48,143.5,2,0.159,0,1,0
TXN119202,17.6,18,0.98,21.34,0,0.195,0,1,0
TXN119203,59.5,11,2.2,33.4,0,0.079,0,1,0
TXN119204,44.89,18,17.86,61.55,0,0.158,0,1,0
TXN119205,212.03256694574262,13,123.0305885490641,129.35,0,0.7398739650968374,0,0,0
TXN119206,47.2,20,9.64,119.49,0,0.31,0,1,0
TXN119207,112.51,16,1.15,106.77,0,0.268,0,1,0
TXN119208,30.0,12,11.91,78.49,0,0.17,0,1,0
TXN119209,13.28,7,2.77,2.23,0,0.148,0,1,0
TXN119210,60.18,2,7.55,251.95,0,0.252,0,1,0
TXN119211,99.01,18,7.16,16.71,0,0.639,1,1,0
TXN119212,34.72,13,2.31,354.37,2,0.026,0,1,0
TXN119213,69.27,9,6.58,346.61,1,0.386,0,1,0
TXN119214,31.09,19,12.48,82.2,0,0.329,0,1,0
TXN119215,67.52,11,4.77,73.48,0,0.26,0,1,0
TXN119216,21.43,15,1.94,9.12,0,0.154,0,1,0
TXN119217,58.62,4,5.44,52.08,0,0.149,0,1,0
TXN119218,33.66,8,13.88,445.13,1,0.246,0,1,0
TXN119219,35.2,21,2.29,4.86,0,0.212,0,1,0
TXN119220,34.28,8,3.15,90.35,0,0.371,0,1,0
TXN119221,104.79,17,1.28,7.13,0,0.358,0,0,0
TXN119222,47.68,22,3.81,29.02,0,0.355,0,1,0
TXN119223,112.89,14,0.94,108.9,0,0.192,0,1,0
TXN119224,125.71,17,2.56,7.06,0,0.222,0,1,0
TXN119225,29.57,8,0.26,102.77,0,0.613,0,1,0
TXN119226,170.7,7,5.0,125.29,1,0.42,0,1,0
TXN119227,12.26,0,14.14,53.84,0,0.089,0,1,0
TXN119228,50.54,16,7.19,4.82,0,0.303,0,1,0
TXN119229,39.4,9,5.34,387.03,0,0.277,0,1,0
TXN119230,80.67,5,3.97,215.84,0,0.183,0,1,0
TXN119231,72.3,1,7.49,7.11,0,0.258,0,1,0
TXN119232,54.6,16,18.24,247.94,0,0.075,0,1,0
TXN119233,55.02,8,13.76,109.29,0,0.403,1,1,0
TXN119234,166.78,0,2.72,33.32,0,0.034,0,1,0
TXN119235,57.69,9,5.4,77.3,0,0.419,0,1,0
TXN119236,71.02,7,2.53,130.46,0,0.171,0,1,0
TXN119237,72.74,6,12.65,124.56,0,0.025,0,1,0
TXN119238,73.37,21,1.28,195.63,0,0.178,0,0,0
TXN119239,75.09,13,1.89,267.49,0,0.283,0,0,0
TXN119240,190.39,3,7.6,12.11,0,0.318,0,1,0
TXN119241,33.74,17,3.99,44.43,0,0.674,0,0,0
TXN119242,137.62,9,11.38,25.74,1,0.028,0,1,0
TXN119243,43.58,12,3.93,173.43,0,0.099,0,1,0
TXN119244,134.73,19,3.64,18.94,0,0.172,0,1,0
TXN119245,46.08,8,174.45,0.73,3,0.866,0,0,1
TXN119246,63.9,4,0.94,57.72,0,0.062,0,1,0
TXN119247,43.61,2,3.92,77.11,1,0.171,0,1,0
TXN119248,72.46,19,6.84,133.04,0,0.073,0,0,0
TXN119249,31.21,15,16.27,256.61,0,0.364,0,1,0
TXN119250,110.87,19,0.12,77.33,0,0.578,0,1,0
TXN119251,45.79,22,3.83,71.0,0,0.386,0,1,0
TXN119252,83.15,10,14.07,159.69,0,0.535,0,0,0
TXN119253,42.16,16,5.05,122.8,0,0.397,1,1,0
TXN119254,63.79,15,11.1,14.73,0,0.31,0,1,0
TXN119255,107.05,18,15.76,243.82,0,0.353,0,1,0
TXN119256,295.37,5,89.52,3.75,5,0.265,1,0,1
TXN119257,66.84,18,2.47,374.57,0,0.58,0,0,0
TXN119258,4.0,12,6.02,99.71,0,0.439,0,1,0
TXN119259,66.94,14,4.9,86.66,0,0.244,0,1,0
TXN119260,96.58,17,4.54,33.8,0,0.222,0,1,0
TXN119261,27.07,19,9.15,45.05,0,0.507,0,1,0
TXN119262,119.49,3,4.54,10.2,0,0.131,1,1,0
TXN119263,27.62,13,2.04,48.28,0,0.128,0,1,0
TXN119264,156.82,16,1.4,19.59,0,0.38,0,1,0
TXN119265,68.86,15,0.51,119.45,1,0.373,0,1,0
TXN119266,82.66,8,3.82,151.43,0,0.181,0,1,0
TXN119267,83.78,13,2.72,26.56,0,0.302,0,0,0
TXN119268,42.91,12,1.39,65.38,1,0.214,0,1,0
TXN119269,673.9400049103929,18,3.928769079836377,58.77,0,0.5149876192133273,0,1,0
TXN119270,169.05,14,4.75,135.5,0,0.036,0,1,0
TXN119271,232.20892620019157,8,56.339896501864956,124.2,0,0.6902509941866596,0,1,0
TXN119272,70.9,19,1.93,62.55,0,0.45,0,1,0
TXN119273,108.7,20,4.45,418.51,0,0.227,0,1,0
TXN119274,40.45,20,1.16,158.26,1,0.312,0,1,0
TXN119275,184.45,9,1.58,31.67,1,0.354,0,1,0
TXN119276,79.94,8,5.59,19.15,0,0.125,0,1,0
TXN119277,140.97,20,3.88,24.67,0,0.373,0,1,0
TXN119278,108.76,15,1.08,13.03,0,0.278,0,0,0
TXN119279,75.76,11,5.41,103.41,0,0.114,0,1,0
TXN119280,24.61,20,6.21,118.32,0,0.182,0,1,0
TXN119281,38.02,15,16.31,82.7,0,0.526,0,1,0
TXN119282,19.85,12,13.3,50.8,1,0.09,0,1,0
TXN119283,48.16,8,1.97,44.11,1,0.098,0,1,0
TXN119284,75.58,13,26.68,245.7,0,0.161,0,1,0
TXN119285,51.2,18,38.64,94.96,1,0.16,0,1,0
TXN119286,92.48,16,0.77,191.93,0,0.41,0,1,0
TXN119287,105.51,16,2.3,93.93,0,0.229,0,0,0
TXN119288,117.12,20,12.99,66.07,1,0.489,0,0,0
TXN119289,26.38,20,4.73,201.51,0,0.059,0,1,0
TXN119290,25.04,11,1.58,19.76,2,0.117,0,1,0
TXN119291,420.87762474709547,8,44.560240732877716,102.49,1,0.6498654707499226,0,1,0
TXN119292,116.5,17,10.84,20.37,0,0.43,0,0,0
TXN119293,9.69,5,15.29,40.83,0,0.227,1,1,0
TXN119294,86.23,14,1.69,66.64,1,0.371,0,1,0
TXN119295,174.61,16,7.96,559.12,0,0.253,0,1,0
TXN119296,89.24,13,24.08,116.43,0,0.448,0,1,0
TXN119297,385.12,3,156.86,7.75,3,0.495,1,0,1
TXN119298,68.54,14,4.09,189.79,0,0.477,0,1,0
TXN119299,69.57,11,8.01,85.18,0,0.274,0,1,0
TXN119300,85.58,12,3.61,13.11,0,0.342,0,1,0
TXN119301,113.63,19,2.62,0.18,0,0.276,0,1,0
TXN119302,69.09,17,8.44,12.03,0,0.505,0,1,0
TXN119303,25.14,15,7.05,17.41,1,0.537,0,0,0
TXN119304,66.28,2,5.97,72.34,0,0.509,0,0,0
TXN119305,88.86,13,11.02,32.8,1,0.126,0,1,0
TXN119306,33.81,13,1.5,237.29,0,0.222,0,1,0
TXN119307,299.73,20,3.57,28.64,0,0.588,0,1,0
TXN119308,34.81,15,2.43,245.45,0,0.348,0,0,0
TXN119309,92.0,13,7.22,24.58,0,0.262,0,1,0
TXN119310,86.52,4,0.78,129.37,1,0.258,1,0,0
TXN119311,41.62,16,12.06,133.26,0,0.512,0,0,0
TXN119312,10.06,6,4.59,254.41,0,0.51,0,1,0
TXN119313,94.23,16,2.79,33.92,0,0.166,0,1,0
TXN119314,31.24,8,0.5,19.57,0,0.188,0,1,0
TXN119315,145.29,19,8.03,219.54,0,0.521,0,1,0
TXN119316,157.08,14,2.42,138.13,1,0.381,0,0,0
TXN119317,79.92,17,1.89,38.88,0,0.058,0,0,0
TXN119318,16.9,8,9.43,7.01,0,0.231,0,0,0
TXN119319,19.95,6,4.52,224.08,0,0.231,0,1,0
TXN119320,73.78455444475496,13,4.964651438219431,60.16,1,0.5091470673949382,0,0,0
TXN119321,22.02,19,10.18,0.29,0,0.247,0,0,0
TXN119322,255.13,3,11.04,82.38,0,0.241,0,1,0
TXN119323,63.82,13,6.31,30.83,0,0.217,0,0,0
TXN119324,105.78,11,0.87,85.12,0,0.421,0,1,0
TXN119325,223.47,11,9.98,300.02,0,0.12,0,1,0
TXN119326,204.25,9,3.08,571.5,1,0.065,0,1,0
TXN119327,70.37,10,11.96,2.1,0,0.309,0,0,0
TXN119328,94.13,1,1.82,34.65,0,0.247,0,1,0
TXN119329,93.12,22,7.17,139.13,0,0.131,0,1,0
TXN119330,226.92,4,12.65,45.23,0,0.18,0,0,0
TXN119331,135.89,10,1.35,140.13,0,0.07,0,1,0
TXN119332,104.26,17,3.71,264.35,0,0.059,0,1,0
TXN119333,83.67,18,11.42,117.86,0,0.087,0,0,0
TXN119334,24.34,20,16.57,54.34,1,0.523,1,1,0
TXN119335,14.44,9,11.24,68.04,0,0.205,0,1,0
TXN119336,34.48,9,5.77,284.89,2,0.08,0,0,0
TXN119337,107.9,9,8.78,10.62,0,0.231,0,0,0
TXN119338,113.41,11,9.96,109.5,0,0.529,0,1,0
TXN119339,172.35,12,11.36,21.65,0,0.091,0,0,0
TXN119340,156.95,20,1.12,6.39,0,0.057,0,1,0
TXN119341,117.48,23,10.96,227.33,0,0.109,0,0,0
TXN119342,57.07,14,2.65,11.1,0,0.126,0,1,0
TXN119343,139.97,7,3.26,39.21,0,0.331,0,0,0
TXN119344,90.39,20,5.16,97.19,1,0.416,1,1,0
TXN119345,56.55,14,2.82,157.84,1,0.203,0,1,0
TXN119346,50.98,13,12.45,76.77,1,0.068,0,0,0
TXN119347,145.28,15,3.51,91.44,0,0.047,0,1,0
TXN119348,114.99,16,0.78,70.89,0,0.106,0,1,0
TXN119349,64.99,14,8.17,116.2,0,0.024,0,1,0
TXN119350,283.7,14,1.31,174.88,1,0.267,0,0,0
TXN119351,122.72,12,0.79,56.86,0,0.035,0,1,0
TXN119352,75.31,8,15.59,120.67,0,0.46,1,1,0
TXN119353,52.76,17,11.64,63.81,0,0.365,0,1,0
TXN119354,155.16,15,3.0,24.48,0,0.442,0,1,0
TXN119355,38.5,20,3.97,27.62,0,0.426,0,1,0
TXN119356,89.26,10,2.56,3.65,0,0.109,0,1,0
TXN119357,23.13,13,9.83,44.35,1,0.517,0,1,0
TXN119358,139.69,16,16.59,272.13,0,0.011,0,1,0
TXN119359,51.32,20,6.61,254.6,0,0.116,0,1,0
TXN119360,57.22,20,5.79,142.7,0,0.166,0,0,0
TXN119361,134.56,3,6.98,20.84,0,0.244,0,1,0
TXN119362,137.29,6,4.14,268.5,0,0.443,0,1,0
TXN119363,83.57,10,12.66,400.66,0,0.325,1,1,0
TXN119364,106.26,15,3.44,19.98,0,0.24,0,1,0
TXN119365,164.22,12,4.35,114.95,0,0.56,0,0,0
TXN119366,267.38,3,190.77,5.11,6,0.631,0,1,1
TXN119367,66.22,19,1.15,36.8,0,0.151,0,1,0
TXN119368,87.59,13,1.97,522.46,1,0.212,0,1,0
TXN119369,47.36,8,2.51,72.58,0,0.183,0,1,0
TXN119370,100.26,9,3.04,219.95,0,0.465,0,1,0
TXN119371,134.2,4,14.48,209.85,0,0.449,0,1,0
TXN119372,168.711114832449,15,26.65967319336382,138.73,0,0.5372281362971872,1,1,0
TXN119373,3.49,18,9.57,98.05,0,0.336,0,1,0
TXN119374,28.05,16,9.43,337.43,0,0.212,0,1,0
TXN119375,144.96,3,2.94,81.86,0,0.176,0,1,0
TXN119376,94.68,8,14.22,19.38,1,0.084,0,1,0
TXN119377,74.4,13,4.45,116.14,1,0.509,0,1,0
TXN119378,115.58,14,3.78,372.55,0,0.188,0,1,0
TXN119379,201.62,0,7.46,68.59,0,0.599,0,1,0
TXN119380,74.74,16,6.87,17.87,0,0.473,0,1,0
TXN119381,91.45,3,3.72,389.52,1,0.349,0,1,0
TXN119382,14.38,13,8.08,122.6,1,0.138,0,1,0
TXN119383,136.89,9,3.73,255.87,0,0.491,0,0,0
TXN119384,95.97,22,10.89,127.89,0,0.383,0,1,0
TXN119385,56.13,20,5.62,286.8,0,0.458,0,1,0
TXN119386,31.86,4,4.44,277.86,0,0.218,0,1,0
TXN119387,154.26,9,14.55,101.35,1,0.203,0,0,0
TXN119388,113.84,14,0.85,143.66,0,0.301,0,1,0
TXN119389,248.62,14,12.82,27.51,1,0.198,0,1,0
TXN119390,73.6,18,7.87,36.52,0,0.41,0,1,0
TXN119391,154.8,15,3.94,133.0,0,0.387,0,0,0
TXN119392,43.3,12,9.66,98.06,0,0.599,1,1,0
TXN119393,31.34,13,5.8,184.17,0,0.564,0,1,0
TXN119394,62.09,4,3.0,57.23,0,0.07,0,1,0
TXN119395,43.02,10,7.08,257.28,0,0.05,0,1,0
TXN119396,467.38,1,215.29,1.5,2,0.88,1,0,1
TXN119397,162.73,11,1.14,270.73,1,0.614,0,1,0
TXN119398,90.96,13,21.92,292.65,0,0.477,0,1,0
TXN119399,153.03,18,19.72,100.8,0,0.479,0,1,0
TXN119400,95.83,3,9.95,2.81,0,0.309,0,1,0
TXN119401,107.58,7,2.18,19.99,2,0.245,0,1,0
TXN119402,220.56,5,3.19,58.24,0,0.303,0,1,0
TXN119403,57.57,17,4.01,34.93,0,0.285,0,1,0
TXN119404,84.38,10,4.23,102.45,0,0.034,0,1,0
TXN119405,73.88,13,7.42,172.66,0,0.592,0,1,0
TXN119406,356.35,3,3.9,184.92,0,0.13,0,1,0
TXN119407,94.68,8,13.44,357.04,0,0.433,0,0,0
TXN119408,118.08,10,4.34,13.63,0,0.135,0,1,0
TXN119409,156.47,8,2.32,564.55,0,0.372,0,1,0
TXN119410,18.17,20,8.34,44.18,1,0.238,0,1,0
TXN119411,136.15,13,5.1,26.21,0,0.325,0,1,0
TXN119412,89.86,8,4.59,109.38,0,0.21,0,1,0
TXN119413,21.85,8,11.81,95.85,1,0.374,0,1,0
TXN119414,133.94,18,4.59,5.84,1,0.344,0,1,0
TXN119415,67.49,11,11.6,25.72,0,0.02,0,1,0
TXN119416,24.18,17,8.53,293.63,0,0.153,0,1,0
TXN119417,35.56,5,6.85,73.3,2,0.463,0,1,0
TXN119418,130.27,15,2.66,138.04,1,0.271,0,1,0
TXN119419,76.19,22,5.14,140.99,0,0.248,0,1,0
TXN119420,160.61,10,1.12,49.66,0,0.023,0,0,0
TXN119421,108.12,10,3.83,580.47,0,0.109,0,0,0
TXN119422,56.41,13,0.88,140.95,0,0.175,0,1,0
TXN119423,151.99,10,1.93,41.16,1,0.156,0,1,0
TXN119424,37.55,16,3.9,65.47,0,0.32,0,1,0
TXN119425,147.07,17,8.58,9.78,0,0.24,0,1,0
TXN119426,81.61,19,8.81,47.86,0,0.616,1,1,0
TXN119427,99.13,15,12.37,95.87,0,0.284,1,1,0
TXN119428,69.4,9,8.84,610.44,0,0.045,0,1,0
TXN119429,39.99237036850951,9,25.131854193845776,345.2,0,0.5339783565872346,0,1,0
TXN119430,106.34,13,3.25,26.97,0,0.362,0,0,0
TXN119431,110.26,10,15.21,18.91,0,0.276,0,1,0
TXN119432,59.21,13,8.97,216.6,2,0.499,0,1,0
TXN119433,43.29,10,8.76,49.57,0,0.202,0,1,0
TXN119434,54.65,6,11.47,474.86,0,0.305,0,1,0
TXN119435,49.06,11,17.99,39.68,0,0.177,0,1,0
TXN119436,64.91,15,2.44,121.75,0,0.636,0,1,0
TXN119437,140.53,9,3.74,159.28,1,0.603,0,1,0
TXN119438,97.7,17,25.21,84.76,0,0.317,0,1,0
TXN119439,35.09,14,1.76,120.35,0,0.152,0,1,0
TXN119440,32.93,8,2.5,54.74,0,0.07,0,1,0
TXN119441,165.99,13,7.35,235.55,0,0.32,0,1,0
TXN119442,44.3,12,4.42,98.18,1,0.315,0,1,0
TXN119443,89.03,18,5.83,85.46,0,0.398,0,1,0
TXN119444,136.93,18,2.15,35.61,0,0.536,0,1,0
TXN119445,70.72,13,5.62,19.53,1,0.116,0,1,0
TXN119446,49.12,2,10.94,8.38,0,0.529,0,0,0
TXN119447,86.23,17,1.92,586.43,2,0.357,0,1,0
TXN119448,193.63,9,147.12,1.4,2,0.795,1,0,1
TXN119449,23.91,20,0.42,172.87,1,0.354,0,1,0
TXN119450,37.48,15,5.12,55.2,1,0.063,0,0,0
TXN119451,210.57,11,7.43,35.41,1,0.248,0,1,0
TXN119452,166.39,6,4.63,285.99,1,0.188,0,1,0
TXN119453,60.78,7,3.07,188.84,0,0.471,0,1,0
TXN119454,88.81,14,4.01,231.09,0,0.166,0,1,0
TXN119455,130.3,10,0.64,60.21,1,0.043,0,1,0
TXN119456,132.46,18,16.46,121.1,0,0.169,0,0,0
TXN119457,66.82,6,7.45,35.17,1,0.304,0,1,0
TXN119458,163.35,11,3.11,60.02,0,0.228,0,1,0
TXN119459,62.58,16,12.04,15.15,1,0.248,0,1,0
TXN119460,140.7,21,1.84,36.89,0,0.126,0,1,0
TXN119461,409.2,2,101.47,5.54,7,0.906,0,0,1
TXN119462,85.78,8,6.02,259.81,0,0.513,0,1,0
TXN119463,70.56,10,0.88,126.82,2,0.188,0,1,0
TXN119464,156.77,7,4.64,71.98,0,0.06,0,1,0
TXN119465,240.2041994125764,6,510.0045960151635,26.51,1,0.5164400348822731,0,1,0
TXN119466,184.85,2,456.17,11.45,0,0.812,0,0,1
TXN119467,66.95,9,3.18,0.53,0,0.283,0,0,0
TXN119468,67.05,12,12.54,6.78,1,0.14,0,1,0
TXN119469,133.65,16,6.28,92.74,1,0.088,0,1,0
TXN119470,72.01,18,2.77,377.18,0,0.307,0,0,0
TXN119471,112.3,5,4.25,64.53,0,0.177,0,1,0
TXN119472,125.48,1,5.67,52.98,0,0.201,0,0,0
TXN119473,69.37,9,2.75,58.48,0,0.256,0,0,0
TXN119474,132.03,12,3.89,105.92,0,0.726,0,1,0
TXN119475,94.99,11,20.58,9.08,1,0.101,0,0,0
TXN119476,106.0,8,1.16,237.98,0,0.39,0,1,0
TXN119477,14.6,14,4.78,85.41,0,0.18,0,1,0
TXN119478,37.35,15,9.89,116.36,0,0.153,0,1,0
TXN119479,576.43,8,125.99,18.01,4,0.808,1,0,1
TXN119480,245.44,12,6.18,70.92,0,0.533,0,1,0
TXN119481,131.55,8,5.98,48.83,1,0.179,0,1,0
TXN119482,82.61,18,16.81,2.22,1,0.159,0,0,0
TXN119483,128.08,2,1.92,55.48,0,0.465,0,1,0
TXN119484,34.72,14,3.89,0.13,1,0.413,0,0,0
TXN119485,30.65,12,20.93,59.33,2,0.046,0,0,0
TXN119486,90.39,8,1.72,291.35,1,0.069,0,1,0
TXN119487,151.19,18,34.83,21.75,0,0.251,0,0,0
TXN119488,96.67,13,1.88,150.87,0,0.335,0,1,0
TXN119489,44.3,12,8.93,97.02,0,0.508,0,1,0
TXN119490,89.69,15,8.68,56.19,0,0.151,0,1,0
TXN119491,30.84,4,12.91,119.82,0,0.172,0,1,0
TXN119492,33.6,8,3.86,111.64,0,0.569,0,1,0
TXN119493,7.34,11,3.67,198.75,1,0.268,0,1,0
TXN119494,22.31,13,6.49,20.21,0,0.515,0,1,0
TXN119495,0.57,13,7.22,102.23,2,0.22,0,1,0
TXN119496,11.9,9,6.46,26.93,0,0.49,0,1,0
TXN119497,147.83,1,11.94,30.18,1,0.23,0,1,0
TXN119498,217.65,9,2.79,103.29,0,0.205,0,1,0
TXN119499,57.68,10,1.74,438.45,0,0.496,0,1,0
TXN119500,37.79,10,6.01,38.92,0,0.411,0,0,0
TXN119501,128.66,17,1.39,117.61,2,0.063,0,0,0
TXN119502,78.19,11,0.36,8.68,0,0.132,0,1,0
TXN119503,11.89,8,10.12,33.0,1,0.518,0,1,0
TXN119504,326.47,19,2.82,29.01,0,0.511,0,0,0
TXN119505,185.05,0,8.53,57.0,0,0.216,0,0,0
TXN119506,7.68,11,11.99,100.24,1,0.085,0,1,0
TXN119507,32.29,12,4.79,103.01,0,0.326,0,1,0
TXN119508,27.46,19,5.67,59.91,1,0.401,0,0,0
TXN119509,70.91,9,5.7,226.2,0,0.237,0,1,0
TXN119510,78.53,14,16.26,136.49,0,0.155,0,0,0
TXN119511,75.29,5,8.77,207.62,0,0.054,0,1,0
TXN119512,64.32,9,6.44,25.78,1,0.199,0,1,0
TXN119513,58.26,19,8.17,29.86,1,0.151,0,1,0
TXN119514,129.51,18,10.15,10.37,0,0.05,0,1,0
TXN119515,22.94,14,0.93,13.74,2,0.232,0,1,0
TXN119516,380.16,3,150.04,1.06,7,0.6,1,0,1
TXN119517,42.27,5,3.95,87.74,0,0.287,0,1,0
TXN119518,42.78,15,3.3,29.27,1,0.313,0,1,0
TXN119519,163.43,11,12.02,28.67,0,0.202,0,1,0
TXN119520,226.05,17,2.01,204.31,0,0.332,0,1,0
TXN119521,57.68,9,9.79,112.08,0,0.076,0,1,0
TXN119522,133.31,17,1.45,68.28,0,0.125,0,1,0
TXN119523,179.11,16,265.42,4.27,2,0.801,1,1,1
TXN119524,11.9,20,2.72,9.15,1,0.342,1,0,0
TXN119525,178.50985506911186,7,36.71602006132375,40.28,2,0.7058966233375354,0,1,0
TXN119526,36.41,14,6.82,131.98,0,0.555,0,1,0
TXN119527,66.42,14,5.42,72.47,1,0.013,0,1,0
TXN119528,131.29,14,10.79,332.74,2,0.346,0,1,0
TXN119529,129.72,16,5.81,95.43,0,0.602,0,1,0
TXN119530,14.7,18,0.26,670.81,0,0.365,0,1,0
TXN119531,62.61998532803297,8,88.63542452428113,13.13,0,0.5363467286051592,0,1,0
TXN119532,7.9,17,3.44,143.29,1,0.248,0,1,0
TXN119533,69.43,11,0.28,151.67,0,0.352,0,1,0
TXN119534,23.07,13,6.45,26.72,0,0.421,0,1,0
TXN119535,63.45,14,7.87,252.37,1,0.058,0,1,0
TXN119536,103.6,8,5.87,31.54,1,0.414,0,1,0
TXN119537,55.1,8,19.27,9.1,0,0.055,0,1,0
TXN119538,9.68,13,7.57,28.05,0,0.184,0,1,0
TXN119539,18.19,13,3.01,117.44,0,0.22,1,1,0
TXN119540,18.28,19,2.76,63.57,0,0.253,0,1,0
TXN119541,85.5,17,7.33,41.35,0,0.374,1,0,0
TXN119542,22.81,15,1.92,15.17,0,0.563,0,1,0
TXN119543,25.34,9,3.14,71.08,0,0.299,0,1,0
TXN119544,56.55,15,8.33,9.68,0,0.187,0,1,0
TXN119545,42.75,7,2.38,25.8,0,0.22,0,1,0
TXN119546,95.65,23,4.56,168.31,0,0.376,0,1,0
TXN119547,291.15,5,16.27,121.01,1,0.553,0,0,0
TXN119548,86.87,20,3.63,104.44,0,0.342,0,1,0
TXN119549,66.21,5,17.71,60.2,0,0.631,0,1,0
TXN119550,3.8,9,1.81,16.86,0,0.321,1,1,0
TXN119551,47.99,17,13.31,97.05,0,0.363,0,1,0
TXN119552,97.24,1,10.36,59.89,0,0.61,0,1,0
TXN119553,47.75,0,14.16,54.13,1,0.241,1,0,0
TXN119554,138.97,20,7.22,272.83,0,0.063,0,1,0
TXN119555,93.45,10,6.36,186.99,0,0.285,1,0,0
TXN119556,24.63,18,1.49,77.31,1,0.498,0,1,0
TXN119557,68.28,19,2.37,24.69,0,0.226,0,1,0
TXN119558,44.13,12,4.58,54.66,1,0.304,0,1,0
TXN119559,110.57,19,5.97,3.67,0,0.249,0,1,0
TXN119560,24.84,13,3.64,80.56,0,0.332,0,1,0
TXN119561,57.02,14,1.01,399.06,1,0.133,0,1,0
TXN119562,12.79,16,8.76,306.22,1,0.465,0,1,0
TXN119563,56.91,17,1.4,201.52,0,0.354,0,1,0
TXN119564,114.99599647875378,3,56.814227831938034,85.94,0,0.70213949170782,0,1,0
TXN119565,66.15,16,11.24,132.69,0,0.59,0,1,0
TXN119566,40.57,15,15.68,650.02,0,0.198,0,0,0
TXN119567,4.66,20,12.1,73.9,0,0.211,0,0,0
TXN119568,41.62,2,8.98,146.23,0,0.035,1,0,0
TXN119569,175.0,1,9.46,71.19,2,0.506,0,1,0
TXN119570,45.47,6,1.3,624.86,0,0.099,0,1,0
TXN119571,146.23,19,20.04,221.5,2,0.242,1,1,0
TXN119572,77.7,9,4.06,313.0,0,0.205,0,1,0
TXN119573,115.88,23,5.74,597.57,1,0.288,0,1,0
TXN119574,6.35,17,5.74,68.24,1,0.213,0,1,0
TXN119575,133.03,18,0.55,169.9,0,0.049,0,1,0
TXN119576,26.06,9,7.28,103.23,0,0.288,0,0,0
TXN119577,167.63,7,4.74,13.68,0,0.202,0,1,0
TXN119578,29.53,16,4.95,76.14,0,0.308,0,1,0
TXN119579,4.08,1,1.36,529.14,0,0.171,0,1,0
TXN119580,4.68,18,2.57,9.37,0,0.249,0,0,0
TXN119581,180.16,12,2.33,63.32,1,0.303,0,1,0
TXN119582,21.55,19,2.29,5.45,0,0.365,0,1,0
TXN119583,102.12,21,2.16,13.58,1,0.242,0,1,0
TXN119584,75.26,15,6.45,113.39,0,0.101,0,1,0
TXN119585,146.82,10,8.99,105.68,0,0.293,0,1,0
TXN119586,231.66,14,7.5,17.99,0,0.247,0,0,0
TXN119587,46.65,6,7.27,481.1,0,0.152,0,0,0
TXN119588,63.4,8,17.25,30.71,1,0.29,0,1,0
TXN119589,54.21,19,12.09,19.56,0,0.563,0,1,0
TXN119590,130.31,10,2.06,72.6,0,0.034,0,1,0
TXN119591,8.69,9,4.08,201.24,0,0.456,0,1,0
TXN119592,66.26,20,1.29,162.25,0,0.515,0,1,0
TXN119593,30.07,15,2.77,31.46,0,0.307,0,1,0
TXN119594,5.41,9,14.52,77.42,0,0.088,0,1,0
TXN119595,57.79,5,10.73,2.77,1,0.383,0,1,0
TXN119596,101.78,20,3.3,29.47,0,0.243,0,1,0
TXN119597,200.08,9,2.24,99.23,0,0.325,0,1,0
TXN119598,188.28,5,12.31,10.61,0,0.061,0,1,0
TXN119599,110.31922749084819,18,47.85284411039182,139.58,0,0.7820252038327726,0,0,0
TXN119600,74.19,6,9.42,277.26,0,0.071,0,1,0
TXN119601,53.13,22,5.51,71.66,0,0.187,0,1,0
TXN119602,32.62,11,9.6,173.19,0,0.062,0,0,0
TXN119603,64.4,19,9.6,59.94,1,0.242,0,1,0
TXN119604,146.99,21,2.23,79.98,0,0.098,0,1,0
TXN119605,134.59,17,16.65,192.6,0,0.359,0,1,0
TXN119606,8.67,13,16.62,24.75,0,0.122,0,1,0
TXN119607,234.64,4,2.37,49.92,0,0.117,0,1,0
TXN119608,62.94,11,2.73,60.83,0,0.268,0,1,0
TXN119609,337.94,15,76.2,0.2,2,0.773,1,0,1
TXN119610,157.4181507297247,3,38.215376866384574,356.34,0,0.6914276361092095,0,1,0
TXN119611,126.18,13,6.79,139.71,1,0.305,0,1,0
TXN119612,171.48,21,3.05,160.81,0,0.167,0,1,0
TXN119613,212.5,13,4.4,52.86,0,0.581,0,1,0
TXN119614,157.82456690474493,3,134.19297417382947,45.94,0,0.7012204753121982,0,1,0
TXN119615,46.53,9,15.02,278.95,1,0.634,0,1,0
TXN119616,60.09,21,6.99,130.1,1,0.333,0,1,0
TXN119617,42.7,19,6.37,59.64,0,0.339,0,0,0
TXN119618,248.45,14,3.3,45.78,0,0.162,0,1,0
TXN119619,39.1,10,13.76,96.03,0,0.079,0,1,0
TXN119620,28.6,6,3.33,313.38,0,0.526,0,1,0
TXN119621,68.32,8,4.24,151.19,1,0.217,0,1,0
TXN119622,76.27,15,0.68,76.51,0,0.254,0,1,0
TXN119623,13.37,23,13.74,39.24,2,0.263,0,1,0
TXN119624,11.13,10,14.25,269.69,0,0.248,1,1,0
TXN119625,55.08,19,0.31,64.36,0,0.284,0,0,0
TXN119626,49.04,19,1.53,67.18,0,0.153,0,1,0
TXN119627,25.64,16,3.25,66.0,0,0.215,0,1,0
TXN119628,18.267096386573414,20,185.80464915946996,292.83,0,0.73827331299277,0,1,0
TXN119629,114.51,9,1.9,39.86,0,0.045,0,1,0
TXN119630,313.7525390440533,18,6.778474779400169,6.44,0,0.679629320810591,0,0,0
TXN119631,91.43,15,17.1,166.86,0,0.38,0,1,0
TXN119632,21.31,11,1.3,684.84,1,0.272,0,1,0
TXN119633,104.14,19,10.76,13.59,0,0.499,0,1,0
TXN119634,108.35,21,10.97,19.36,1,0.435,0,1,0
TXN119635,96.39,17,8.9,220.82,0,0.296,0,1,0
TXN119636,29.67,17,9.42,78.74,2,0.575,0,0,0
TXN119637,824.05,0,415.49,1.79,3,0.912,0,0,1
TXN119638,385.38,1,261.39,2.37,3,0.52,0,0,1
TXN119639,72.81,16,4.13,327.48,0,0.131,0,1,0
TXN119640,87.44,12,11.15,127.01,0,0.166,0,1,0
TXN119641,71.98,18,5.73,26.81,1,0.347,0,0,0
TXN119642,68.31,14,7.08,303.74,0,0.141,0,1,0
TXN119643,91.25,4,6.42,56.79,0,0.272,0,0,0
TXN119644,129.58,12,4.81,268.41,0,0.301,0,1,0
TXN119645,24.54,13,11.58,176.78,0,0.132,0,0,0
TXN119646,62.4,18,7.04,305.66,1,0.341,0,0,0
TXN119647,34.03,12,4.89,109.58,0,0.275,0,0,0
TXN119648,92.92,4,6.28,22.49,0,0.271,0,1,0
TXN119649,73.82,10,10.5,331.04,2,0.404,1,1,0
TXN119650,52.95,9,1.83,224.76,1,0.116,0,0,0
TXN119651,403.59,17,235.93,5.7,5,0.943,1,0,1
TXN119652,79.07,13,2.81,10.69,0,0.639,0,1,0
TXN119653,45.74,9,8.62,342.2,0,0.195,0,1,0
TXN119654,79.53,21,5.04,78.87,0,0.363,0,1,0
TXN119655,64.97,13,8.67,44.31,0,0.33,0,0,0
TXN119656,78.2,10,3.65,65.44,0,0.129,0,1,0
TXN119657,41.93,12,0.41,348.74,0,0.409,0,1,0
TXN119658,16.08,18,19.21,118.53,0,0.133,0,1,0
TXN119659,15.21,15,4.88,95.76,0,0.205,0,1,0
TXN119660,73.42,20,2.07,195.41,0,0.38,0,1,0
TXN119661,141.73,19,3.71,68.15,0,0.285,0,1,0
TXN119662,48.64,14,5.17,51.67,0,0.417,0,1,0
TXN119663,30.04,12,7.64,125.84,0,0.156,0,1,0
TXN119664,6.19,7,5.57,182.9,0,0.441,0,1,0
TXN119665,121.21,12,1.76,105.93,0,0.531,0,1,0
TXN119666,66.59,18,4.06,53.73,0,0.115,0,1,0
TXN119667,284.6443059590933,18,7.714378394933265,155.59,1,0.7358283076515622,0,0,0
TXN119668,141.05,12,1.79,377.82,0,0.396,0,1,0
TXN119669,75.74,20,0.42,30.54,0,0.211,0,1,0
TXN119670,76.97,11,5.17,20.11,0,0.029,0,1,0
TXN119671,102.4,18,4.35,60.17,1,0.009,0,0,0
TXN119672,61.91,23,11.62,64.46,0,0.178,0,0,0
TXN119673,22.84,10,5.54,10.38,1,0.271,0,1,0
TXN119674,14.55,16,7.43,2.81,0,0.335,0,1,0
TXN119675,41.27,19,3.55,50.71,0,0.238,0,1,0
TXN119676,87.41,18,3.28,50.71,0,0.232,0,0,0
TXN119677,224.88,6,9.97,27.52,1,0.149,0,1,0
TXN119678,60.51,18,3.0,209.09,0,0.265,0,1,0
TXN119679,52.2,22,5.26,71.57,0,0.132,0,0,0
TXN119680,46.33,8,5.9,14.02,0,0.268,0,1,0
TXN119681,129.43,11,0.87,72.04,0,0.196,0,1,0
TXN119682,114.3,17,8.79,195.26,0,0.168,1,1,0
TXN119683,40.91,17,5.11,13.41,2,0.268,0,1,0
TXN119684,44.72,10,12.63,39.55,0,0.548,0,0,0
TXN119685,86.16,17,4.01,33.77,0,0.264,0,1,0
TXN119686,27.05,8,3.51,31.22,1,0.224,0,1,0
TXN119687,112.05,13,18.24,193.74,0,0.184,0,1,0
TXN119688,99.63,4,5.45,49.6,0,0.03,0,1,0
TXN119689,84.48,9,3.9,254.67,1,0.481,0,1,0
TXN119690,18.55,16,4.99,189.29,0,0.179,0,1,0
TXN119691,9.15,8,8.85,12.76,0,0.172,0,1,0
TXN119692,35.24,5,18.38,129.77,0,0.071,0,0,0
TXN119693,169.54,18,9.03,120.79,0,0.288,0,0,0
TXN119694,92.07,11,8.81,359.22,0,0.195,0,1,0
TXN119695,48.44,6,9.85,324.62,0,0.413,0,1,0
TXN119696,42.47,15,7.48,71.86,1,0.123,0,1,0
TXN119697,87.9,13,17.05,39.13,1,0.429,0,1,0
TXN119698,129.45,4,8.08,11.75,0,0.233,0,1,0
TXN119699,69.27,9,5.21,23.15,0,0.134,0,1,0
TXN119700,68.61,13,8.61,93.88,0,0.387,0,1,0
TXN119701,89.68,22,4.39,150.22,2,0.09,0,0,0
TXN119702,599.81,5,91.11,2.43,6,0.79,0,0,1
TXN119703,29.46,4,17.57,51.53,0,0.003,0,1,0
TXN119704,91.91,13,8.88,171.51,1,0.142,0,1,0
TXN119705,10.17,6,32.8,192.79,2,0.426,0,1,0
TXN119706,12.97,16,17.58,121.64,1,0.476,0,1,0
TXN119707,7.5,8,3.34,106.12,0,0.205,0,1,0
TXN119708,17.15,23,9.35,98.64,0,0.515,0,1,0
TXN119709,306.31,22,164.82,10.31,5,0.644,1,1,1
TXN119710,65.56,8,10.62,76.22,0,0.395,0,1,0
TXN119711,100.18,20,10.18,203.8,0,0.125,0,1,0
TXN119712,43.24,23,2.45,16.95,0,0.205,0,1,0
TXN119713,140.03,9,0.56,211.13,0,0.206,0,1,0
TXN119714,97.68,0,7.97,35.46,0,0.614,0,0,0
TXN119715,84.54,18,1.6,48.44,1,0.479,0,1,0
TXN119716,61.41,14,4.34,83.3,0,0.277,0,0,0
TXN119717,44.32,23,6.32,244.73,0,0.353,0,0,0
TXN119718,55.17,11,9.49,164.03,0,0.341,0,1,0
TXN119719,334.08,1,4.68,42.07,0,0.362,0,1,0
TXN119720,35.58,17,5.07,91.09,0,0.352,0,0,0
TXN119721,32.73,14,4.51,53.18,0,0.601,0,0,0
TXN119722,155.81,19,6.24,45.86,0,0.213,0,0,0
TXN119723,123.08,20,2.14,68.43,0,0.441,0,1,0
TXN119724,35.02,20,6.14,32.78,0,0.499,0,1,0
TXN119725,39.82,13,5.23,42.47,0,0.457,0,0,0
TXN119726,53.38,12,15.79,4.71,0,0.097,0,0,0
TXN119727,121.19,1,3.45,70.24,0,0.333,0,1,0
TXN119728,164.02,8,1.37,30.76,0,0.119,0,0,0
TXN119729,124.53,14,4.67,74.51,0,0.58,0,1,0
TXN119730,54.23,11,4.8,63.06,0,0.26,0,0,0
TXN119731,49.54,0,19.96,343.13,1,0.456,0,1,0
TXN119732,125.6,19,1.35,187.09,0,0.452,0,1,0
TXN119733,22.27,14,3.83,75.35,0,0.346,0,1,0
TXN119734,73.11,13,2.1,254.98,2,0.1,0,0,0
TXN119735,203.44,2,17.11,381.63,2,0.343,0,1,0
TXN119736,128.08,21,3.21,57.23,0,0.193,0,1,0
TXN119737,25.36,21,8.58,16.86,0,0.234,0,1,0
TXN119738,27.38,8,4.03,219.62,0,0.149,0,1,0
TXN119739,164.94,19,7.26,158.67,1,0.075,0,1,0
TXN119740,161.56,6,2.83,14.14,1,0.545,0,1,0
TXN119741,46.1,18,4.98,45.18,0,0.327,0,1,0
TXN119742,48.81,19,1.62,215.76,0,0.122,0,1,0
TXN119743,15.98,8,6.94,22.95,0,0.391,0,1,0
TXN119744,64.4,20,10.73,401.7,0,0.203,0,1,0
TXN119745,176.67,19,4.78,35.55,0,0.155,0,1,0
TXN119746,49.15,8,7.1,58.26,1,0.199,1,1,0
TXN119747,56.56,9,11.65,268.04,0,0.182,0,1,0
TXN119748,105.73,16,4.87,248.81,0,0.104,0,1,0
TXN119749,36.56,12,11.23,57.13,2,0.102,0,1,0
TXN119750,159.1736483302126,17,37.919339076679634,189.92,0,0.72986193497606,0,1,0
TXN119751,44.3,20,4.4,124.95,0,0.401,0,1,0
TXN119752,20.96,16,6.93,63.08,0,0.067,0,1,0
TXN119753,94.97,9,6.93,18.37,0,0.276,0,0,0
TXN119754,123.51,4,6.2,84.26,0,0.103,0,0,0
TXN119755,31.77,20,7.01,38.8,0,0.258,0,0,0
TXN119756,14.53,21,16.58,67.05,1,0.277,0,1,0
TXN119757,131.49,0,16.93,43.14,0,0.144,0,1,0
TXN119758,9.65,18,4.33,63.37,1,0.249,0,1,0
TXN119759,141.68,16,5.25,33.22,0,0.257,0,1,0
TXN119760,63.96,7,10.76,93.69,0,0.105,0,1,0
TXN119761,113.22,13,1.52,126.64,0,0.362,0,1,0
TXN119762,51.58,1,1.0,153.31,0,0.186,0,1,0
TXN119763,90.38,13,8.18,385.03,0,0.018,0,0,0
TXN119764,69.86,15,17.87,110.46,0,0.409,0,1,0
TXN119765,44.5,14,8.44,220.31,0,0.125,0,1,0
TXN119766,70.12,12,4.47,77.73,0,0.431,0,1,0
TXN119767,39.34,15,16.1,54.17,0,0.302,0,1,0
TXN119768,51.76,17,9.61,72.67,0,0.424,0,1,0
TXN119769,63.08,12,1.79,294.31,0,0.176,1,1,0
TXN119770,182.42,14,17.57,36.01,0,0.059,0,1,0
TXN119771,92.84,16,7.1,80.17,2,0.567,0,1,0
TXN119772,44.37,10,1.18,20.02,0,0.26,0,1,0
TXN119773,63.71,10,20.65,49.18,0,0.285,0,1,0
TXN119774,97.27,16,1.39,21.54,0,0.17,0,1,0
TXN119775,32.5,19,8.79,329.02,0,0.4,0,1,0
TXN119776,789.83,2,225.0,0.34,7,0.924,1,1,1
TXN119777,304.27,10,1.99,39.14,0,0.192,0,1,0
TXN119778,53.25,14,12.26,167.5,0,0.323,0,1,0
TXN119779,73.67,17,0.85,68.53,0,0.242,0,1,0
TXN119780,49.21,9,241.06,9.03,6,0.674,0,1,1
TXN119781,83.26,20,13.89,352.45,1,0.523,0,1,0
TXN119782,297.7479173530355,11,41.41763900989125,54.89,0,0.7735196580626835,0,1,0
TXN119783,191.31875566878546,17,32.49568781499615,27.94,1,0.6232204684423237,0,1,0
TXN119784,71.33,20,6.81,10.88,0,0.578,0,1,0
TXN119785,46.07,4,13.5,123.44,1,0.124,0,1,0
TXN119786,8.92,10,7.01,37.43,0,0.332,0,1,0
TXN119787,30.57,16,3.63,206.2,0,0.187,0,0,0
TXN119788,178.06,17,7.51,200.32,0,0.331,0,1,0
TXN119789,32.84,20,0.88,25.14,0,0.338,0,0,0
TXN119790,69.2,10,9.0,24.89,0,0.421,0,1,0
TXN119791,237.16,17,7.05,125.78,1,0.473,0,0,0
TXN119792,26.42,10,1.55,0.47,0,0.05,0,1,0
TXN119793,36.08,8,6.86,41.86,0,0.467,0,1,0
TXN119794,55.07,4,4.69,21.74,1,0.412,0,1,0
TXN119795,60.31,7,2.74,6.36,0,0.271,0,1,0
TXN119796,89.78,20,13.07,44.99,0,0.38,0,1,0
TXN119797,190.76,9,1.42,83.09,0,0.554,0,0,0
TXN119798,101.28,9,4.37,37.08,0,0.602,0,1,0
TXN119799,105.42,9,13.22,127.41,0,0.542,0,1,0
TXN119800,44.47,18,1.8,167.61,1,0.106,0,1,0
TXN119801,25.2,16,1.61,173.63,0,0.374,0,0,0
TXN119802,80.1,20,4.48,11.7,0,0.155,0,1,0
TXN119803,142.58,3,3.3,88.72,0,0.168,0,1,0
TXN119804,133.07,17,7.58,42.57,0,0.165,0,1,0
TXN119805,40.89,16,7.08,38.01,0,0.375,0,1,0
TXN119806,74.74,20,2.75,64.33,0,0.297,0,0,0
TXN119807,106.04,10,10.39,57.66,0,0.166,0,1,0
TXN119808,51.56,12,10.86,107.86,0,0.417,0,1,0
TXN119809,71.13,18,9.66,647.08,1,0.399,0,1,0
TXN119810,130.1582801261839,7,61.56842483247124,224.76,0,0.7061896650891852,0,1,0
TXN119811,47.59,23,4.77,20.16,0,0.19,0,1,0
TXN119812,28.69,13,2.87,50.58,1,0.3,0,0,0
TXN119813,38.48,12,18.6,41.67,0,0.431,0,1,0
TXN119814,39.87,15,14.18,65.52,1,0.076,0,1,0
TXN119815,13.66,19,7.79,120.04,0,0.264,0,1,0
TXN119816,8.5,9,2.92,13.41,1,0.342,0,0,0
TXN119817,177.51,15,11.66,116.59,0,0.28,0,1,0
TXN119818,19.53,19,3.46,27.77,1,0.194,0,1,0
TXN119819,17.07,21,2.98,119.5,1,0.215,0,1,0
TXN119820,93.31,12,8.87,56.66,0,0.185,0,0,0
TXN119821,30.97,17,3.06,217.69,1,0.032,0,0,0
TXN119822,13.4,0,5.37,194.16,0,0.455,0,1,0
TXN119823,114.32,20,2.13,42.17,0,0.113,0,1,0
TXN119824,81.93,16,1.06,42.98,0,0.498,0,1,0
TXN119825,60.78,14,16.73,90.66,1,0.435,0,1,0
TXN119826,129.65,13,16.02,21.58,0,0.255,0,1,0
TXN119827,95.85,13,15.83,68.28,2,0.031,0,1,0
TXN119828,48.33,15,8.48,22.34,0,0.189,0,1,0
TXN119829,79.56,8,13.21,0.21,1,0.18,0,0,0
TXN119830,49.98,17,10.22,146.99,0,0.561,0,1,0
TXN119831,75.18,10,7.18,3.53,0,0.309,0,1,0
TXN119832,201.8,1,8.05,15.37,0,0.161,0,0,0
TXN119833,85.34,19,4.72,24.17,0,0.486,0,1,0
TXN119834,156.53,10,0.86,19.06,0,0.259,0,1,0
TXN119835,42.93,7,10.36,56.08,0,0.385,0,0,0
TXN119836,41.08,21,5.14,195.91,0,0.365,0,1,0
TXN119837,85.53,19,7.17,114.04,0,0.557,0,1,0
TXN119838,39.23,13,9.59,9.87,0,0.236,0,1,0
TXN119839,22.15,12,5.18,273.87,1,0.119,0,0,0
TXN119840,63.57,19,2.64,77.33,1,0.364,0,1,0
TXN119841,54.23,9,3.78,37.22,0,0.244,0,0,0
TXN119842,216.6,10,5.45,30.68,0,0.421,0,1,0
TXN119843,42.92,16,3.04,315.33,0,0.228,0,1,0
TXN119844,30.79,9,4.43,24.42,0,0.273,0,1,0
TXN119845,82.26,8,4.87,47.05,0,0.083,0,1,0
TXN119846,113.23,19,1.75,65.85,0,0.177,0,0,0
TXN119847,39.87,5,1.53,326.09,0,0.126,0,1,0
TXN119848,140.02207736595034,13,117.77114519787513,152.19,0,0.5540820117528928,0,1,0
TXN119849,21.32,21,8.02,967.56,1,0.477,0,1,0
TXN119850,130.15,17,3.66,31.13,1,0.364,0,1,0
TXN119851,70.99,10,2.7,154.97,0,0.154,0,1,0
TXN119852,92.91,1,1.15,14.52,0,0.246,0,1,0
TXN119853,53.11,9,9.14,965.28,0,0.187,0,1,0
TXN119854,44.6,9,1.14,9.55,0,0.339,0,0,0
TXN119855,78.35,16,0.74,170.06,0,0.154,0,0,0
TXN119856,35.37,18,8.47,121.72,0,0.141,0,1,0
TXN119857,56.22,14,2.17,6.32,0,0.59,0,1,0
TXN119858,23.74,18,1.86,126.24,1,0.421,0,0,0
TXN119859,118.63,10,0.24,56.39,0,0.432,0,0,0
TXN119860,18.61,19,5.25,216.6,0,0.397,0,1,0
TXN119861,130.29,13,9.46,249.41,0,0.182,0,1,0
TXN119862,88.29,20,1.5,156.33,1,0.249,0,1,0
TXN119863,63.96,19,3.14,493.97,0,0.416,0,1,0
TXN119864,137.02,23,7.02,39.26,1,0.122,0,1,0
TXN119865,39.07,1,9.27,376.93,1,0.289,0,1,0
TXN119866,79.63,9,4.28,63.16,1,0.407,0,1,0
TXN119867,37.72,18,2.84,21.14,0,0.169,0,1,0
TXN119868,90.91,18,2.36,146.44,0,0.127,0,1,0
TXN119869,36.45,17,0.41,6.46,0,0.399,0,1,0
TXN119870,63.85,0,11.67,48.45,0,0.39,0,1,0
TXN119871,30.51,12,3.5,128.43,1,0.04,0,1,0
TXN119872,113.3,10,569.54,3.71,3,0.883,0,1,1
TXN119873,202.00436818477095,12,29.220645521939343,69.89,1,0.6380370742394377,0,1,0
TXN119874,213.44,10,9.67,517.09,0,0.275,0,1,0
TXN119875,80.37,16,2.04,172.15,0,0.366,0,1,0
TXN119876,136.19,10,339.38,14.95,1,0.806,1,0,1
TXN119877,218.32,8,10.55,88.14,0,0.107,0,0,0
TXN119878,118.33,12,7.03,43.83,0,0.486,0,1,0
TXN119879,54.74,9,15.05,248.64,0,0.441,0,0,0
TXN119880,68.47,22,9.01,45.64,0,0.316,0,1,0
TXN119881,18.83,8,0.83,24.07,0,0.555,0,1,0
TXN119882,50.18,3,6.22,24.38,0,0.136,0,1,0
TXN119883,130.18,20,2.17,54.44,0,0.695,1,1,0
TXN119884,104.94,16,12.26,76.58,0,0.249,1,1,0
TXN119885,93.57,8,6.3,21.84,0,0.331,0,0,0
TXN119886,166.03,11,2.93,138.74,0,0.128,0,1,0
TXN119887,97.16,3,12.63,125.73,0,0.258,0,1,0
TXN119888,4.19,2,17.73,340.86,1,0.132,0,1,0
TXN119889,110.26,13,7.73,68.42,0,0.222,0,1,0
TXN119890,18.74,16,1.21,120.8,0,0.749,0,0,0
TXN119891,63.65,12,30.05,12.16,0,0.132,0,1,0
TXN119892,38.17,19,12.32,14.33,0,0.107,0,1,0
TXN119893,6.0,18,18.88,248.54,0,0.065,0,1,0
TXN119894,95.59,21,8.33,462.08,0,0.202,0,1,0
TXN119895,30.14,12,1.95,32.35,0,0.272,0,1,0
TXN119896,85.33,7,0.62,55.38,0,0.226,0,1,0
TXN119897,92.38,14,1.68,56.41,0,0.404,0,1,0
TXN119898,64.81,12,3.27,39.69,0,0.63,0,0,0
TXN119899,150.47,23,12.0,141.62,0,0.234,0,1,0
TXN119900,242.15,6,9.29,78.08,1,0.052,0,1,0
TXN119901,52.28,12,6.33,138.92,0,0.518,1,1,0
TXN119902,108.57,11,4.84,138.6,1,0.369,0,1,0
TXN119903,162.38,12,338.66,4.24,3,0.437,1,0,1
TXN119904,64.77,5,4.48,20.64,0,0.227,0,1,0
TXN119905,127.1,12,13.62,10.11,1,0.266,0,1,0
TXN119906,26.02,12,10.43,21.01,1,0.131,0,0,0
TXN119907,370.44,0,143.41,1.29,2,0.469,1,0,1
TXN119908,180.3,14,20.18,67.75,1,0.327,0,1,0
TXN119909,120.94,6,6.49,69.29,0,0.05,0,1,0
TXN119910,30.13,9,11.23,1.56,0,0.5,0,1,0
TXN119911,90.5,15,4.94,274.14,0,0.424,0,1,0
TXN119912,50.13,18,14.99,67.88,0,0.283,0,1,0
TXN119913,67.29,18,2.07,80.4,0,0.132,0,0,0
TXN119914,40.53,0,3.75,57.84,1,0.555,0,0,0
TXN119915,157.7,10,8.31,211.41,1,0.218,0,1,0
TXN119916,35.0,18,6.88,39.56,0,0.309,0,1,0
TXN119917,24.86,9,11.9,113.8,1,0.077,0,1,0
TXN119918,46.38,19,17.13,20.94,0,0.575,0,1,0
TXN119919,39.35,0,21.64,213.84,0,0.372,0,1,0
TXN119920,104.33088514734396,15,54.45138702684883,14.09,0,0.5727576835219824,0,1,0
TXN119921,38.39,14,8.43,67.4,0,0.557,0,0,0
TXN119922,142.88,9,6.39,27.74,0,0.139,0,1,0
TXN119923,30.8,8,2.72,57.3,0,0.241,0,1,0
TXN119924,22.12,8,7.61,133.58,0,0.159,0,0,0
TXN119925,39.84,4,12.48,31.25,0,0.299,1,1,0
TXN119926,156.03146659464883,8,27.50681496981626,178.38,1,0.7134237337388782,0,1,0
TXN119927,139.8,18,3.08,24.58,1,0.186,0,1,0
TXN119928,99.47,18,8.37,53.57,1,0.356,0,0,0
TXN119929,294.29161769628934,18,64.7557692347125,171.96,1,0.511788249578618,0,1,0
TXN119930,123.02,20,8.16,109.0,0,0.111,0,1,0
TXN119931,102.09,16,1.39,32.83,0,0.242,0,1,0
TXN119932,23.87,19,3.96,351.14,1,0.07,0,1,0
TXN119933,196.32,3,10.78,52.15,1,0.311,0,1,0
TXN119934,21.800739330890217,2,8.93780516122026,68.4,1,0.6847155817346178,0,1,0
TXN119935,24.18,6,28.01,74.83,0,0.247,0,0,0
TXN119936,150.4592992147797,17,13.331165008830812,237.55,0,0.513282897036319,0,1,0
TXN119937,131.94,2,2.19,55.68,0,0.42,0,1,0
TXN119938,99.55,8,9.11,108.16,0,0.26,0,0,0
TXN119939,28.33,15,11.19,112.94,0,0.237,0,1,0
TXN119940,149.98,16,8.92,14.8,0,0.481,0,1,0
TXN119941,38.32,9,8.92,22.3,0,0.556,0,1,0
TXN119942,169.42,2,5.22,162.15,0,0.334,0,1,0
TXN119943,23.09,17,6.85,123.72,2,0.052,0,1,0
TXN119944,136.34,18,15.17,98.21,0,0.391,1,0,0
TXN119945,38.04,12,5.65,40.22,0,0.274,0,1,0
TXN119946,40.13,2,4.55,102.01,0,0.094,0,1,0
TXN119947,551.96,10,140.41,1.1,4,0.768,1,0,1
TXN119948,86.11,10,14.51,45.67,1,0.161,0,1,0
TXN119949,56.56,12,6.62,227.55,0,0.035,0,1,0
TXN119950,134.04,20,5.95,184.91,1,0.072,0,1,0
TXN119951,33.83,19,0.23,85.92,0,0.227,0,1,0
TXN119952,120.06,8,15.06,264.43,1,0.222,0,1,0
TXN119953,30.4,10,21.18,142.57,1,0.163,0,1,0
TXN119954,23.7,5,8.07,486.56,0,0.281,0,1,0
TXN119955,79.36,17,3.53,40.44,0,0.262,0,1,0
TXN119956,74.19,19,2.23,51.52,1,0.25,1,1,0
TXN119957,78.53,9,11.65,133.32,0,0.186,0,1,0
TXN119958,167.66,7,5.55,26.79,0,0.098,0,0,0
TXN119959,52.13,16,4.98,45.64,0,0.336,0,1,0
TXN119960,39.0,14,10.08,180.72,0,0.297,0,1,0
TXN119961,36.2,14,3.76,145.79,0,0.033,0,1,0
TXN119962,242.83981586916903,2,98.6880791957667,13.14,1,0.6726660517911563,0,1,0
TXN119963,56.77,16,3.84,532.57,0,0.36,0,1,0
TXN119964,107.53,23,2.63,138.38,0,0.474,0,1,0
TXN119965,33.02,9,0.39,110.15,1,0.354,0,0,0
TXN119966,57.31,19,2.61,146.0,0,0.083,0,1,0
TXN119967,46.44,10,5.85,173.8,1,0.16,0,1,0
TXN119968,83.63,5,6.17,3.28,0,0.09,0,1,0
TXN119969,183.12,19,13.26,60.75,0,0.129,0,0,0
TXN119970,177.02,18,7.1,203.03,0,0.228,0,1,0
TXN119971,79.57,8,3.79,22.37,0,0.04,0,1,0
TXN119972,52.27,12,1.2,256.4,0,0.492,0,0,0
TXN119973,66.06,22,0.79,15.92,0,0.039,0,1,0
TXN119974,273.58,2,2.49,45.07,1,0.364,0,1,0
TXN119975,14.55,17,0.76,15.03,0,0.323,0,1,0
TXN119976,185.22,11,7.8,86.71,1,0.426,0,1,0
TXN119977,421.87,6,15.11,150.43,0,0.069,0,0,0
TXN119978,55.52,18,5.33,32.78,0,0.252,0,1,0
TXN119979,221.18,18,3.24,416.97,0,0.455,0,1,0
TXN119980,599.92,18,112.58,10.54,3,0.753,1,0,1
TXN119981,81.81,4,3.17,95.55,0,0.117,0,0,0
TXN119982,103.25,12,4.04,7.93,0,0.362,0,1,0
TXN119983,34.18,9,3.98,134.72,1,0.164,1,1,0
TXN119984,65.25,11,2.24,161.78,1,0.428,0,1,0
TXN119985,79.03,18,14.96,190.94,0,0.328,0,1,0
TXN119986,89.25,15,3.73,17.48,1,0.361,0,1,0
TXN119987,30.04,10,2.45,230.49,1,0.14,0,1,0
TXN119988,61.71,19,6.81,214.55,0,0.127,0,1,0
TXN119989,20.17,18,11.12,168.05,0,0.284,0,1,0
TXN119990,21.36,14,10.69,151.05,0,0.23,0,1,0
TXN119991,62.54,13,19.28,10.4,0,0.386,0,1,0
TXN119992,76.94,0,7.02,140.75,0,0.166,0,1,0
TXN119993,51.42,9,13.4,128.25,0,0.273,0,0,0
TXN119994,117.02,14,5.6,4.42,0,0.296,0,0,0
TXN119995,88.32,10,0.3,9.0,1,0.024,0,1,0
TXN119996,119.5,13,5.33,45.99,0,0.32,1,1,0
TXN119997,19.54,17,5.03,156.1,1,0.161,0,1,0
TXN119998,68.62,0,1.48,40.1,1,0.315,0,1,0
TXN119999,103.24,14,1.68,70.14,0,0.107,0,1,0
